ISO-10303-21;
HEADER;
/* Generated by software containing ST-Developer
 * from STEP Tools, Inc. (www.steptools.com) 
 */

FILE_DESCRIPTION(
/* description */ (''),
/* implementation_level */ '2;1');

FILE_NAME(
/* name */ 'P:\\E-Switch Secure\\3D_MODELS_STP_FORMAT\\EG1270.stp',
/* time_stamp */ '2023-03-31T11:15:06-05:00',
/* author */ ('mwilliams'),
/* organization */ (''),
/* preprocessor_version */ 'ST-DEVELOPER v18',
/* originating_system */ 'Autodesk Inventor 2020',
/* authorisation */ '');

FILE_SCHEMA (('AUTOMOTIVE_DESIGN { 1 0 10303 214 3 1 1 }'));
ENDSEC;

DATA;
#10=MECHANICAL_DESIGN_GEOMETRIC_PRESENTATION_REPRESENTATION('',(#68,#69,
#70,#71,#72,#73,#74,#75,#76,#77,#78,#79,#80,#81,#82,#83,#84,#85,#86,#87,
#88,#89,#90,#91,#92,#93,#94,#95,#96,#97,#98,#99,#100,#101,#102,#103,#104,
#105,#106,#107,#108,#109,#110,#111,#112,#113,#114,#115,#116,#117,#118,#119,
#120,#121,#122,#123,#124,#125,#126,#127,#128,#129,#130,#131,#132,#133,#134,
#135,#136,#137,#138,#139,#140,#141,#142,#143,#144,#145,#146,#147,#148,#149,
#150,#151,#152,#153,#154,#155,#156,#157,#158,#159,#160,#161,#162,#163,#164,
#165,#166,#167,#168,#169,#170,#171,#172,#173,#174,#175,#176,#177,#178,#179,
#180,#181,#182,#183,#184,#185,#186,#187,#188,#189,#190,#191,#192,#193,#194,
#195,#196,#197,#198,#199,#200),#6561);
#11=SHAPE_REPRESENTATION_RELATIONSHIP('SRR','None',#6568,#12);
#12=ADVANCED_BREP_SHAPE_REPRESENTATION('',(#13),#6560);
#13=MANIFOLD_SOLID_BREP('Solid1',#4159);
#14=ELLIPSE('',#4287,0.141421356237309,0.1);
#15=ELLIPSE('',#4289,0.14142135623731,0.1);
#16=FACE_BOUND('',#452,.T.);
#17=FACE_BOUND('',#548,.T.);
#18=FACE_BOUND('',#549,.T.);
#19=FACE_BOUND('',#550,.T.);
#20=FACE_BOUND('',#587,.T.);
#21=CYLINDRICAL_SURFACE('',#4190,0.9);
#22=CYLINDRICAL_SURFACE('',#4193,0.9);
#23=CYLINDRICAL_SURFACE('',#4200,0.2);
#24=CYLINDRICAL_SURFACE('',#4204,0.2);
#25=CYLINDRICAL_SURFACE('',#4207,0.2);
#26=CYLINDRICAL_SURFACE('',#4211,0.2);
#27=CYLINDRICAL_SURFACE('',#4215,0.2);
#28=CYLINDRICAL_SURFACE('',#4219,0.2);
#29=CYLINDRICAL_SURFACE('',#4223,0.2);
#30=CYLINDRICAL_SURFACE('',#4227,0.2);
#31=CYLINDRICAL_SURFACE('',#4255,0.2001);
#32=CYLINDRICAL_SURFACE('',#4256,0.0001);
#33=CYLINDRICAL_SURFACE('',#4263,0.0001);
#34=CYLINDRICAL_SURFACE('',#4264,0.2001);
#35=CYLINDRICAL_SURFACE('',#4286,0.1);
#36=CYLINDRICAL_SURFACE('',#4288,0.1);
#37=CYLINDRICAL_SURFACE('',#4290,0.1);
#38=CIRCLE('',#4188,0.1);
#39=CIRCLE('',#4189,0.1);
#40=CIRCLE('',#4191,0.9);
#41=CIRCLE('',#4192,0.9);
#42=CIRCLE('',#4194,0.9);
#43=CIRCLE('',#4195,0.9);
#44=CIRCLE('',#4201,0.2);
#45=CIRCLE('',#4202,0.2);
#46=CIRCLE('',#4205,0.2);
#47=CIRCLE('',#4206,0.2);
#48=CIRCLE('',#4208,0.2);
#49=CIRCLE('',#4209,0.2);
#50=CIRCLE('',#4212,0.2);
#51=CIRCLE('',#4213,0.2);
#52=CIRCLE('',#4216,0.2);
#53=CIRCLE('',#4217,0.2);
#54=CIRCLE('',#4220,0.2);
#55=CIRCLE('',#4221,0.2);
#56=CIRCLE('',#4224,0.2);
#57=CIRCLE('',#4225,0.2);
#58=CIRCLE('',#4228,0.2);
#59=CIRCLE('',#4229,0.2);
#60=CIRCLE('',#4233,0.2001);
#61=CIRCLE('',#4234,0.0001);
#62=CIRCLE('',#4237,0.2001);
#63=CIRCLE('',#4238,0.0001);
#64=CIRCLE('',#4242,0.2001);
#65=CIRCLE('',#4243,0.0001);
#66=CIRCLE('',#4249,0.2001);
#67=CIRCLE('',#4250,0.0001);
#68=STYLED_ITEM('',(#6578),#3963);
#69=STYLED_ITEM('',(#6578),#3965);
#70=STYLED_ITEM('',(#6578),#3966);
#71=STYLED_ITEM('',(#6578),#4022);
#72=STYLED_ITEM('',(#6578),#4023);
#73=STYLED_ITEM('',(#6578),#4024);
#74=STYLED_ITEM('',(#6579),#4025);
#75=STYLED_ITEM('',(#6579),#4027);
#76=STYLED_ITEM('',(#6579),#4028);
#77=STYLED_ITEM('',(#6579),#4029);
#78=STYLED_ITEM('',(#6579),#4030);
#79=STYLED_ITEM('',(#6579),#4031);
#80=STYLED_ITEM('',(#6579),#4032);
#81=STYLED_ITEM('',(#6579),#4033);
#82=STYLED_ITEM('',(#6579),#4034);
#83=STYLED_ITEM('',(#6579),#4035);
#84=STYLED_ITEM('',(#6579),#4036);
#85=STYLED_ITEM('',(#6579),#4037);
#86=STYLED_ITEM('',(#6579),#4038);
#87=STYLED_ITEM('',(#6578),#4046);
#88=STYLED_ITEM('',(#6578),#4047);
#89=STYLED_ITEM('',(#6578),#4048);
#90=STYLED_ITEM('',(#6578),#4049);
#91=STYLED_ITEM('',(#6578),#4050);
#92=STYLED_ITEM('',(#6578),#4051);
#93=STYLED_ITEM('',(#6578),#4052);
#94=STYLED_ITEM('',(#6578),#4053);
#95=STYLED_ITEM('',(#6578),#4054);
#96=STYLED_ITEM('',(#6578),#4055);
#97=STYLED_ITEM('',(#6578),#4056);
#98=STYLED_ITEM('',(#6578),#4057);
#99=STYLED_ITEM('',(#6578),#4058);
#100=STYLED_ITEM('',(#6578),#4059);
#101=STYLED_ITEM('',(#6578),#4060);
#102=STYLED_ITEM('',(#6578),#4061);
#103=STYLED_ITEM('',(#6578),#4062);
#104=STYLED_ITEM('',(#6578),#4063);
#105=STYLED_ITEM('',(#6578),#4064);
#106=STYLED_ITEM('',(#6578),#4065);
#107=STYLED_ITEM('',(#6578),#4066);
#108=STYLED_ITEM('',(#6578),#4067);
#109=STYLED_ITEM('',(#6578),#4068);
#110=STYLED_ITEM('',(#6578),#4069);
#111=STYLED_ITEM('',(#6578),#4070);
#112=STYLED_ITEM('',(#6578),#4071);
#113=STYLED_ITEM('',(#6578),#4072);
#114=STYLED_ITEM('',(#6578),#4073);
#115=STYLED_ITEM('',(#6578),#4074);
#116=STYLED_ITEM('',(#6578),#4075);
#117=STYLED_ITEM('',(#6578),#4076);
#118=STYLED_ITEM('',(#6578),#4077);
#119=STYLED_ITEM('',(#6578),#4078);
#120=STYLED_ITEM('',(#6578),#4079);
#121=STYLED_ITEM('',(#6578),#4080);
#122=STYLED_ITEM('',(#6578),#4081);
#123=STYLED_ITEM('',(#6578),#4082);
#124=STYLED_ITEM('',(#6578),#4083);
#125=STYLED_ITEM('',(#6578),#4084);
#126=STYLED_ITEM('',(#6578),#4085);
#127=STYLED_ITEM('',(#6578),#4086);
#128=STYLED_ITEM('',(#6578),#4087);
#129=STYLED_ITEM('',(#6578),#4088);
#130=STYLED_ITEM('',(#6578),#4089);
#131=STYLED_ITEM('',(#6578),#4090);
#132=STYLED_ITEM('',(#6578),#4091);
#133=STYLED_ITEM('',(#6578),#4092);
#134=STYLED_ITEM('',(#6578),#4093);
#135=STYLED_ITEM('',(#6578),#4094);
#136=STYLED_ITEM('',(#6578),#4095);
#137=STYLED_ITEM('',(#6578),#4096);
#138=STYLED_ITEM('',(#6578),#4097);
#139=STYLED_ITEM('',(#6578),#4098);
#140=STYLED_ITEM('',(#6578),#4099);
#141=STYLED_ITEM('',(#6578),#4100);
#142=STYLED_ITEM('',(#6578),#4101);
#143=STYLED_ITEM('',(#6578),#4102);
#144=STYLED_ITEM('',(#6578),#4103);
#145=STYLED_ITEM('',(#6578),#4104);
#146=STYLED_ITEM('',(#6578),#4105);
#147=STYLED_ITEM('',(#6578),#4106);
#148=STYLED_ITEM('',(#6578),#4107);
#149=STYLED_ITEM('',(#6578),#4108);
#150=STYLED_ITEM('',(#6578),#4109);
#151=STYLED_ITEM('',(#6578),#4110);
#152=STYLED_ITEM('',(#6578),#4111);
#153=STYLED_ITEM('',(#6578),#4112);
#154=STYLED_ITEM('',(#6580),#4113);
#155=STYLED_ITEM('',(#6580),#4114);
#156=STYLED_ITEM('',(#6580),#4115);
#157=STYLED_ITEM('',(#6580),#4116);
#158=STYLED_ITEM('',(#6581),#4117);
#159=STYLED_ITEM('',(#6580),#4118);
#160=STYLED_ITEM('',(#6580),#4119);
#161=STYLED_ITEM('',(#6580),#4120);
#162=STYLED_ITEM('',(#6580),#4121);
#163=STYLED_ITEM('',(#6580),#4122);
#164=STYLED_ITEM('',(#6580),#4123);
#165=STYLED_ITEM('',(#6580),#4124);
#166=STYLED_ITEM('',(#6580),#4125);
#167=STYLED_ITEM('',(#6580),#4126);
#168=STYLED_ITEM('',(#6580),#4127);
#169=STYLED_ITEM('',(#6580),#4128);
#170=STYLED_ITEM('',(#6580),#4129);
#171=STYLED_ITEM('',(#6580),#4130);
#172=STYLED_ITEM('',(#6580),#4131);
#173=STYLED_ITEM('',(#6580),#4132);
#174=STYLED_ITEM('',(#6580),#4133);
#175=STYLED_ITEM('',(#6580),#4134);
#176=STYLED_ITEM('',(#6581),#4135);
#177=STYLED_ITEM('',(#6580),#4136);
#178=STYLED_ITEM('',(#6580),#4137);
#179=STYLED_ITEM('',(#6580),#4138);
#180=STYLED_ITEM('',(#6580),#4139);
#181=STYLED_ITEM('',(#6580),#4140);
#182=STYLED_ITEM('',(#6580),#4141);
#183=STYLED_ITEM('',(#6580),#4142);
#184=STYLED_ITEM('',(#6580),#4143);
#185=STYLED_ITEM('',(#6580),#4144);
#186=STYLED_ITEM('',(#6580),#4145);
#187=STYLED_ITEM('',(#6580),#4146);
#188=STYLED_ITEM('',(#6580),#4147);
#189=STYLED_ITEM('',(#6580),#4148);
#190=STYLED_ITEM('',(#6580),#4149);
#191=STYLED_ITEM('',(#6581),#4150);
#192=STYLED_ITEM('',(#6580),#4151);
#193=STYLED_ITEM('',(#6580),#4152);
#194=STYLED_ITEM('',(#6580),#4153);
#195=STYLED_ITEM('',(#6580),#4154);
#196=STYLED_ITEM('',(#6580),#4155);
#197=STYLED_ITEM('',(#6580),#4156);
#198=STYLED_ITEM('',(#6580),#4157);
#199=STYLED_ITEM('',(#6580),#4158);
#200=STYLED_ITEM('',(#6577),#13);
#201=FACE_OUTER_BOUND('',#398,.T.);
#202=FACE_OUTER_BOUND('',#399,.T.);
#203=FACE_OUTER_BOUND('',#400,.T.);
#204=FACE_OUTER_BOUND('',#401,.T.);
#205=FACE_OUTER_BOUND('',#402,.T.);
#206=FACE_OUTER_BOUND('',#403,.T.);
#207=FACE_OUTER_BOUND('',#404,.T.);
#208=FACE_OUTER_BOUND('',#405,.T.);
#209=FACE_OUTER_BOUND('',#406,.T.);
#210=FACE_OUTER_BOUND('',#407,.T.);
#211=FACE_OUTER_BOUND('',#408,.T.);
#212=FACE_OUTER_BOUND('',#409,.T.);
#213=FACE_OUTER_BOUND('',#410,.T.);
#214=FACE_OUTER_BOUND('',#411,.T.);
#215=FACE_OUTER_BOUND('',#412,.T.);
#216=FACE_OUTER_BOUND('',#413,.T.);
#217=FACE_OUTER_BOUND('',#414,.T.);
#218=FACE_OUTER_BOUND('',#415,.T.);
#219=FACE_OUTER_BOUND('',#416,.T.);
#220=FACE_OUTER_BOUND('',#417,.T.);
#221=FACE_OUTER_BOUND('',#418,.T.);
#222=FACE_OUTER_BOUND('',#419,.T.);
#223=FACE_OUTER_BOUND('',#420,.T.);
#224=FACE_OUTER_BOUND('',#421,.T.);
#225=FACE_OUTER_BOUND('',#422,.T.);
#226=FACE_OUTER_BOUND('',#423,.T.);
#227=FACE_OUTER_BOUND('',#424,.T.);
#228=FACE_OUTER_BOUND('',#425,.T.);
#229=FACE_OUTER_BOUND('',#426,.T.);
#230=FACE_OUTER_BOUND('',#427,.T.);
#231=FACE_OUTER_BOUND('',#428,.T.);
#232=FACE_OUTER_BOUND('',#429,.T.);
#233=FACE_OUTER_BOUND('',#430,.T.);
#234=FACE_OUTER_BOUND('',#431,.T.);
#235=FACE_OUTER_BOUND('',#432,.T.);
#236=FACE_OUTER_BOUND('',#433,.T.);
#237=FACE_OUTER_BOUND('',#434,.T.);
#238=FACE_OUTER_BOUND('',#435,.T.);
#239=FACE_OUTER_BOUND('',#436,.T.);
#240=FACE_OUTER_BOUND('',#437,.T.);
#241=FACE_OUTER_BOUND('',#438,.T.);
#242=FACE_OUTER_BOUND('',#439,.T.);
#243=FACE_OUTER_BOUND('',#440,.T.);
#244=FACE_OUTER_BOUND('',#441,.T.);
#245=FACE_OUTER_BOUND('',#442,.T.);
#246=FACE_OUTER_BOUND('',#443,.T.);
#247=FACE_OUTER_BOUND('',#444,.T.);
#248=FACE_OUTER_BOUND('',#445,.T.);
#249=FACE_OUTER_BOUND('',#446,.T.);
#250=FACE_OUTER_BOUND('',#447,.T.);
#251=FACE_OUTER_BOUND('',#448,.T.);
#252=FACE_OUTER_BOUND('',#449,.T.);
#253=FACE_OUTER_BOUND('',#450,.T.);
#254=FACE_OUTER_BOUND('',#451,.T.);
#255=FACE_OUTER_BOUND('',#453,.T.);
#256=FACE_OUTER_BOUND('',#454,.T.);
#257=FACE_OUTER_BOUND('',#455,.T.);
#258=FACE_OUTER_BOUND('',#456,.T.);
#259=FACE_OUTER_BOUND('',#457,.T.);
#260=FACE_OUTER_BOUND('',#458,.T.);
#261=FACE_OUTER_BOUND('',#459,.T.);
#262=FACE_OUTER_BOUND('',#460,.T.);
#263=FACE_OUTER_BOUND('',#461,.T.);
#264=FACE_OUTER_BOUND('',#462,.T.);
#265=FACE_OUTER_BOUND('',#463,.T.);
#266=FACE_OUTER_BOUND('',#464,.T.);
#267=FACE_OUTER_BOUND('',#465,.T.);
#268=FACE_OUTER_BOUND('',#466,.T.);
#269=FACE_OUTER_BOUND('',#467,.T.);
#270=FACE_OUTER_BOUND('',#468,.T.);
#271=FACE_OUTER_BOUND('',#469,.T.);
#272=FACE_OUTER_BOUND('',#470,.T.);
#273=FACE_OUTER_BOUND('',#471,.T.);
#274=FACE_OUTER_BOUND('',#472,.T.);
#275=FACE_OUTER_BOUND('',#473,.T.);
#276=FACE_OUTER_BOUND('',#474,.T.);
#277=FACE_OUTER_BOUND('',#475,.T.);
#278=FACE_OUTER_BOUND('',#476,.T.);
#279=FACE_OUTER_BOUND('',#477,.T.);
#280=FACE_OUTER_BOUND('',#478,.T.);
#281=FACE_OUTER_BOUND('',#479,.T.);
#282=FACE_OUTER_BOUND('',#480,.T.);
#283=FACE_OUTER_BOUND('',#481,.T.);
#284=FACE_OUTER_BOUND('',#482,.T.);
#285=FACE_OUTER_BOUND('',#483,.T.);
#286=FACE_OUTER_BOUND('',#484,.T.);
#287=FACE_OUTER_BOUND('',#485,.T.);
#288=FACE_OUTER_BOUND('',#486,.T.);
#289=FACE_OUTER_BOUND('',#487,.T.);
#290=FACE_OUTER_BOUND('',#488,.T.);
#291=FACE_OUTER_BOUND('',#489,.T.);
#292=FACE_OUTER_BOUND('',#490,.T.);
#293=FACE_OUTER_BOUND('',#491,.T.);
#294=FACE_OUTER_BOUND('',#492,.T.);
#295=FACE_OUTER_BOUND('',#493,.T.);
#296=FACE_OUTER_BOUND('',#494,.T.);
#297=FACE_OUTER_BOUND('',#495,.T.);
#298=FACE_OUTER_BOUND('',#496,.T.);
#299=FACE_OUTER_BOUND('',#497,.T.);
#300=FACE_OUTER_BOUND('',#498,.T.);
#301=FACE_OUTER_BOUND('',#499,.T.);
#302=FACE_OUTER_BOUND('',#500,.T.);
#303=FACE_OUTER_BOUND('',#501,.T.);
#304=FACE_OUTER_BOUND('',#502,.T.);
#305=FACE_OUTER_BOUND('',#503,.T.);
#306=FACE_OUTER_BOUND('',#504,.T.);
#307=FACE_OUTER_BOUND('',#505,.T.);
#308=FACE_OUTER_BOUND('',#506,.T.);
#309=FACE_OUTER_BOUND('',#507,.T.);
#310=FACE_OUTER_BOUND('',#508,.T.);
#311=FACE_OUTER_BOUND('',#509,.T.);
#312=FACE_OUTER_BOUND('',#510,.T.);
#313=FACE_OUTER_BOUND('',#511,.T.);
#314=FACE_OUTER_BOUND('',#512,.T.);
#315=FACE_OUTER_BOUND('',#513,.T.);
#316=FACE_OUTER_BOUND('',#514,.T.);
#317=FACE_OUTER_BOUND('',#515,.T.);
#318=FACE_OUTER_BOUND('',#516,.T.);
#319=FACE_OUTER_BOUND('',#517,.T.);
#320=FACE_OUTER_BOUND('',#518,.T.);
#321=FACE_OUTER_BOUND('',#519,.T.);
#322=FACE_OUTER_BOUND('',#520,.T.);
#323=FACE_OUTER_BOUND('',#521,.T.);
#324=FACE_OUTER_BOUND('',#522,.T.);
#325=FACE_OUTER_BOUND('',#523,.T.);
#326=FACE_OUTER_BOUND('',#524,.T.);
#327=FACE_OUTER_BOUND('',#525,.T.);
#328=FACE_OUTER_BOUND('',#526,.T.);
#329=FACE_OUTER_BOUND('',#527,.T.);
#330=FACE_OUTER_BOUND('',#528,.T.);
#331=FACE_OUTER_BOUND('',#529,.T.);
#332=FACE_OUTER_BOUND('',#530,.T.);
#333=FACE_OUTER_BOUND('',#531,.T.);
#334=FACE_OUTER_BOUND('',#532,.T.);
#335=FACE_OUTER_BOUND('',#533,.T.);
#336=FACE_OUTER_BOUND('',#534,.T.);
#337=FACE_OUTER_BOUND('',#535,.T.);
#338=FACE_OUTER_BOUND('',#536,.T.);
#339=FACE_OUTER_BOUND('',#537,.T.);
#340=FACE_OUTER_BOUND('',#538,.T.);
#341=FACE_OUTER_BOUND('',#539,.T.);
#342=FACE_OUTER_BOUND('',#540,.T.);
#343=FACE_OUTER_BOUND('',#541,.T.);
#344=FACE_OUTER_BOUND('',#542,.T.);
#345=FACE_OUTER_BOUND('',#543,.T.);
#346=FACE_OUTER_BOUND('',#544,.T.);
#347=FACE_OUTER_BOUND('',#545,.T.);
#348=FACE_OUTER_BOUND('',#546,.T.);
#349=FACE_OUTER_BOUND('',#547,.T.);
#350=FACE_OUTER_BOUND('',#551,.T.);
#351=FACE_OUTER_BOUND('',#552,.T.);
#352=FACE_OUTER_BOUND('',#553,.T.);
#353=FACE_OUTER_BOUND('',#554,.T.);
#354=FACE_OUTER_BOUND('',#555,.T.);
#355=FACE_OUTER_BOUND('',#556,.T.);
#356=FACE_OUTER_BOUND('',#557,.T.);
#357=FACE_OUTER_BOUND('',#558,.T.);
#358=FACE_OUTER_BOUND('',#559,.T.);
#359=FACE_OUTER_BOUND('',#560,.T.);
#360=FACE_OUTER_BOUND('',#561,.T.);
#361=FACE_OUTER_BOUND('',#562,.T.);
#362=FACE_OUTER_BOUND('',#563,.T.);
#363=FACE_OUTER_BOUND('',#564,.T.);
#364=FACE_OUTER_BOUND('',#565,.T.);
#365=FACE_OUTER_BOUND('',#566,.T.);
#366=FACE_OUTER_BOUND('',#567,.T.);
#367=FACE_OUTER_BOUND('',#568,.T.);
#368=FACE_OUTER_BOUND('',#569,.T.);
#369=FACE_OUTER_BOUND('',#570,.T.);
#370=FACE_OUTER_BOUND('',#571,.T.);
#371=FACE_OUTER_BOUND('',#572,.T.);
#372=FACE_OUTER_BOUND('',#573,.T.);
#373=FACE_OUTER_BOUND('',#574,.T.);
#374=FACE_OUTER_BOUND('',#575,.T.);
#375=FACE_OUTER_BOUND('',#576,.T.);
#376=FACE_OUTER_BOUND('',#577,.T.);
#377=FACE_OUTER_BOUND('',#578,.T.);
#378=FACE_OUTER_BOUND('',#579,.T.);
#379=FACE_OUTER_BOUND('',#580,.T.);
#380=FACE_OUTER_BOUND('',#581,.T.);
#381=FACE_OUTER_BOUND('',#582,.T.);
#382=FACE_OUTER_BOUND('',#583,.T.);
#383=FACE_OUTER_BOUND('',#584,.T.);
#384=FACE_OUTER_BOUND('',#585,.T.);
#385=FACE_OUTER_BOUND('',#586,.T.);
#386=FACE_OUTER_BOUND('',#588,.T.);
#387=FACE_OUTER_BOUND('',#589,.T.);
#388=FACE_OUTER_BOUND('',#590,.T.);
#389=FACE_OUTER_BOUND('',#591,.T.);
#390=FACE_OUTER_BOUND('',#592,.T.);
#391=FACE_OUTER_BOUND('',#593,.T.);
#392=FACE_OUTER_BOUND('',#594,.T.);
#393=FACE_OUTER_BOUND('',#595,.T.);
#394=FACE_OUTER_BOUND('',#596,.T.);
#395=FACE_OUTER_BOUND('',#597,.T.);
#396=FACE_OUTER_BOUND('',#598,.T.);
#397=FACE_OUTER_BOUND('',#599,.T.);
#398=EDGE_LOOP('',(#2634,#2635,#2636,#2637));
#399=EDGE_LOOP('',(#2638,#2639,#2640,#2641,#2642,#2643));
#400=EDGE_LOOP('',(#2644,#2645,#2646,#2647,#2648,#2649,#2650,#2651));
#401=EDGE_LOOP('',(#2652,#2653,#2654,#2655,#2656,#2657));
#402=EDGE_LOOP('',(#2658,#2659,#2660,#2661,#2662,#2663));
#403=EDGE_LOOP('',(#2664,#2665,#2666,#2667));
#404=EDGE_LOOP('',(#2668,#2669,#2670,#2671));
#405=EDGE_LOOP('',(#2672,#2673,#2674,#2675));
#406=EDGE_LOOP('',(#2676,#2677,#2678,#2679,#2680,#2681,#2682,#2683,#2684,
#2685,#2686,#2687,#2688,#2689));
#407=EDGE_LOOP('',(#2690,#2691,#2692,#2693));
#408=EDGE_LOOP('',(#2694,#2695,#2696,#2697));
#409=EDGE_LOOP('',(#2698,#2699,#2700,#2701,#2702,#2703,#2704,#2705,#2706,
#2707,#2708,#2709));
#410=EDGE_LOOP('',(#2710,#2711,#2712,#2713));
#411=EDGE_LOOP('',(#2714,#2715,#2716,#2717,#2718,#2719,#2720,#2721,#2722,
#2723,#2724,#2725));
#412=EDGE_LOOP('',(#2726,#2727,#2728,#2729));
#413=EDGE_LOOP('',(#2730,#2731,#2732,#2733));
#414=EDGE_LOOP('',(#2734,#2735,#2736,#2737));
#415=EDGE_LOOP('',(#2738,#2739,#2740,#2741));
#416=EDGE_LOOP('',(#2742,#2743,#2744,#2745));
#417=EDGE_LOOP('',(#2746,#2747,#2748,#2749));
#418=EDGE_LOOP('',(#2750,#2751,#2752,#2753));
#419=EDGE_LOOP('',(#2754,#2755,#2756,#2757));
#420=EDGE_LOOP('',(#2758,#2759,#2760,#2761));
#421=EDGE_LOOP('',(#2762,#2763,#2764,#2765));
#422=EDGE_LOOP('',(#2766,#2767,#2768,#2769));
#423=EDGE_LOOP('',(#2770,#2771,#2772,#2773));
#424=EDGE_LOOP('',(#2774,#2775,#2776,#2777));
#425=EDGE_LOOP('',(#2778,#2779,#2780,#2781));
#426=EDGE_LOOP('',(#2782,#2783,#2784,#2785));
#427=EDGE_LOOP('',(#2786,#2787,#2788,#2789));
#428=EDGE_LOOP('',(#2790,#2791,#2792,#2793));
#429=EDGE_LOOP('',(#2794,#2795,#2796,#2797,#2798,#2799,#2800,#2801,#2802));
#430=EDGE_LOOP('',(#2803,#2804,#2805,#2806));
#431=EDGE_LOOP('',(#2807,#2808,#2809,#2810,#2811,#2812,#2813,#2814,#2815));
#432=EDGE_LOOP('',(#2816,#2817,#2818,#2819));
#433=EDGE_LOOP('',(#2820,#2821,#2822,#2823));
#434=EDGE_LOOP('',(#2824,#2825,#2826,#2827,#2828,#2829,#2830,#2831,#2832));
#435=EDGE_LOOP('',(#2833,#2834,#2835,#2836));
#436=EDGE_LOOP('',(#2837,#2838,#2839,#2840));
#437=EDGE_LOOP('',(#2841,#2842,#2843,#2844));
#438=EDGE_LOOP('',(#2845,#2846,#2847,#2848));
#439=EDGE_LOOP('',(#2849,#2850,#2851,#2852,#2853,#2854,#2855,#2856,#2857));
#440=EDGE_LOOP('',(#2858,#2859,#2860,#2861));
#441=EDGE_LOOP('',(#2862,#2863,#2864,#2865));
#442=EDGE_LOOP('',(#2866,#2867,#2868,#2869));
#443=EDGE_LOOP('',(#2870,#2871,#2872,#2873,#2874,#2875,#2876,#2877,#2878,
#2879,#2880,#2881));
#444=EDGE_LOOP('',(#2882,#2883,#2884,#2885));
#445=EDGE_LOOP('',(#2886,#2887,#2888,#2889));
#446=EDGE_LOOP('',(#2890,#2891,#2892,#2893));
#447=EDGE_LOOP('',(#2894,#2895,#2896,#2897));
#448=EDGE_LOOP('',(#2898,#2899,#2900,#2901));
#449=EDGE_LOOP('',(#2902,#2903,#2904,#2905));
#450=EDGE_LOOP('',(#2906,#2907,#2908,#2909));
#451=EDGE_LOOP('',(#2910,#2911,#2912,#2913,#2914,#2915,#2916,#2917,#2918,
#2919,#2920,#2921,#2922,#2923,#2924,#2925,#2926,#2927,#2928,#2929,#2930,
#2931,#2932,#2933,#2934,#2935,#2936,#2937));
#452=EDGE_LOOP('',(#2938,#2939,#2940,#2941,#2942,#2943));
#453=EDGE_LOOP('',(#2944,#2945,#2946,#2947));
#454=EDGE_LOOP('',(#2948,#2949,#2950,#2951));
#455=EDGE_LOOP('',(#2952,#2953,#2954,#2955));
#456=EDGE_LOOP('',(#2956,#2957,#2958,#2959,#2960,#2961,#2962,#2963,#2964,
#2965,#2966,#2967));
#457=EDGE_LOOP('',(#2968,#2969,#2970,#2971));
#458=EDGE_LOOP('',(#2972,#2973,#2974,#2975));
#459=EDGE_LOOP('',(#2976,#2977,#2978,#2979,#2980,#2981,#2982,#2983));
#460=EDGE_LOOP('',(#2984,#2985,#2986,#2987,#2988,#2989,#2990,#2991));
#461=EDGE_LOOP('',(#2992,#2993,#2994,#2995,#2996,#2997,#2998,#2999,#3000,
#3001,#3002,#3003,#3004,#3005,#3006,#3007,#3008,#3009,#3010,#3011));
#462=EDGE_LOOP('',(#3012,#3013,#3014,#3015,#3016,#3017,#3018,#3019));
#463=EDGE_LOOP('',(#3020,#3021,#3022,#3023,#3024,#3025,#3026,#3027));
#464=EDGE_LOOP('',(#3028,#3029,#3030,#3031));
#465=EDGE_LOOP('',(#3032,#3033,#3034,#3035));
#466=EDGE_LOOP('',(#3036,#3037,#3038,#3039));
#467=EDGE_LOOP('',(#3040,#3041,#3042,#3043));
#468=EDGE_LOOP('',(#3044,#3045,#3046,#3047));
#469=EDGE_LOOP('',(#3048,#3049,#3050,#3051));
#470=EDGE_LOOP('',(#3052,#3053,#3054,#3055));
#471=EDGE_LOOP('',(#3056,#3057,#3058,#3059));
#472=EDGE_LOOP('',(#3060,#3061,#3062,#3063));
#473=EDGE_LOOP('',(#3064,#3065,#3066,#3067,#3068,#3069,#3070,#3071,#3072,
#3073,#3074,#3075));
#474=EDGE_LOOP('',(#3076,#3077,#3078,#3079));
#475=EDGE_LOOP('',(#3080,#3081,#3082,#3083,#3084,#3085,#3086,#3087,#3088,
#3089,#3090,#3091));
#476=EDGE_LOOP('',(#3092,#3093,#3094,#3095));
#477=EDGE_LOOP('',(#3096,#3097,#3098,#3099));
#478=EDGE_LOOP('',(#3100,#3101,#3102,#3103));
#479=EDGE_LOOP('',(#3104,#3105,#3106,#3107));
#480=EDGE_LOOP('',(#3108,#3109,#3110,#3111));
#481=EDGE_LOOP('',(#3112,#3113,#3114,#3115));
#482=EDGE_LOOP('',(#3116,#3117,#3118,#3119));
#483=EDGE_LOOP('',(#3120,#3121,#3122,#3123));
#484=EDGE_LOOP('',(#3124,#3125,#3126,#3127,#3128,#3129,#3130,#3131,#3132,
#3133,#3134,#3135,#3136,#3137,#3138,#3139,#3140,#3141,#3142,#3143,#3144,
#3145,#3146,#3147,#3148,#3149));
#485=EDGE_LOOP('',(#3150,#3151,#3152,#3153));
#486=EDGE_LOOP('',(#3154,#3155,#3156,#3157));
#487=EDGE_LOOP('',(#3158,#3159,#3160,#3161));
#488=EDGE_LOOP('',(#3162,#3163,#3164,#3165));
#489=EDGE_LOOP('',(#3166,#3167,#3168,#3169));
#490=EDGE_LOOP('',(#3170,#3171,#3172,#3173));
#491=EDGE_LOOP('',(#3174,#3175,#3176,#3177));
#492=EDGE_LOOP('',(#3178,#3179,#3180,#3181));
#493=EDGE_LOOP('',(#3182,#3183,#3184,#3185));
#494=EDGE_LOOP('',(#3186,#3187,#3188,#3189));
#495=EDGE_LOOP('',(#3190,#3191,#3192,#3193));
#496=EDGE_LOOP('',(#3194,#3195,#3196,#3197));
#497=EDGE_LOOP('',(#3198,#3199,#3200,#3201,#3202,#3203));
#498=EDGE_LOOP('',(#3204,#3205,#3206,#3207,#3208,#3209,#3210,#3211,#3212,
#3213,#3214,#3215,#3216,#3217,#3218,#3219,#3220,#3221,#3222,#3223));
#499=EDGE_LOOP('',(#3224,#3225,#3226,#3227));
#500=EDGE_LOOP('',(#3228,#3229,#3230,#3231));
#501=EDGE_LOOP('',(#3232,#3233,#3234,#3235));
#502=EDGE_LOOP('',(#3236,#3237,#3238,#3239));
#503=EDGE_LOOP('',(#3240,#3241,#3242,#3243));
#504=EDGE_LOOP('',(#3244,#3245,#3246,#3247));
#505=EDGE_LOOP('',(#3248,#3249,#3250,#3251));
#506=EDGE_LOOP('',(#3252,#3253,#3254,#3255,#3256,#3257));
#507=EDGE_LOOP('',(#3258,#3259,#3260,#3261,#3262,#3263));
#508=EDGE_LOOP('',(#3264,#3265,#3266,#3267));
#509=EDGE_LOOP('',(#3268,#3269,#3270,#3271,#3272,#3273,#3274,#3275));
#510=EDGE_LOOP('',(#3276,#3277,#3278,#3279,#3280));
#511=EDGE_LOOP('',(#3281,#3282,#3283,#3284));
#512=EDGE_LOOP('',(#3285,#3286,#3287,#3288));
#513=EDGE_LOOP('',(#3289,#3290,#3291,#3292,#3293,#3294));
#514=EDGE_LOOP('',(#3295,#3296,#3297,#3298,#3299,#3300));
#515=EDGE_LOOP('',(#3301,#3302,#3303,#3304));
#516=EDGE_LOOP('',(#3305,#3306,#3307,#3308,#3309));
#517=EDGE_LOOP('',(#3310,#3311,#3312,#3313,#3314,#3315,#3316,#3317));
#518=EDGE_LOOP('',(#3318,#3319,#3320,#3321));
#519=EDGE_LOOP('',(#3322,#3323,#3324,#3325));
#520=EDGE_LOOP('',(#3326,#3327,#3328,#3329));
#521=EDGE_LOOP('',(#3330,#3331,#3332,#3333));
#522=EDGE_LOOP('',(#3334,#3335,#3336,#3337,#3338,#3339,#3340,#3341));
#523=EDGE_LOOP('',(#3342,#3343,#3344,#3345,#3346,#3347,#3348,#3349));
#524=EDGE_LOOP('',(#3350,#3351,#3352,#3353));
#525=EDGE_LOOP('',(#3354,#3355,#3356,#3357));
#526=EDGE_LOOP('',(#3358,#3359,#3360,#3361));
#527=EDGE_LOOP('',(#3362,#3363,#3364,#3365));
#528=EDGE_LOOP('',(#3366,#3367,#3368,#3369));
#529=EDGE_LOOP('',(#3370,#3371,#3372,#3373));
#530=EDGE_LOOP('',(#3374,#3375,#3376,#3377));
#531=EDGE_LOOP('',(#3378,#3379,#3380,#3381));
#532=EDGE_LOOP('',(#3382,#3383,#3384,#3385));
#533=EDGE_LOOP('',(#3386,#3387,#3388,#3389,#3390));
#534=EDGE_LOOP('',(#3391,#3392,#3393,#3394));
#535=EDGE_LOOP('',(#3395,#3396,#3397,#3398));
#536=EDGE_LOOP('',(#3399,#3400,#3401,#3402));
#537=EDGE_LOOP('',(#3403,#3404,#3405,#3406));
#538=EDGE_LOOP('',(#3407,#3408,#3409,#3410));
#539=EDGE_LOOP('',(#3411,#3412,#3413,#3414,#3415,#3416,#3417,#3418));
#540=EDGE_LOOP('',(#3419,#3420,#3421,#3422,#3423,#3424,#3425,#3426,#3427,
#3428,#3429,#3430,#3431,#3432,#3433,#3434,#3435,#3436,#3437,#3438,#3439,
#3440,#3441,#3442,#3443,#3444));
#541=EDGE_LOOP('',(#3445,#3446,#3447,#3448,#3449,#3450,#3451,#3452,#3453,
#3454,#3455,#3456,#3457,#3458,#3459,#3460,#3461,#3462));
#542=EDGE_LOOP('',(#3463,#3464,#3465,#3466,#3467));
#543=EDGE_LOOP('',(#3468,#3469,#3470,#3471,#3472,#3473,#3474,#3475,#3476,
#3477,#3478,#3479,#3480,#3481,#3482,#3483,#3484,#3485));
#544=EDGE_LOOP('',(#3486,#3487,#3488,#3489,#3490,#3491,#3492,#3493));
#545=EDGE_LOOP('',(#3494,#3495,#3496,#3497));
#546=EDGE_LOOP('',(#3498,#3499,#3500,#3501));
#547=EDGE_LOOP('',(#3502,#3503,#3504,#3505,#3506,#3507,#3508,#3509,#3510,
#3511,#3512,#3513));
#548=EDGE_LOOP('',(#3514,#3515,#3516,#3517));
#549=EDGE_LOOP('',(#3518,#3519,#3520,#3521));
#550=EDGE_LOOP('',(#3522,#3523,#3524,#3525));
#551=EDGE_LOOP('',(#3526,#3527,#3528,#3529));
#552=EDGE_LOOP('',(#3530,#3531,#3532,#3533));
#553=EDGE_LOOP('',(#3534,#3535,#3536,#3537));
#554=EDGE_LOOP('',(#3538,#3539,#3540,#3541));
#555=EDGE_LOOP('',(#3542,#3543,#3544,#3545,#3546,#3547,#3548,#3549,#3550,
#3551));
#556=EDGE_LOOP('',(#3552,#3553,#3554,#3555));
#557=EDGE_LOOP('',(#3556,#3557,#3558,#3559));
#558=EDGE_LOOP('',(#3560,#3561,#3562,#3563));
#559=EDGE_LOOP('',(#3564,#3565,#3566,#3567));
#560=EDGE_LOOP('',(#3568,#3569,#3570,#3571));
#561=EDGE_LOOP('',(#3572,#3573,#3574,#3575));
#562=EDGE_LOOP('',(#3576,#3577,#3578,#3579));
#563=EDGE_LOOP('',(#3580,#3581,#3582,#3583));
#564=EDGE_LOOP('',(#3584,#3585,#3586,#3587));
#565=EDGE_LOOP('',(#3588,#3589,#3590,#3591));
#566=EDGE_LOOP('',(#3592,#3593,#3594,#3595));
#567=EDGE_LOOP('',(#3596,#3597,#3598,#3599));
#568=EDGE_LOOP('',(#3600,#3601,#3602,#3603));
#569=EDGE_LOOP('',(#3604,#3605,#3606,#3607));
#570=EDGE_LOOP('',(#3608,#3609,#3610,#3611));
#571=EDGE_LOOP('',(#3612,#3613,#3614,#3615));
#572=EDGE_LOOP('',(#3616,#3617,#3618,#3619));
#573=EDGE_LOOP('',(#3620,#3621,#3622,#3623));
#574=EDGE_LOOP('',(#3624,#3625,#3626,#3627));
#575=EDGE_LOOP('',(#3628,#3629,#3630,#3631));
#576=EDGE_LOOP('',(#3632,#3633,#3634,#3635,#3636,#3637,#3638,#3639,#3640,
#3641));
#577=EDGE_LOOP('',(#3642,#3643,#3644,#3645));
#578=EDGE_LOOP('',(#3646,#3647,#3648,#3649));
#579=EDGE_LOOP('',(#3650,#3651,#3652,#3653));
#580=EDGE_LOOP('',(#3654,#3655,#3656,#3657));
#581=EDGE_LOOP('',(#3658,#3659,#3660,#3661));
#582=EDGE_LOOP('',(#3662,#3663,#3664,#3665));
#583=EDGE_LOOP('',(#3666,#3667,#3668,#3669));
#584=EDGE_LOOP('',(#3670,#3671,#3672,#3673));
#585=EDGE_LOOP('',(#3674,#3675,#3676,#3677));
#586=EDGE_LOOP('',(#3678,#3679,#3680,#3681,#3682,#3683,#3684,#3685,#3686,
#3687,#3688,#3689,#3690,#3691,#3692,#3693,#3694,#3695,#3696,#3697,#3698,
#3699,#3700,#3701,#3702,#3703,#3704,#3705,#3706,#3707,#3708,#3709,#3710,
#3711,#3712,#3713,#3714,#3715,#3716,#3717,#3718,#3719,#3720,#3721,#3722,
#3723));
#587=EDGE_LOOP('',(#3724,#3725,#3726,#3727));
#588=EDGE_LOOP('',(#3728,#3729,#3730,#3731));
#589=EDGE_LOOP('',(#3732,#3733,#3734,#3735));
#590=EDGE_LOOP('',(#3736,#3737,#3738,#3739));
#591=EDGE_LOOP('',(#3740,#3741,#3742,#3743));
#592=EDGE_LOOP('',(#3744,#3745,#3746,#3747,#3748,#3749,#3750,#3751,#3752,
#3753));
#593=EDGE_LOOP('',(#3754,#3755,#3756,#3757));
#594=EDGE_LOOP('',(#3758,#3759,#3760,#3761));
#595=EDGE_LOOP('',(#3762,#3763,#3764,#3765));
#596=EDGE_LOOP('',(#3766,#3767,#3768,#3769));
#597=EDGE_LOOP('',(#3770,#3771,#3772,#3773));
#598=EDGE_LOOP('',(#3774,#3775,#3776,#3777));
#599=EDGE_LOOP('',(#3778,#3779,#3780,#3781));
#600=LINE('',#5414,#1142);
#601=LINE('',#5416,#1143);
#602=LINE('',#5418,#1144);
#603=LINE('',#5419,#1145);
#604=LINE('',#5423,#1146);
#605=LINE('',#5425,#1147);
#606=LINE('',#5427,#1148);
#607=LINE('',#5429,#1149);
#608=LINE('',#5431,#1150);
#609=LINE('',#5432,#1151);
#610=LINE('',#5435,#1152);
#611=LINE('',#5437,#1153);
#612=LINE('',#5439,#1154);
#613=LINE('',#5441,#1155);
#614=LINE('',#5443,#1156);
#615=LINE('',#5445,#1157);
#616=LINE('',#5446,#1158);
#617=LINE('',#5450,#1159);
#618=LINE('',#5452,#1160);
#619=LINE('',#5454,#1161);
#620=LINE('',#5456,#1162);
#621=LINE('',#5458,#1163);
#622=LINE('',#5459,#1164);
#623=LINE('',#5463,#1165);
#624=LINE('',#5465,#1166);
#625=LINE('',#5467,#1167);
#626=LINE('',#5469,#1168);
#627=LINE('',#5471,#1169);
#628=LINE('',#5472,#1170);
#629=LINE('',#5476,#1171);
#630=LINE('',#5478,#1172);
#631=LINE('',#5480,#1173);
#632=LINE('',#5481,#1174);
#633=LINE('',#5485,#1175);
#634=LINE('',#5487,#1176);
#635=LINE('',#5489,#1177);
#636=LINE('',#5490,#1178);
#637=LINE('',#5494,#1179);
#638=LINE('',#5496,#1180);
#639=LINE('',#5498,#1181);
#640=LINE('',#5499,#1182);
#641=LINE('',#5503,#1183);
#642=LINE('',#5505,#1184);
#643=LINE('',#5507,#1185);
#644=LINE('',#5509,#1186);
#645=LINE('',#5511,#1187);
#646=LINE('',#5513,#1188);
#647=LINE('',#5515,#1189);
#648=LINE('',#5517,#1190);
#649=LINE('',#5521,#1191);
#650=LINE('',#5525,#1192);
#651=LINE('',#5527,#1193);
#652=LINE('',#5528,#1194);
#653=LINE('',#5534,#1195);
#654=LINE('',#5537,#1196);
#655=LINE('',#5543,#1197);
#656=LINE('',#5546,#1198);
#657=LINE('',#5549,#1199);
#658=LINE('',#5551,#1200);
#659=LINE('',#5553,#1201);
#660=LINE('',#5555,#1202);
#661=LINE('',#5557,#1203);
#662=LINE('',#5559,#1204);
#663=LINE('',#5560,#1205);
#664=LINE('',#5562,#1206);
#665=LINE('',#5564,#1207);
#666=LINE('',#5565,#1208);
#667=LINE('',#5568,#1209);
#668=LINE('',#5569,#1210);
#669=LINE('',#5572,#1211);
#670=LINE('',#5574,#1212);
#671=LINE('',#5576,#1213);
#672=LINE('',#5578,#1214);
#673=LINE('',#5580,#1215);
#674=LINE('',#5582,#1216);
#675=LINE('',#5583,#1217);
#676=LINE('',#5585,#1218);
#677=LINE('',#5587,#1219);
#678=LINE('',#5588,#1220);
#679=LINE('',#5591,#1221);
#680=LINE('',#5592,#1222);
#681=LINE('',#5598,#1223);
#682=LINE('',#5601,#1224);
#683=LINE('',#5604,#1225);
#684=LINE('',#5606,#1226);
#685=LINE('',#5607,#1227);
#686=LINE('',#5613,#1228);
#687=LINE('',#5619,#1229);
#688=LINE('',#5622,#1230);
#689=LINE('',#5625,#1231);
#690=LINE('',#5627,#1232);
#691=LINE('',#5628,#1233);
#692=LINE('',#5634,#1234);
#693=LINE('',#5637,#1235);
#694=LINE('',#5640,#1236);
#695=LINE('',#5642,#1237);
#696=LINE('',#5643,#1238);
#697=LINE('',#5649,#1239);
#698=LINE('',#5652,#1240);
#699=LINE('',#5655,#1241);
#700=LINE('',#5657,#1242);
#701=LINE('',#5658,#1243);
#702=LINE('',#5664,#1244);
#703=LINE('',#5667,#1245);
#704=LINE('',#5670,#1246);
#705=LINE('',#5672,#1247);
#706=LINE('',#5673,#1248);
#707=LINE('',#5679,#1249);
#708=LINE('',#5682,#1250);
#709=LINE('',#5685,#1251);
#710=LINE('',#5687,#1252);
#711=LINE('',#5688,#1253);
#712=LINE('',#5694,#1254);
#713=LINE('',#5697,#1255);
#714=LINE('',#5699,#1256);
#715=LINE('',#5700,#1257);
#716=LINE('',#5702,#1258);
#717=LINE('',#5703,#1259);
#718=LINE('',#5708,#1260);
#719=LINE('',#5709,#1261);
#720=LINE('',#5712,#1262);
#721=LINE('',#5713,#1263);
#722=LINE('',#5716,#1264);
#723=LINE('',#5717,#1265);
#724=LINE('',#5722,#1266);
#725=LINE('',#5725,#1267);
#726=LINE('',#5727,#1268);
#727=LINE('',#5728,#1269);
#728=LINE('',#5730,#1270);
#729=LINE('',#5731,#1271);
#730=LINE('',#5733,#1272);
#731=LINE('',#5734,#1273);
#732=LINE('',#5739,#1274);
#733=LINE('',#5742,#1275);
#734=LINE('',#5744,#1276);
#735=LINE('',#5745,#1277);
#736=LINE('',#5747,#1278);
#737=LINE('',#5748,#1279);
#738=LINE('',#5750,#1280);
#739=LINE('',#5751,#1281);
#740=LINE('',#5754,#1282);
#741=LINE('',#5756,#1283);
#742=LINE('',#5757,#1284);
#743=LINE('',#5759,#1285);
#744=LINE('',#5760,#1286);
#745=LINE('',#5765,#1287);
#746=LINE('',#5766,#1288);
#747=LINE('',#5769,#1289);
#748=LINE('',#5770,#1290);
#749=LINE('',#5773,#1291);
#750=LINE('',#5774,#1292);
#751=LINE('',#5777,#1293);
#752=LINE('',#5779,#1294);
#753=LINE('',#5780,#1295);
#754=LINE('',#5783,#1296);
#755=LINE('',#5784,#1297);
#756=LINE('',#5787,#1298);
#757=LINE('',#5789,#1299);
#758=LINE('',#5790,#1300);
#759=LINE('',#5791,#1301);
#760=LINE('',#5792,#1302);
#761=LINE('',#5794,#1303);
#762=LINE('',#5795,#1304);
#763=LINE('',#5799,#1305);
#764=LINE('',#5800,#1306);
#765=LINE('',#5804,#1307);
#766=LINE('',#5806,#1308);
#767=LINE('',#5808,#1309);
#768=LINE('',#5809,#1310);
#769=LINE('',#5812,#1311);
#770=LINE('',#5814,#1312);
#771=LINE('',#5815,#1313);
#772=LINE('',#5818,#1314);
#773=LINE('',#5820,#1315);
#774=LINE('',#5821,#1316);
#775=LINE('',#5823,#1317);
#776=LINE('',#5824,#1318);
#777=LINE('',#5826,#1319);
#778=LINE('',#5827,#1320);
#779=LINE('',#5831,#1321);
#780=LINE('',#5833,#1322);
#781=LINE('',#5834,#1323);
#782=LINE('',#5835,#1324);
#783=LINE('',#5837,#1325);
#784=LINE('',#5841,#1326);
#785=LINE('',#5843,#1327);
#786=LINE('',#5845,#1328);
#787=LINE('',#5847,#1329);
#788=LINE('',#5848,#1330);
#789=LINE('',#5851,#1331);
#790=LINE('',#5853,#1332);
#791=LINE('',#5855,#1333);
#792=LINE('',#5857,#1334);
#793=LINE('',#5858,#1335);
#794=LINE('',#5860,#1336);
#795=LINE('',#5862,#1337);
#796=LINE('',#5864,#1338);
#797=LINE('',#5865,#1339);
#798=LINE('',#5866,#1340);
#799=LINE('',#5869,#1341);
#800=LINE('',#5871,#1342);
#801=LINE('',#5872,#1343);
#802=LINE('',#5875,#1344);
#803=LINE('',#5877,#1345);
#804=LINE('',#5878,#1346);
#805=LINE('',#5880,#1347);
#806=LINE('',#5882,#1348);
#807=LINE('',#5883,#1349);
#808=LINE('',#5887,#1350);
#809=LINE('',#5889,#1351);
#810=LINE('',#5891,#1352);
#811=LINE('',#5892,#1353);
#812=LINE('',#5895,#1354);
#813=LINE('',#5897,#1355);
#814=LINE('',#5898,#1356);
#815=LINE('',#5901,#1357);
#816=LINE('',#5903,#1358);
#817=LINE('',#5904,#1359);
#818=LINE('',#5908,#1360);
#819=LINE('',#5910,#1361);
#820=LINE('',#5912,#1362);
#821=LINE('',#5913,#1363);
#822=LINE('',#5915,#1364);
#823=LINE('',#5916,#1365);
#824=LINE('',#5920,#1366);
#825=LINE('',#5922,#1367);
#826=LINE('',#5924,#1368);
#827=LINE('',#5925,#1369);
#828=LINE('',#5927,#1370);
#829=LINE('',#5928,#1371);
#830=LINE('',#5931,#1372);
#831=LINE('',#5933,#1373);
#832=LINE('',#5934,#1374);
#833=LINE('',#5936,#1375);
#834=LINE('',#5937,#1376);
#835=LINE('',#5939,#1377);
#836=LINE('',#5941,#1378);
#837=LINE('',#5945,#1379);
#838=LINE('',#5948,#1380);
#839=LINE('',#5951,#1381);
#840=LINE('',#5953,#1382);
#841=LINE('',#5956,#1383);
#842=LINE('',#5957,#1384);
#843=LINE('',#5960,#1385);
#844=LINE('',#5962,#1386);
#845=LINE('',#5966,#1387);
#846=LINE('',#5967,#1388);
#847=LINE('',#5971,#1389);
#848=LINE('',#5973,#1390);
#849=LINE('',#5975,#1391);
#850=LINE('',#5977,#1392);
#851=LINE('',#5979,#1393);
#852=LINE('',#5981,#1394);
#853=LINE('',#5983,#1395);
#854=LINE('',#5985,#1396);
#855=LINE('',#5987,#1397);
#856=LINE('',#5989,#1398);
#857=LINE('',#5991,#1399);
#858=LINE('',#5993,#1400);
#859=LINE('',#5995,#1401);
#860=LINE('',#5997,#1402);
#861=LINE('',#5999,#1403);
#862=LINE('',#6001,#1404);
#863=LINE('',#6003,#1405);
#864=LINE('',#6005,#1406);
#865=LINE('',#6006,#1407);
#866=LINE('',#6008,#1408);
#867=LINE('',#6010,#1409);
#868=LINE('',#6012,#1410);
#869=LINE('',#6014,#1411);
#870=LINE('',#6016,#1412);
#871=LINE('',#6017,#1413);
#872=LINE('',#6021,#1414);
#873=LINE('',#6023,#1415);
#874=LINE('',#6025,#1416);
#875=LINE('',#6026,#1417);
#876=LINE('',#6029,#1418);
#877=LINE('',#6031,#1419);
#878=LINE('',#6032,#1420);
#879=LINE('',#6035,#1421);
#880=LINE('',#6037,#1422);
#881=LINE('',#6038,#1423);
#882=LINE('',#6040,#1424);
#883=LINE('',#6041,#1425);
#884=LINE('',#6045,#1426);
#885=LINE('',#6047,#1427);
#886=LINE('',#6049,#1428);
#887=LINE('',#6050,#1429);
#888=LINE('',#6053,#1430);
#889=LINE('',#6055,#1431);
#890=LINE('',#6056,#1432);
#891=LINE('',#6059,#1433);
#892=LINE('',#6061,#1434);
#893=LINE('',#6062,#1435);
#894=LINE('',#6064,#1436);
#895=LINE('',#6065,#1437);
#896=LINE('',#6069,#1438);
#897=LINE('',#6071,#1439);
#898=LINE('',#6073,#1440);
#899=LINE('',#6074,#1441);
#900=LINE('',#6077,#1442);
#901=LINE('',#6079,#1443);
#902=LINE('',#6080,#1444);
#903=LINE('',#6083,#1445);
#904=LINE('',#6085,#1446);
#905=LINE('',#6086,#1447);
#906=LINE('',#6088,#1448);
#907=LINE('',#6089,#1449);
#908=LINE('',#6093,#1450);
#909=LINE('',#6095,#1451);
#910=LINE('',#6097,#1452);
#911=LINE('',#6099,#1453);
#912=LINE('',#6101,#1454);
#913=LINE('',#6102,#1455);
#914=LINE('',#6104,#1456);
#915=LINE('',#6105,#1457);
#916=LINE('',#6106,#1458);
#917=LINE('',#6107,#1459);
#918=LINE('',#6110,#1460);
#919=LINE('',#6111,#1461);
#920=LINE('',#6114,#1462);
#921=LINE('',#6115,#1463);
#922=LINE('',#6118,#1464);
#923=LINE('',#6119,#1465);
#924=LINE('',#6121,#1466);
#925=LINE('',#6123,#1467);
#926=LINE('',#6126,#1468);
#927=LINE('',#6128,#1469);
#928=LINE('',#6129,#1470);
#929=LINE('',#6132,#1471);
#930=LINE('',#6134,#1472);
#931=LINE('',#6135,#1473);
#932=LINE('',#6137,#1474);
#933=LINE('',#6138,#1475);
#934=LINE('',#6141,#1476);
#935=LINE('',#6143,#1477);
#936=LINE('',#6144,#1478);
#937=LINE('',#6145,#1479);
#938=LINE('',#6148,#1480);
#939=LINE('',#6150,#1481);
#940=LINE('',#6151,#1482);
#941=LINE('',#6153,#1483);
#942=LINE('',#6154,#1484);
#943=LINE('',#6156,#1485);
#944=LINE('',#6159,#1486);
#945=LINE('',#6161,#1487);
#946=LINE('',#6162,#1488);
#947=LINE('',#6165,#1489);
#948=LINE('',#6167,#1490);
#949=LINE('',#6168,#1491);
#950=LINE('',#6171,#1492);
#951=LINE('',#6173,#1493);
#952=LINE('',#6174,#1494);
#953=LINE('',#6175,#1495);
#954=LINE('',#6177,#1496);
#955=LINE('',#6178,#1497);
#956=LINE('',#6180,#1498);
#957=LINE('',#6181,#1499);
#958=LINE('',#6185,#1500);
#959=LINE('',#6187,#1501);
#960=LINE('',#6188,#1502);
#961=LINE('',#6192,#1503);
#962=LINE('',#6194,#1504);
#963=LINE('',#6196,#1505);
#964=LINE('',#6197,#1506);
#965=LINE('',#6201,#1507);
#966=LINE('',#6203,#1508);
#967=LINE('',#6205,#1509);
#968=LINE('',#6206,#1510);
#969=LINE('',#6210,#1511);
#970=LINE('',#6212,#1512);
#971=LINE('',#6214,#1513);
#972=LINE('',#6215,#1514);
#973=LINE('',#6219,#1515);
#974=LINE('',#6221,#1516);
#975=LINE('',#6223,#1517);
#976=LINE('',#6224,#1518);
#977=LINE('',#6228,#1519);
#978=LINE('',#6230,#1520);
#979=LINE('',#6232,#1521);
#980=LINE('',#6234,#1522);
#981=LINE('',#6236,#1523);
#982=LINE('',#6238,#1524);
#983=LINE('',#6240,#1525);
#984=LINE('',#6241,#1526);
#985=LINE('',#6245,#1527);
#986=LINE('',#6247,#1528);
#987=LINE('',#6249,#1529);
#988=LINE('',#6251,#1530);
#989=LINE('',#6253,#1531);
#990=LINE('',#6255,#1532);
#991=LINE('',#6257,#1533);
#992=LINE('',#6258,#1534);
#993=LINE('',#6261,#1535);
#994=LINE('',#6263,#1536);
#995=LINE('',#6264,#1537);
#996=LINE('',#6266,#1538);
#997=LINE('',#6269,#1539);
#998=LINE('',#6270,#1540);
#999=LINE('',#6273,#1541);
#1000=LINE('',#6275,#1542);
#1001=LINE('',#6278,#1543);
#1002=LINE('',#6279,#1544);
#1003=LINE('',#6281,#1545);
#1004=LINE('',#6283,#1546);
#1005=LINE('',#6285,#1547);
#1006=LINE('',#6288,#1548);
#1007=LINE('',#6289,#1549);
#1008=LINE('',#6291,#1550);
#1009=LINE('',#6292,#1551);
#1010=LINE('',#6294,#1552);
#1011=LINE('',#6296,#1553);
#1012=LINE('',#6298,#1554);
#1013=LINE('',#6299,#1555);
#1014=LINE('',#6300,#1556);
#1015=LINE('',#6304,#1557);
#1016=LINE('',#6306,#1558);
#1017=LINE('',#6308,#1559);
#1018=LINE('',#6310,#1560);
#1019=LINE('',#6312,#1561);
#1020=LINE('',#6314,#1562);
#1021=LINE('',#6315,#1563);
#1022=LINE('',#6316,#1564);
#1023=LINE('',#6318,#1565);
#1024=LINE('',#6320,#1566);
#1025=LINE('',#6322,#1567);
#1026=LINE('',#6324,#1568);
#1027=LINE('',#6326,#1569);
#1028=LINE('',#6328,#1570);
#1029=LINE('',#6330,#1571);
#1030=LINE('',#6331,#1572);
#1031=LINE('',#6333,#1573);
#1032=LINE('',#6336,#1574);
#1033=LINE('',#6338,#1575);
#1034=LINE('',#6339,#1576);
#1035=LINE('',#6340,#1577);
#1036=LINE('',#6342,#1578);
#1037=LINE('',#6344,#1579);
#1038=LINE('',#6346,#1580);
#1039=LINE('',#6348,#1581);
#1040=LINE('',#6352,#1582);
#1041=LINE('',#6354,#1583);
#1042=LINE('',#6355,#1584);
#1043=LINE('',#6358,#1585);
#1044=LINE('',#6359,#1586);
#1045=LINE('',#6362,#1587);
#1046=LINE('',#6364,#1588);
#1047=LINE('',#6366,#1589);
#1048=LINE('',#6368,#1590);
#1049=LINE('',#6370,#1591);
#1050=LINE('',#6372,#1592);
#1051=LINE('',#6374,#1593);
#1052=LINE('',#6376,#1594);
#1053=LINE('',#6377,#1595);
#1054=LINE('',#6380,#1596);
#1055=LINE('',#6381,#1597);
#1056=LINE('',#6385,#1598);
#1057=LINE('',#6386,#1599);
#1058=LINE('',#6389,#1600);
#1059=LINE('',#6390,#1601);
#1060=LINE('',#6393,#1602);
#1061=LINE('',#6394,#1603);
#1062=LINE('',#6397,#1604);
#1063=LINE('',#6398,#1605);
#1064=LINE('',#6401,#1606);
#1065=LINE('',#6402,#1607);
#1066=LINE('',#6405,#1608);
#1067=LINE('',#6406,#1609);
#1068=LINE('',#6409,#1610);
#1069=LINE('',#6410,#1611);
#1070=LINE('',#6413,#1612);
#1071=LINE('',#6414,#1613);
#1072=LINE('',#6416,#1614);
#1073=LINE('',#6418,#1615);
#1074=LINE('',#6421,#1616);
#1075=LINE('',#6423,#1617);
#1076=LINE('',#6424,#1618);
#1077=LINE('',#6427,#1619);
#1078=LINE('',#6429,#1620);
#1079=LINE('',#6430,#1621);
#1080=LINE('',#6433,#1622);
#1081=LINE('',#6434,#1623);
#1082=LINE('',#6438,#1624);
#1083=LINE('',#6440,#1625);
#1084=LINE('',#6442,#1626);
#1085=LINE('',#6443,#1627);
#1086=LINE('',#6446,#1628);
#1087=LINE('',#6447,#1629);
#1088=LINE('',#6450,#1630);
#1089=LINE('',#6452,#1631);
#1090=LINE('',#6453,#1632);
#1091=LINE('',#6455,#1633);
#1092=LINE('',#6459,#1634);
#1093=LINE('',#6461,#1635);
#1094=LINE('',#6462,#1636);
#1095=LINE('',#6464,#1637);
#1096=LINE('',#6466,#1638);
#1097=LINE('',#6467,#1639);
#1098=LINE('',#6470,#1640);
#1099=LINE('',#6471,#1641);
#1100=LINE('',#6474,#1642);
#1101=LINE('',#6475,#1643);
#1102=LINE('',#6477,#1644);
#1103=LINE('',#6480,#1645);
#1104=LINE('',#6481,#1646);
#1105=LINE('',#6484,#1647);
#1106=LINE('',#6485,#1648);
#1107=LINE('',#6487,#1649);
#1108=LINE('',#6490,#1650);
#1109=LINE('',#6492,#1651);
#1110=LINE('',#6493,#1652);
#1111=LINE('',#6496,#1653);
#1112=LINE('',#6498,#1654);
#1113=LINE('',#6499,#1655);
#1114=LINE('',#6502,#1656);
#1115=LINE('',#6503,#1657);
#1116=LINE('',#6506,#1658);
#1117=LINE('',#6507,#1659);
#1118=LINE('',#6509,#1660);
#1119=LINE('',#6511,#1661);
#1120=LINE('',#6513,#1662);
#1121=LINE('',#6515,#1663);
#1122=LINE('',#6517,#1664);
#1123=LINE('',#6519,#1665);
#1124=LINE('',#6521,#1666);
#1125=LINE('',#6522,#1667);
#1126=LINE('',#6526,#1668);
#1127=LINE('',#6527,#1669);
#1128=LINE('',#6528,#1670);
#1129=LINE('',#6530,#1671);
#1130=LINE('',#6533,#1672);
#1131=LINE('',#6534,#1673);
#1132=LINE('',#6538,#1674);
#1133=LINE('',#6540,#1675);
#1134=LINE('',#6541,#1676);
#1135=LINE('',#6543,#1677);
#1136=LINE('',#6545,#1678);
#1137=LINE('',#6546,#1679);
#1138=LINE('',#6549,#1680);
#1139=LINE('',#6551,#1681);
#1140=LINE('',#6554,#1682);
#1141=LINE('',#6556,#1683);
#1142=VECTOR('',#4412,0.59999999999999);
#1143=VECTOR('',#4413,1.6);
#1144=VECTOR('',#4414,0.6);
#1145=VECTOR('',#4415,1.6);
#1146=VECTOR('',#4418,1.075);
#1147=VECTOR('',#4419,0.2);
#1148=VECTOR('',#4420,1.075);
#1149=VECTOR('',#4421,0.660018939122204);
#1150=VECTOR('',#4422,0.274999999999999);
#1151=VECTOR('',#4423,0.399999999999999);
#1152=VECTOR('',#4426,0.475);
#1153=VECTOR('',#4427,0.075);
#1154=VECTOR('',#4428,0.049900000000001);
#1155=VECTOR('',#4429,1.75);
#1156=VECTOR('',#4430,0.049900000000001);
#1157=VECTOR('',#4431,0.075000000000001);
#1158=VECTOR('',#4432,0.474999999999999);
#1159=VECTOR('',#4435,1.075);
#1160=VECTOR('',#4436,0.2);
#1161=VECTOR('',#4437,1.075);
#1162=VECTOR('',#4438,0.660018939122204);
#1163=VECTOR('',#4439,0.274999999999999);
#1164=VECTOR('',#4440,0.399999999999999);
#1165=VECTOR('',#4443,1.075);
#1166=VECTOR('',#4444,0.399999999999999);
#1167=VECTOR('',#4445,0.274999999999999);
#1168=VECTOR('',#4446,0.660018939122204);
#1169=VECTOR('',#4447,1.075);
#1170=VECTOR('',#4448,0.20000000000001);
#1171=VECTOR('',#4451,0.2);
#1172=VECTOR('',#4452,0.024999999999999);
#1173=VECTOR('',#4453,0.2);
#1174=VECTOR('',#4454,0.024999999999999);
#1175=VECTOR('',#4457,0.2);
#1176=VECTOR('',#4458,0.025000000000001);
#1177=VECTOR('',#4459,0.2);
#1178=VECTOR('',#4460,0.025000000000001);
#1179=VECTOR('',#4463,0.200000000000001);
#1180=VECTOR('',#4464,0.049999999999999);
#1181=VECTOR('',#4465,0.2);
#1182=VECTOR('',#4466,0.049999999999999);
#1183=VECTOR('',#4469,0.075000000000001);
#1184=VECTOR('',#4470,0.049899999999998);
#1185=VECTOR('',#4471,1.75);
#1186=VECTOR('',#4472,0.049899999999997);
#1187=VECTOR('',#4473,0.075);
#1188=VECTOR('',#4474,0.45);
#1189=VECTOR('',#4475,0.05);
#1190=VECTOR('',#4476,0.3);
#1191=VECTOR('',#4479,1.3);
#1192=VECTOR('',#4482,0.3);
#1193=VECTOR('',#4483,0.05);
#1194=VECTOR('',#4484,0.449999999999999);
#1195=VECTOR('',#4489,0.199999999999999);
#1196=VECTOR('',#4492,0.199999999999999);
#1197=VECTOR('',#4497,0.2);
#1198=VECTOR('',#4500,0.2);
#1199=VECTOR('',#4503,0.876471862576143);
#1200=VECTOR('',#4504,1.);
#1201=VECTOR('',#4505,0.825);
#1202=VECTOR('',#4506,0.025000000000001);
#1203=VECTOR('',#4507,0.9999);
#1204=VECTOR('',#4508,1.75);
#1205=VECTOR('',#4509,0.9999);
#1206=VECTOR('',#4510,0.825);
#1207=VECTOR('',#4511,1.);
#1208=VECTOR('',#4512,0.876471862576144);
#1209=VECTOR('',#4515,0.876471862576143);
#1210=VECTOR('',#4516,0.2);
#1211=VECTOR('',#4519,0.876471862576143);
#1212=VECTOR('',#4520,1.);
#1213=VECTOR('',#4521,0.825000000000001);
#1214=VECTOR('',#4522,0.024999999999999);
#1215=VECTOR('',#4523,0.9999);
#1216=VECTOR('',#4524,1.75);
#1217=VECTOR('',#4525,0.9999);
#1218=VECTOR('',#4526,0.825000000000001);
#1219=VECTOR('',#4527,1.);
#1220=VECTOR('',#4528,0.876471862576144);
#1221=VECTOR('',#4531,0.876471862576143);
#1222=VECTOR('',#4532,0.2);
#1223=VECTOR('',#4537,0.2);
#1224=VECTOR('',#4540,0.2);
#1225=VECTOR('',#4543,5.38);
#1226=VECTOR('',#4544,0.2);
#1227=VECTOR('',#4545,5.38);
#1228=VECTOR('',#4552,0.2);
#1229=VECTOR('',#4557,0.2);
#1230=VECTOR('',#4560,0.2);
#1231=VECTOR('',#4563,0.285);
#1232=VECTOR('',#4564,0.2);
#1233=VECTOR('',#4565,0.285);
#1234=VECTOR('',#4570,0.2);
#1235=VECTOR('',#4573,0.2);
#1236=VECTOR('',#4576,0.835);
#1237=VECTOR('',#4577,0.2);
#1238=VECTOR('',#4578,0.835);
#1239=VECTOR('',#4583,0.2);
#1240=VECTOR('',#4586,0.2);
#1241=VECTOR('',#4589,0.835);
#1242=VECTOR('',#4590,0.2);
#1243=VECTOR('',#4591,0.835);
#1244=VECTOR('',#4596,0.2);
#1245=VECTOR('',#4599,0.2);
#1246=VECTOR('',#4602,0.284999999999999);
#1247=VECTOR('',#4603,0.2);
#1248=VECTOR('',#4604,0.284999999999999);
#1249=VECTOR('',#4609,0.2);
#1250=VECTOR('',#4612,0.2);
#1251=VECTOR('',#4615,5.38);
#1252=VECTOR('',#4616,0.2);
#1253=VECTOR('',#4617,5.38);
#1254=VECTOR('',#4624,0.2);
#1255=VECTOR('',#4627,0.835);
#1256=VECTOR('',#4628,0.2);
#1257=VECTOR('',#4629,0.835);
#1258=VECTOR('',#4632,0.165000000000002);
#1259=VECTOR('',#4633,0.165000000000002);
#1260=VECTOR('',#4638,0.099899999999999);
#1261=VECTOR('',#4639,0.050000000000002);
#1262=VECTOR('',#4642,0.2);
#1263=VECTOR('',#4643,0.9999);
#1264=VECTOR('',#4646,0.2);
#1265=VECTOR('',#4647,0.025000000000001);
#1266=VECTOR('',#4652,0.9999);
#1267=VECTOR('',#4655,0.049999999999999);
#1268=VECTOR('',#4656,0.2);
#1269=VECTOR('',#4657,0.099899999999999);
#1270=VECTOR('',#4660,0.284999999999999);
#1271=VECTOR('',#4661,0.284999999999999);
#1272=VECTOR('',#4664,0.165000000000002);
#1273=VECTOR('',#4665,0.165000000000002);
#1274=VECTOR('',#4670,0.9999);
#1275=VECTOR('',#4673,0.050000000000002);
#1276=VECTOR('',#4674,0.2);
#1277=VECTOR('',#4675,0.099899999999999);
#1278=VECTOR('',#4678,0.285);
#1279=VECTOR('',#4679,0.285);
#1280=VECTOR('',#4682,0.165);
#1281=VECTOR('',#4683,0.165);
#1282=VECTOR('',#4686,0.835);
#1283=VECTOR('',#4687,0.2);
#1284=VECTOR('',#4688,0.835);
#1285=VECTOR('',#4691,0.165);
#1286=VECTOR('',#4692,0.165);
#1287=VECTOR('',#4697,0.099899999999999);
#1288=VECTOR('',#4698,0.05);
#1289=VECTOR('',#4701,0.200000000000001);
#1290=VECTOR('',#4702,0.9999);
#1291=VECTOR('',#4705,0.2);
#1292=VECTOR('',#4706,0.024999999999999);
#1293=VECTOR('',#4709,0.2);
#1294=VECTOR('',#4710,1.);
#1295=VECTOR('',#4711,0.200000000000001);
#1296=VECTOR('',#4714,0.199999999999999);
#1297=VECTOR('',#4715,1.);
#1298=VECTOR('',#4718,0.876471862576144);
#1299=VECTOR('',#4719,1.);
#1300=VECTOR('',#4720,0.825);
#1301=VECTOR('',#4721,1.75);
#1302=VECTOR('',#4722,0.825);
#1303=VECTOR('',#4725,1.75);
#1304=VECTOR('',#4726,1.75);
#1305=VECTOR('',#4731,0.2);
#1306=VECTOR('',#4732,1.);
#1307=VECTOR('',#4735,0.200000000000001);
#1308=VECTOR('',#4736,0.05);
#1309=VECTOR('',#4737,0.2);
#1310=VECTOR('',#4738,0.05);
#1311=VECTOR('',#4741,4.05);
#1312=VECTOR('',#4742,4.05);
#1313=VECTOR('',#4743,0.2);
#1314=VECTOR('',#4746,2.1);
#1315=VECTOR('',#4747,2.1);
#1316=VECTOR('',#4748,0.2);
#1317=VECTOR('',#4751,4.05);
#1318=VECTOR('',#4752,4.05);
#1319=VECTOR('',#4755,1.75);
#1320=VECTOR('',#4756,2.);
#1321=VECTOR('',#4763,0.2);
#1322=VECTOR('',#4766,0.876471862576144);
#1323=VECTOR('',#4767,0.825000000000001);
#1324=VECTOR('',#4768,0.825000000000001);
#1325=VECTOR('',#4771,0.2);
#1326=VECTOR('',#4776,0.05);
#1327=VECTOR('',#4777,0.85);
#1328=VECTOR('',#4778,0.274999999999999);
#1329=VECTOR('',#4779,0.85);
#1330=VECTOR('',#4780,0.024999999999999);
#1331=VECTOR('',#4783,0.05);
#1332=VECTOR('',#4784,0.85);
#1333=VECTOR('',#4785,0.274999999999999);
#1334=VECTOR('',#4786,0.85);
#1335=VECTOR('',#4787,0.024999999999999);
#1336=VECTOR('',#4790,0.499999999999999);
#1337=VECTOR('',#4791,0.375);
#1338=VECTOR('',#4792,5.8);
#1339=VECTOR('',#4793,0.375);
#1340=VECTOR('',#4794,0.499999999999999);
#1341=VECTOR('',#4797,2.);
#1342=VECTOR('',#4798,2.);
#1343=VECTOR('',#4799,2.);
#1344=VECTOR('',#4802,0.59999999999999);
#1345=VECTOR('',#4803,1.6);
#1346=VECTOR('',#4804,0.59999999999999);
#1347=VECTOR('',#4805,0.550000000000001);
#1348=VECTOR('',#4806,1.5);
#1349=VECTOR('',#4807,0.55);
#1350=VECTOR('',#4810,0.353553390593274);
#1351=VECTOR('',#4811,2.);
#1352=VECTOR('',#4812,0.353553390593274);
#1353=VECTOR('',#4813,2.);
#1354=VECTOR('',#4816,0.353553390593274);
#1355=VECTOR('',#4817,0.353553390593274);
#1356=VECTOR('',#4818,2.);
#1357=VECTOR('',#4821,0.353553390593274);
#1358=VECTOR('',#4822,0.353553390593274);
#1359=VECTOR('',#4823,2.);
#1360=VECTOR('',#4826,0.353553390593274);
#1361=VECTOR('',#4827,2.);
#1362=VECTOR('',#4828,0.353553390593274);
#1363=VECTOR('',#4829,2.);
#1364=VECTOR('',#4832,0.353553390593274);
#1365=VECTOR('',#4833,0.353553390593274);
#1366=VECTOR('',#4836,0.353553390593274);
#1367=VECTOR('',#4837,2.);
#1368=VECTOR('',#4838,0.353553390593274);
#1369=VECTOR('',#4839,2.);
#1370=VECTOR('',#4842,0.353553390593274);
#1371=VECTOR('',#4843,0.353553390593274);
#1372=VECTOR('',#4846,0.353553390593274);
#1373=VECTOR('',#4847,2.);
#1374=VECTOR('',#4848,0.353553390593274);
#1375=VECTOR('',#4851,1.95);
#1376=VECTOR('',#4852,1.95);
#1377=VECTOR('',#4855,1.75);
#1378=VECTOR('',#4858,1.75);
#1379=VECTOR('',#4863,0.45);
#1380=VECTOR('',#4866,0.55);
#1381=VECTOR('',#4869,1.5);
#1382=VECTOR('',#4870,1.3);
#1383=VECTOR('',#4875,0.55);
#1384=VECTOR('',#4876,0.45);
#1385=VECTOR('',#4881,0.3);
#1386=VECTOR('',#4884,0.3);
#1387=VECTOR('',#4889,0.6);
#1388=VECTOR('',#4890,0.45);
#1389=VECTOR('',#4893,0.3);
#1390=VECTOR('',#4894,0.699999999999999);
#1391=VECTOR('',#4895,0.299999999999999);
#1392=VECTOR('',#4896,1.8);
#1393=VECTOR('',#4897,0.299999999999997);
#1394=VECTOR('',#4898,0.699999999999998);
#1395=VECTOR('',#4899,0.299999999999996);
#1396=VECTOR('',#4900,1.125);
#1397=VECTOR('',#4901,1.55000000000001);
#1398=VECTOR('',#4902,0.274999999999999);
#1399=VECTOR('',#4903,0.600000000000001);
#1400=VECTOR('',#4904,0.660018939122205);
#1401=VECTOR('',#4905,1.075);
#1402=VECTOR('',#4906,0.20000000000001);
#1403=VECTOR('',#4907,5.8);
#1404=VECTOR('',#4908,0.20000000000001);
#1405=VECTOR('',#4909,1.075);
#1406=VECTOR('',#4910,0.660018939122204);
#1407=VECTOR('',#4911,0.600000000000001);
#1408=VECTOR('',#4912,1.55000000000002);
#1409=VECTOR('',#4913,1.125);
#1410=VECTOR('',#4914,0.300000000000003);
#1411=VECTOR('',#4915,0.699999999999999);
#1412=VECTOR('',#4916,0.300000000000002);
#1413=VECTOR('',#4917,1.8);
#1414=VECTOR('',#4920,0.7);
#1415=VECTOR('',#4921,0.45);
#1416=VECTOR('',#4922,0.7);
#1417=VECTOR('',#4923,0.45);
#1418=VECTOR('',#4926,0.8);
#1419=VECTOR('',#4927,0.8);
#1420=VECTOR('',#4928,0.45);
#1421=VECTOR('',#4931,0.7);
#1422=VECTOR('',#4932,0.7);
#1423=VECTOR('',#4933,0.45);
#1424=VECTOR('',#4936,0.8);
#1425=VECTOR('',#4937,0.8);
#1426=VECTOR('',#4940,0.7);
#1427=VECTOR('',#4941,0.45);
#1428=VECTOR('',#4942,0.7);
#1429=VECTOR('',#4943,0.45);
#1430=VECTOR('',#4946,0.8);
#1431=VECTOR('',#4947,0.8);
#1432=VECTOR('',#4948,0.45);
#1433=VECTOR('',#4951,0.699999999999999);
#1434=VECTOR('',#4952,0.699999999999999);
#1435=VECTOR('',#4953,0.45);
#1436=VECTOR('',#4956,0.8);
#1437=VECTOR('',#4957,0.8);
#1438=VECTOR('',#4960,0.7);
#1439=VECTOR('',#4961,0.45);
#1440=VECTOR('',#4962,0.699999999999999);
#1441=VECTOR('',#4963,0.45);
#1442=VECTOR('',#4966,0.8);
#1443=VECTOR('',#4967,0.8);
#1444=VECTOR('',#4968,0.45);
#1445=VECTOR('',#4971,0.699999999999999);
#1446=VECTOR('',#4972,0.699999999999999);
#1447=VECTOR('',#4973,0.45);
#1448=VECTOR('',#4976,0.8);
#1449=VECTOR('',#4977,0.8);
#1450=VECTOR('',#4980,1.075);
#1451=VECTOR('',#4981,0.399999999999999);
#1452=VECTOR('',#4982,0.274999999999999);
#1453=VECTOR('',#4983,0.660018939122204);
#1454=VECTOR('',#4984,1.075);
#1455=VECTOR('',#4985,0.2);
#1456=VECTOR('',#4988,0.500000000000001);
#1457=VECTOR('',#4989,0.375);
#1458=VECTOR('',#4990,0.375);
#1459=VECTOR('',#4991,0.500000000000001);
#1460=VECTOR('',#4994,0.475);
#1461=VECTOR('',#4995,0.6);
#1462=VECTOR('',#4998,1.6);
#1463=VECTOR('',#4999,0.45);
#1464=VECTOR('',#5002,0.475);
#1465=VECTOR('',#5003,1.6);
#1466=VECTOR('',#5006,0.6);
#1467=VECTOR('',#5009,0.6);
#1468=VECTOR('',#5012,0.475);
#1469=VECTOR('',#5013,0.475);
#1470=VECTOR('',#5014,0.274999999999999);
#1471=VECTOR('',#5017,0.475);
#1472=VECTOR('',#5018,0.274999999999999);
#1473=VECTOR('',#5019,0.475);
#1474=VECTOR('',#5022,0.600000000000001);
#1475=VECTOR('',#5023,0.600000000000001);
#1476=VECTOR('',#5026,0.600000000000001);
#1477=VECTOR('',#5027,0.600000000000001);
#1478=VECTOR('',#5028,0.024999999999999);
#1479=VECTOR('',#5029,0.05);
#1480=VECTOR('',#5032,0.375);
#1481=VECTOR('',#5033,0.660018939122205);
#1482=VECTOR('',#5034,0.375);
#1483=VECTOR('',#5037,0.85);
#1484=VECTOR('',#5038,0.85);
#1485=VECTOR('',#5041,0.600000000000001);
#1486=VECTOR('',#5044,0.475);
#1487=VECTOR('',#5045,0.274999999999999);
#1488=VECTOR('',#5046,0.475);
#1489=VECTOR('',#5049,0.475);
#1490=VECTOR('',#5050,0.475);
#1491=VECTOR('',#5051,0.274999999999999);
#1492=VECTOR('',#5054,0.600000000000001);
#1493=VECTOR('',#5055,0.600000000000001);
#1494=VECTOR('',#5056,0.024999999999999);
#1495=VECTOR('',#5057,0.05);
#1496=VECTOR('',#5060,0.600000000000001);
#1497=VECTOR('',#5061,0.600000000000001);
#1498=VECTOR('',#5064,0.375);
#1499=VECTOR('',#5065,0.375);
#1500=VECTOR('',#5070,0.85);
#1501=VECTOR('',#5071,0.274999999999999);
#1502=VECTOR('',#5072,0.85);
#1503=VECTOR('',#5075,0.299999999999994);
#1504=VECTOR('',#5076,0.95);
#1505=VECTOR('',#5077,0.299999999999999);
#1506=VECTOR('',#5078,0.95);
#1507=VECTOR('',#5081,0.299999999999995);
#1508=VECTOR('',#5082,0.95);
#1509=VECTOR('',#5083,0.3);
#1510=VECTOR('',#5084,0.950000000000001);
#1511=VECTOR('',#5087,0.3);
#1512=VECTOR('',#5088,0.949999999999999);
#1513=VECTOR('',#5089,0.299999999999999);
#1514=VECTOR('',#5090,0.95);
#1515=VECTOR('',#5093,0.299999999999999);
#1516=VECTOR('',#5094,0.95);
#1517=VECTOR('',#5095,0.299999999999999);
#1518=VECTOR('',#5096,0.949999999999999);
#1519=VECTOR('',#5099,0.299999999999994);
#1520=VECTOR('',#5100,0.949999999999999);
#1521=VECTOR('',#5101,0.75);
#1522=VECTOR('',#5102,7.3);
#1523=VECTOR('',#5103,0.75);
#1524=VECTOR('',#5104,0.950000000000001);
#1525=VECTOR('',#5105,0.299999999999999);
#1526=VECTOR('',#5106,5.4);
#1527=VECTOR('',#5109,0.299999999999999);
#1528=VECTOR('',#5110,0.95);
#1529=VECTOR('',#5111,0.75);
#1530=VECTOR('',#5112,7.3);
#1531=VECTOR('',#5113,0.750000000000001);
#1532=VECTOR('',#5114,0.950000000000001);
#1533=VECTOR('',#5115,0.299999999999994);
#1534=VECTOR('',#5116,5.4);
#1535=VECTOR('',#5119,0.375);
#1536=VECTOR('',#5120,0.660018939122204);
#1537=VECTOR('',#5121,0.375);
#1538=VECTOR('',#5124,0.375);
#1539=VECTOR('',#5127,0.375);
#1540=VECTOR('',#5128,1.075);
#1541=VECTOR('',#5133,0.20000000000001);
#1542=VECTOR('',#5136,0.375);
#1543=VECTOR('',#5139,0.375);
#1544=VECTOR('',#5140,0.20000000000001);
#1545=VECTOR('',#5143,0.375);
#1546=VECTOR('',#5146,1.075);
#1547=VECTOR('',#5149,0.375);
#1548=VECTOR('',#5154,0.600000000000001);
#1549=VECTOR('',#5155,0.600000000000001);
#1550=VECTOR('',#5158,0.600000000000001);
#1551=VECTOR('',#5159,0.600000000000001);
#1552=VECTOR('',#5162,0.600000000000001);
#1553=VECTOR('',#5165,0.600000000000001);
#1554=VECTOR('',#5168,1.7);
#1555=VECTOR('',#5169,2.9);
#1556=VECTOR('',#5170,0.6);
#1557=VECTOR('',#5173,0.3);
#1558=VECTOR('',#5174,1.8);
#1559=VECTOR('',#5175,0.3);
#1560=VECTOR('',#5176,0.699999999999999);
#1561=VECTOR('',#5177,0.3);
#1562=VECTOR('',#5178,1.125);
#1563=VECTOR('',#5179,1.55000000000002);
#1564=VECTOR('',#5180,0.600000000000001);
#1565=VECTOR('',#5181,1.55000000000001);
#1566=VECTOR('',#5182,1.125);
#1567=VECTOR('',#5183,0.3);
#1568=VECTOR('',#5184,0.699999999999998);
#1569=VECTOR('',#5185,0.3);
#1570=VECTOR('',#5186,1.8);
#1571=VECTOR('',#5187,0.3);
#1572=VECTOR('',#5188,0.7);
#1573=VECTOR('',#5191,3.5);
#1574=VECTOR('',#5196,3.5);
#1575=VECTOR('',#5199,0.6);
#1576=VECTOR('',#5200,2.9);
#1577=VECTOR('',#5201,1.7);
#1578=VECTOR('',#5204,0.6);
#1579=VECTOR('',#5207,0.6);
#1580=VECTOR('',#5210,0.6);
#1581=VECTOR('',#5213,0.6);
#1582=VECTOR('',#5218,0.499999999999997);
#1583=VECTOR('',#5219,0.3);
#1584=VECTOR('',#5220,0.499999999999997);
#1585=VECTOR('',#5223,0.499999999999997);
#1586=VECTOR('',#5224,0.699999999999997);
#1587=VECTOR('',#5227,1.1);
#1588=VECTOR('',#5228,0.14142135623731);
#1589=VECTOR('',#5229,2.2);
#1590=VECTOR('',#5230,0.506896877524852);
#1591=VECTOR('',#5231,0.333333333333331);
#1592=VECTOR('',#5232,0.506896877524852);
#1593=VECTOR('',#5233,2.2);
#1594=VECTOR('',#5234,0.14142135623731);
#1595=VECTOR('',#5235,1.1);
#1596=VECTOR('',#5238,0.3);
#1597=VECTOR('',#5239,1.1);
#1598=VECTOR('',#5244,1.1);
#1599=VECTOR('',#5245,0.3);
#1600=VECTOR('',#5248,0.14142135623731);
#1601=VECTOR('',#5249,0.3);
#1602=VECTOR('',#5252,2.2);
#1603=VECTOR('',#5253,0.3);
#1604=VECTOR('',#5256,0.3);
#1605=VECTOR('',#5257,0.141421356237309);
#1606=VECTOR('',#5260,0.3);
#1607=VECTOR('',#5261,2.2);
#1608=VECTOR('',#5264,0.3);
#1609=VECTOR('',#5265,0.506896877524852);
#1610=VECTOR('',#5268,0.499999999999997);
#1611=VECTOR('',#5269,0.3);
#1612=VECTOR('',#5272,0.3);
#1613=VECTOR('',#5273,0.506896877524852);
#1614=VECTOR('',#5276,0.699999999999997);
#1615=VECTOR('',#5279,0.333333333333332);
#1616=VECTOR('',#5282,1.1);
#1617=VECTOR('',#5283,0.3);
#1618=VECTOR('',#5284,1.1);
#1619=VECTOR('',#5287,0.500000000000003);
#1620=VECTOR('',#5288,0.699999999999998);
#1621=VECTOR('',#5289,0.500000000000002);
#1622=VECTOR('',#5292,0.500000000000003);
#1623=VECTOR('',#5293,0.3);
#1624=VECTOR('',#5296,0.333333333333329);
#1625=VECTOR('',#5297,0.3);
#1626=VECTOR('',#5298,0.333333333333329);
#1627=VECTOR('',#5299,0.3);
#1628=VECTOR('',#5302,0.699999999999998);
#1629=VECTOR('',#5303,0.3);
#1630=VECTOR('',#5306,0.506896877524853);
#1631=VECTOR('',#5307,0.3);
#1632=VECTOR('',#5308,0.506896877524853);
#1633=VECTOR('',#5311,0.500000000000002);
#1634=VECTOR('',#5316,0.14142135623731);
#1635=VECTOR('',#5317,2.2);
#1636=VECTOR('',#5318,0.506896877524852);
#1637=VECTOR('',#5319,2.2);
#1638=VECTOR('',#5320,0.14142135623731);
#1639=VECTOR('',#5321,1.1);
#1640=VECTOR('',#5324,0.14142135623731);
#1641=VECTOR('',#5325,0.3);
#1642=VECTOR('',#5328,2.2);
#1643=VECTOR('',#5329,0.3);
#1644=VECTOR('',#5332,0.506896877524852);
#1645=VECTOR('',#5335,0.3);
#1646=VECTOR('',#5336,1.1);
#1647=VECTOR('',#5339,0.3);
#1648=VECTOR('',#5340,0.14142135623731);
#1649=VECTOR('',#5343,2.2);
#1650=VECTOR('',#5346,1.1);
#1651=VECTOR('',#5347,0.3);
#1652=VECTOR('',#5348,1.1);
#1653=VECTOR('',#5351,0.5);
#1654=VECTOR('',#5352,0.3);
#1655=VECTOR('',#5353,0.5);
#1656=VECTOR('',#5356,0.5);
#1657=VECTOR('',#5357,0.7);
#1658=VECTOR('',#5360,0.7);
#1659=VECTOR('',#5361,0.5);
#1660=VECTOR('',#5362,0.14142135623731);
#1661=VECTOR('',#5363,2.2);
#1662=VECTOR('',#5364,0.506896877524852);
#1663=VECTOR('',#5365,0.333333333333338);
#1664=VECTOR('',#5366,0.506896877524853);
#1665=VECTOR('',#5367,2.2);
#1666=VECTOR('',#5368,0.141421356237309);
#1667=VECTOR('',#5369,1.1);
#1668=VECTOR('',#5372,0.333333333333338);
#1669=VECTOR('',#5373,0.3);
#1670=VECTOR('',#5374,0.3);
#1671=VECTOR('',#5377,0.3);
#1672=VECTOR('',#5380,0.506896877524853);
#1673=VECTOR('',#5381,0.3);
#1674=VECTOR('',#5386,1.1);
#1675=VECTOR('',#5387,0.141421356237309);
#1676=VECTOR('',#5388,2.2);
#1677=VECTOR('',#5389,0.506896877524852);
#1678=VECTOR('',#5390,2.2);
#1679=VECTOR('',#5391,0.14142135623731);
#1680=VECTOR('',#5396,0.3);
#1681=VECTOR('',#5399,0.3);
#1682=VECTOR('',#5404,0.3);
#1683=VECTOR('',#5407,0.3);
#1684=VERTEX_POINT('',#5412);
#1685=VERTEX_POINT('',#5413);
#1686=VERTEX_POINT('',#5415);
#1687=VERTEX_POINT('',#5417);
#1688=VERTEX_POINT('',#5421);
#1689=VERTEX_POINT('',#5422);
#1690=VERTEX_POINT('',#5424);
#1691=VERTEX_POINT('',#5426);
#1692=VERTEX_POINT('',#5428);
#1693=VERTEX_POINT('',#5430);
#1694=VERTEX_POINT('',#5434);
#1695=VERTEX_POINT('',#5436);
#1696=VERTEX_POINT('',#5438);
#1697=VERTEX_POINT('',#5440);
#1698=VERTEX_POINT('',#5442);
#1699=VERTEX_POINT('',#5444);
#1700=VERTEX_POINT('',#5448);
#1701=VERTEX_POINT('',#5449);
#1702=VERTEX_POINT('',#5451);
#1703=VERTEX_POINT('',#5453);
#1704=VERTEX_POINT('',#5455);
#1705=VERTEX_POINT('',#5457);
#1706=VERTEX_POINT('',#5461);
#1707=VERTEX_POINT('',#5462);
#1708=VERTEX_POINT('',#5464);
#1709=VERTEX_POINT('',#5466);
#1710=VERTEX_POINT('',#5468);
#1711=VERTEX_POINT('',#5470);
#1712=VERTEX_POINT('',#5474);
#1713=VERTEX_POINT('',#5475);
#1714=VERTEX_POINT('',#5477);
#1715=VERTEX_POINT('',#5479);
#1716=VERTEX_POINT('',#5483);
#1717=VERTEX_POINT('',#5484);
#1718=VERTEX_POINT('',#5486);
#1719=VERTEX_POINT('',#5488);
#1720=VERTEX_POINT('',#5492);
#1721=VERTEX_POINT('',#5493);
#1722=VERTEX_POINT('',#5495);
#1723=VERTEX_POINT('',#5497);
#1724=VERTEX_POINT('',#5501);
#1725=VERTEX_POINT('',#5502);
#1726=VERTEX_POINT('',#5504);
#1727=VERTEX_POINT('',#5506);
#1728=VERTEX_POINT('',#5508);
#1729=VERTEX_POINT('',#5510);
#1730=VERTEX_POINT('',#5512);
#1731=VERTEX_POINT('',#5514);
#1732=VERTEX_POINT('',#5516);
#1733=VERTEX_POINT('',#5518);
#1734=VERTEX_POINT('',#5520);
#1735=VERTEX_POINT('',#5522);
#1736=VERTEX_POINT('',#5524);
#1737=VERTEX_POINT('',#5526);
#1738=VERTEX_POINT('',#5530);
#1739=VERTEX_POINT('',#5531);
#1740=VERTEX_POINT('',#5533);
#1741=VERTEX_POINT('',#5535);
#1742=VERTEX_POINT('',#5539);
#1743=VERTEX_POINT('',#5540);
#1744=VERTEX_POINT('',#5542);
#1745=VERTEX_POINT('',#5544);
#1746=VERTEX_POINT('',#5548);
#1747=VERTEX_POINT('',#5550);
#1748=VERTEX_POINT('',#5552);
#1749=VERTEX_POINT('',#5554);
#1750=VERTEX_POINT('',#5556);
#1751=VERTEX_POINT('',#5558);
#1752=VERTEX_POINT('',#5561);
#1753=VERTEX_POINT('',#5563);
#1754=VERTEX_POINT('',#5567);
#1755=VERTEX_POINT('',#5571);
#1756=VERTEX_POINT('',#5573);
#1757=VERTEX_POINT('',#5575);
#1758=VERTEX_POINT('',#5577);
#1759=VERTEX_POINT('',#5579);
#1760=VERTEX_POINT('',#5581);
#1761=VERTEX_POINT('',#5584);
#1762=VERTEX_POINT('',#5586);
#1763=VERTEX_POINT('',#5590);
#1764=VERTEX_POINT('',#5594);
#1765=VERTEX_POINT('',#5595);
#1766=VERTEX_POINT('',#5597);
#1767=VERTEX_POINT('',#5599);
#1768=VERTEX_POINT('',#5603);
#1769=VERTEX_POINT('',#5605);
#1770=VERTEX_POINT('',#5609);
#1771=VERTEX_POINT('',#5611);
#1772=VERTEX_POINT('',#5615);
#1773=VERTEX_POINT('',#5616);
#1774=VERTEX_POINT('',#5618);
#1775=VERTEX_POINT('',#5620);
#1776=VERTEX_POINT('',#5624);
#1777=VERTEX_POINT('',#5626);
#1778=VERTEX_POINT('',#5630);
#1779=VERTEX_POINT('',#5631);
#1780=VERTEX_POINT('',#5633);
#1781=VERTEX_POINT('',#5635);
#1782=VERTEX_POINT('',#5639);
#1783=VERTEX_POINT('',#5641);
#1784=VERTEX_POINT('',#5645);
#1785=VERTEX_POINT('',#5646);
#1786=VERTEX_POINT('',#5648);
#1787=VERTEX_POINT('',#5650);
#1788=VERTEX_POINT('',#5654);
#1789=VERTEX_POINT('',#5656);
#1790=VERTEX_POINT('',#5660);
#1791=VERTEX_POINT('',#5661);
#1792=VERTEX_POINT('',#5663);
#1793=VERTEX_POINT('',#5665);
#1794=VERTEX_POINT('',#5669);
#1795=VERTEX_POINT('',#5671);
#1796=VERTEX_POINT('',#5675);
#1797=VERTEX_POINT('',#5676);
#1798=VERTEX_POINT('',#5678);
#1799=VERTEX_POINT('',#5680);
#1800=VERTEX_POINT('',#5684);
#1801=VERTEX_POINT('',#5686);
#1802=VERTEX_POINT('',#5690);
#1803=VERTEX_POINT('',#5692);
#1804=VERTEX_POINT('',#5696);
#1805=VERTEX_POINT('',#5698);
#1806=VERTEX_POINT('',#5705);
#1807=VERTEX_POINT('',#5706);
#1808=VERTEX_POINT('',#5711);
#1809=VERTEX_POINT('',#5715);
#1810=VERTEX_POINT('',#5719);
#1811=VERTEX_POINT('',#5720);
#1812=VERTEX_POINT('',#5724);
#1813=VERTEX_POINT('',#5726);
#1814=VERTEX_POINT('',#5736);
#1815=VERTEX_POINT('',#5737);
#1816=VERTEX_POINT('',#5741);
#1817=VERTEX_POINT('',#5743);
#1818=VERTEX_POINT('',#5753);
#1819=VERTEX_POINT('',#5755);
#1820=VERTEX_POINT('',#5762);
#1821=VERTEX_POINT('',#5763);
#1822=VERTEX_POINT('',#5768);
#1823=VERTEX_POINT('',#5772);
#1824=VERTEX_POINT('',#5776);
#1825=VERTEX_POINT('',#5778);
#1826=VERTEX_POINT('',#5782);
#1827=VERTEX_POINT('',#5786);
#1828=VERTEX_POINT('',#5788);
#1829=VERTEX_POINT('',#5798);
#1830=VERTEX_POINT('',#5802);
#1831=VERTEX_POINT('',#5803);
#1832=VERTEX_POINT('',#5805);
#1833=VERTEX_POINT('',#5807);
#1834=VERTEX_POINT('',#5811);
#1835=VERTEX_POINT('',#5813);
#1836=VERTEX_POINT('',#5817);
#1837=VERTEX_POINT('',#5819);
#1838=VERTEX_POINT('',#5840);
#1839=VERTEX_POINT('',#5842);
#1840=VERTEX_POINT('',#5844);
#1841=VERTEX_POINT('',#5846);
#1842=VERTEX_POINT('',#5850);
#1843=VERTEX_POINT('',#5852);
#1844=VERTEX_POINT('',#5854);
#1845=VERTEX_POINT('',#5856);
#1846=VERTEX_POINT('',#5861);
#1847=VERTEX_POINT('',#5863);
#1848=VERTEX_POINT('',#5868);
#1849=VERTEX_POINT('',#5870);
#1850=VERTEX_POINT('',#5874);
#1851=VERTEX_POINT('',#5876);
#1852=VERTEX_POINT('',#5879);
#1853=VERTEX_POINT('',#5881);
#1854=VERTEX_POINT('',#5885);
#1855=VERTEX_POINT('',#5886);
#1856=VERTEX_POINT('',#5888);
#1857=VERTEX_POINT('',#5890);
#1858=VERTEX_POINT('',#5894);
#1859=VERTEX_POINT('',#5896);
#1860=VERTEX_POINT('',#5900);
#1861=VERTEX_POINT('',#5902);
#1862=VERTEX_POINT('',#5906);
#1863=VERTEX_POINT('',#5907);
#1864=VERTEX_POINT('',#5909);
#1865=VERTEX_POINT('',#5911);
#1866=VERTEX_POINT('',#5918);
#1867=VERTEX_POINT('',#5919);
#1868=VERTEX_POINT('',#5921);
#1869=VERTEX_POINT('',#5923);
#1870=VERTEX_POINT('',#5930);
#1871=VERTEX_POINT('',#5932);
#1872=VERTEX_POINT('',#5944);
#1873=VERTEX_POINT('',#5946);
#1874=VERTEX_POINT('',#5950);
#1875=VERTEX_POINT('',#5952);
#1876=VERTEX_POINT('',#5965);
#1877=VERTEX_POINT('',#5969);
#1878=VERTEX_POINT('',#5970);
#1879=VERTEX_POINT('',#5972);
#1880=VERTEX_POINT('',#5974);
#1881=VERTEX_POINT('',#5976);
#1882=VERTEX_POINT('',#5978);
#1883=VERTEX_POINT('',#5980);
#1884=VERTEX_POINT('',#5982);
#1885=VERTEX_POINT('',#5984);
#1886=VERTEX_POINT('',#5986);
#1887=VERTEX_POINT('',#5988);
#1888=VERTEX_POINT('',#5990);
#1889=VERTEX_POINT('',#5992);
#1890=VERTEX_POINT('',#5994);
#1891=VERTEX_POINT('',#5996);
#1892=VERTEX_POINT('',#5998);
#1893=VERTEX_POINT('',#6000);
#1894=VERTEX_POINT('',#6002);
#1895=VERTEX_POINT('',#6004);
#1896=VERTEX_POINT('',#6007);
#1897=VERTEX_POINT('',#6009);
#1898=VERTEX_POINT('',#6011);
#1899=VERTEX_POINT('',#6013);
#1900=VERTEX_POINT('',#6015);
#1901=VERTEX_POINT('',#6019);
#1902=VERTEX_POINT('',#6020);
#1903=VERTEX_POINT('',#6022);
#1904=VERTEX_POINT('',#6024);
#1905=VERTEX_POINT('',#6028);
#1906=VERTEX_POINT('',#6030);
#1907=VERTEX_POINT('',#6034);
#1908=VERTEX_POINT('',#6036);
#1909=VERTEX_POINT('',#6043);
#1910=VERTEX_POINT('',#6044);
#1911=VERTEX_POINT('',#6046);
#1912=VERTEX_POINT('',#6048);
#1913=VERTEX_POINT('',#6052);
#1914=VERTEX_POINT('',#6054);
#1915=VERTEX_POINT('',#6058);
#1916=VERTEX_POINT('',#6060);
#1917=VERTEX_POINT('',#6067);
#1918=VERTEX_POINT('',#6068);
#1919=VERTEX_POINT('',#6070);
#1920=VERTEX_POINT('',#6072);
#1921=VERTEX_POINT('',#6076);
#1922=VERTEX_POINT('',#6078);
#1923=VERTEX_POINT('',#6082);
#1924=VERTEX_POINT('',#6084);
#1925=VERTEX_POINT('',#6091);
#1926=VERTEX_POINT('',#6092);
#1927=VERTEX_POINT('',#6094);
#1928=VERTEX_POINT('',#6096);
#1929=VERTEX_POINT('',#6098);
#1930=VERTEX_POINT('',#6100);
#1931=VERTEX_POINT('',#6109);
#1932=VERTEX_POINT('',#6113);
#1933=VERTEX_POINT('',#6117);
#1934=VERTEX_POINT('',#6125);
#1935=VERTEX_POINT('',#6127);
#1936=VERTEX_POINT('',#6131);
#1937=VERTEX_POINT('',#6133);
#1938=VERTEX_POINT('',#6140);
#1939=VERTEX_POINT('',#6142);
#1940=VERTEX_POINT('',#6147);
#1941=VERTEX_POINT('',#6149);
#1942=VERTEX_POINT('',#6158);
#1943=VERTEX_POINT('',#6160);
#1944=VERTEX_POINT('',#6164);
#1945=VERTEX_POINT('',#6166);
#1946=VERTEX_POINT('',#6170);
#1947=VERTEX_POINT('',#6172);
#1948=VERTEX_POINT('',#6184);
#1949=VERTEX_POINT('',#6186);
#1950=VERTEX_POINT('',#6190);
#1951=VERTEX_POINT('',#6191);
#1952=VERTEX_POINT('',#6193);
#1953=VERTEX_POINT('',#6195);
#1954=VERTEX_POINT('',#6199);
#1955=VERTEX_POINT('',#6200);
#1956=VERTEX_POINT('',#6202);
#1957=VERTEX_POINT('',#6204);
#1958=VERTEX_POINT('',#6208);
#1959=VERTEX_POINT('',#6209);
#1960=VERTEX_POINT('',#6211);
#1961=VERTEX_POINT('',#6213);
#1962=VERTEX_POINT('',#6217);
#1963=VERTEX_POINT('',#6218);
#1964=VERTEX_POINT('',#6220);
#1965=VERTEX_POINT('',#6222);
#1966=VERTEX_POINT('',#6226);
#1967=VERTEX_POINT('',#6227);
#1968=VERTEX_POINT('',#6229);
#1969=VERTEX_POINT('',#6231);
#1970=VERTEX_POINT('',#6233);
#1971=VERTEX_POINT('',#6235);
#1972=VERTEX_POINT('',#6237);
#1973=VERTEX_POINT('',#6239);
#1974=VERTEX_POINT('',#6243);
#1975=VERTEX_POINT('',#6244);
#1976=VERTEX_POINT('',#6246);
#1977=VERTEX_POINT('',#6248);
#1978=VERTEX_POINT('',#6250);
#1979=VERTEX_POINT('',#6252);
#1980=VERTEX_POINT('',#6254);
#1981=VERTEX_POINT('',#6256);
#1982=VERTEX_POINT('',#6260);
#1983=VERTEX_POINT('',#6262);
#1984=VERTEX_POINT('',#6268);
#1985=VERTEX_POINT('',#6277);
#1986=VERTEX_POINT('',#6302);
#1987=VERTEX_POINT('',#6303);
#1988=VERTEX_POINT('',#6305);
#1989=VERTEX_POINT('',#6307);
#1990=VERTEX_POINT('',#6309);
#1991=VERTEX_POINT('',#6311);
#1992=VERTEX_POINT('',#6313);
#1993=VERTEX_POINT('',#6317);
#1994=VERTEX_POINT('',#6319);
#1995=VERTEX_POINT('',#6321);
#1996=VERTEX_POINT('',#6323);
#1997=VERTEX_POINT('',#6325);
#1998=VERTEX_POINT('',#6327);
#1999=VERTEX_POINT('',#6329);
#2000=VERTEX_POINT('',#6351);
#2001=VERTEX_POINT('',#6353);
#2002=VERTEX_POINT('',#6357);
#2003=VERTEX_POINT('',#6361);
#2004=VERTEX_POINT('',#6363);
#2005=VERTEX_POINT('',#6365);
#2006=VERTEX_POINT('',#6367);
#2007=VERTEX_POINT('',#6369);
#2008=VERTEX_POINT('',#6371);
#2009=VERTEX_POINT('',#6373);
#2010=VERTEX_POINT('',#6375);
#2011=VERTEX_POINT('',#6379);
#2012=VERTEX_POINT('',#6384);
#2013=VERTEX_POINT('',#6388);
#2014=VERTEX_POINT('',#6392);
#2015=VERTEX_POINT('',#6396);
#2016=VERTEX_POINT('',#6400);
#2017=VERTEX_POINT('',#6404);
#2018=VERTEX_POINT('',#6408);
#2019=VERTEX_POINT('',#6412);
#2020=VERTEX_POINT('',#6420);
#2021=VERTEX_POINT('',#6422);
#2022=VERTEX_POINT('',#6426);
#2023=VERTEX_POINT('',#6428);
#2024=VERTEX_POINT('',#6432);
#2025=VERTEX_POINT('',#6436);
#2026=VERTEX_POINT('',#6437);
#2027=VERTEX_POINT('',#6439);
#2028=VERTEX_POINT('',#6441);
#2029=VERTEX_POINT('',#6445);
#2030=VERTEX_POINT('',#6449);
#2031=VERTEX_POINT('',#6451);
#2032=VERTEX_POINT('',#6458);
#2033=VERTEX_POINT('',#6460);
#2034=VERTEX_POINT('',#6463);
#2035=VERTEX_POINT('',#6465);
#2036=VERTEX_POINT('',#6469);
#2037=VERTEX_POINT('',#6473);
#2038=VERTEX_POINT('',#6479);
#2039=VERTEX_POINT('',#6483);
#2040=VERTEX_POINT('',#6489);
#2041=VERTEX_POINT('',#6491);
#2042=VERTEX_POINT('',#6495);
#2043=VERTEX_POINT('',#6497);
#2044=VERTEX_POINT('',#6501);
#2045=VERTEX_POINT('',#6505);
#2046=VERTEX_POINT('',#6508);
#2047=VERTEX_POINT('',#6510);
#2048=VERTEX_POINT('',#6512);
#2049=VERTEX_POINT('',#6514);
#2050=VERTEX_POINT('',#6516);
#2051=VERTEX_POINT('',#6518);
#2052=VERTEX_POINT('',#6520);
#2053=VERTEX_POINT('',#6524);
#2054=VERTEX_POINT('',#6525);
#2055=VERTEX_POINT('',#6532);
#2056=VERTEX_POINT('',#6537);
#2057=VERTEX_POINT('',#6539);
#2058=VERTEX_POINT('',#6542);
#2059=VERTEX_POINT('',#6544);
#2060=EDGE_CURVE('',#1684,#1685,#600,.T.);
#2061=EDGE_CURVE('',#1686,#1684,#601,.T.);
#2062=EDGE_CURVE('',#1687,#1686,#602,.T.);
#2063=EDGE_CURVE('',#1685,#1687,#603,.T.);
#2064=EDGE_CURVE('',#1688,#1689,#604,.T.);
#2065=EDGE_CURVE('',#1690,#1689,#605,.T.);
#2066=EDGE_CURVE('',#1691,#1690,#606,.T.);
#2067=EDGE_CURVE('',#1692,#1691,#607,.T.);
#2068=EDGE_CURVE('',#1692,#1693,#608,.T.);
#2069=EDGE_CURVE('',#1693,#1688,#609,.T.);
#2070=EDGE_CURVE('',#1694,#1687,#610,.T.);
#2071=EDGE_CURVE('',#1694,#1695,#611,.T.);
#2072=EDGE_CURVE('',#1695,#1696,#612,.T.);
#2073=EDGE_CURVE('',#1696,#1697,#613,.T.);
#2074=EDGE_CURVE('',#1697,#1698,#614,.T.);
#2075=EDGE_CURVE('',#1698,#1699,#615,.T.);
#2076=EDGE_CURVE('',#1699,#1685,#616,.T.);
#2077=EDGE_CURVE('',#1700,#1701,#617,.T.);
#2078=EDGE_CURVE('',#1702,#1700,#618,.T.);
#2079=EDGE_CURVE('',#1703,#1702,#619,.T.);
#2080=EDGE_CURVE('',#1704,#1703,#620,.T.);
#2081=EDGE_CURVE('',#1704,#1705,#621,.T.);
#2082=EDGE_CURVE('',#1701,#1705,#622,.T.);
#2083=EDGE_CURVE('',#1706,#1707,#623,.T.);
#2084=EDGE_CURVE('',#1708,#1707,#624,.T.);
#2085=EDGE_CURVE('',#1709,#1708,#625,.T.);
#2086=EDGE_CURVE('',#1710,#1709,#626,.T.);
#2087=EDGE_CURVE('',#1711,#1710,#627,.T.);
#2088=EDGE_CURVE('',#1706,#1711,#628,.T.);
#2089=EDGE_CURVE('',#1712,#1713,#629,.T.);
#2090=EDGE_CURVE('',#1714,#1713,#630,.T.);
#2091=EDGE_CURVE('',#1714,#1715,#631,.T.);
#2092=EDGE_CURVE('',#1712,#1715,#632,.T.);
#2093=EDGE_CURVE('',#1716,#1717,#633,.T.);
#2094=EDGE_CURVE('',#1718,#1717,#634,.T.);
#2095=EDGE_CURVE('',#1718,#1719,#635,.T.);
#2096=EDGE_CURVE('',#1716,#1719,#636,.T.);
#2097=EDGE_CURVE('',#1720,#1721,#637,.T.);
#2098=EDGE_CURVE('',#1722,#1720,#638,.T.);
#2099=EDGE_CURVE('',#1723,#1722,#639,.T.);
#2100=EDGE_CURVE('',#1721,#1723,#640,.T.);
#2101=EDGE_CURVE('',#1724,#1725,#641,.T.);
#2102=EDGE_CURVE('',#1725,#1726,#642,.T.);
#2103=EDGE_CURVE('',#1726,#1727,#643,.T.);
#2104=EDGE_CURVE('',#1727,#1728,#644,.T.);
#2105=EDGE_CURVE('',#1728,#1729,#645,.T.);
#2106=EDGE_CURVE('',#1730,#1729,#646,.T.);
#2107=EDGE_CURVE('',#1731,#1730,#647,.T.);
#2108=EDGE_CURVE('',#1731,#1732,#648,.T.);
#2109=EDGE_CURVE('',#1733,#1732,#38,.T.);
#2110=EDGE_CURVE('',#1734,#1733,#649,.T.);
#2111=EDGE_CURVE('',#1735,#1734,#39,.T.);
#2112=EDGE_CURVE('',#1736,#1735,#650,.T.);
#2113=EDGE_CURVE('',#1737,#1736,#651,.T.);
#2114=EDGE_CURVE('',#1737,#1724,#652,.T.);
#2115=EDGE_CURVE('',#1738,#1739,#40,.T.);
#2116=EDGE_CURVE('',#1740,#1738,#653,.T.);
#2117=EDGE_CURVE('',#1741,#1740,#41,.T.);
#2118=EDGE_CURVE('',#1739,#1741,#654,.T.);
#2119=EDGE_CURVE('',#1742,#1743,#42,.T.);
#2120=EDGE_CURVE('',#1744,#1742,#655,.T.);
#2121=EDGE_CURVE('',#1745,#1744,#43,.T.);
#2122=EDGE_CURVE('',#1743,#1745,#656,.T.);
#2123=EDGE_CURVE('',#1746,#1743,#657,.T.);
#2124=EDGE_CURVE('',#1747,#1746,#658,.T.);
#2125=EDGE_CURVE('',#1748,#1747,#659,.T.);
#2126=EDGE_CURVE('',#1748,#1749,#660,.T.);
#2127=EDGE_CURVE('',#1749,#1750,#661,.T.);
#2128=EDGE_CURVE('',#1750,#1751,#662,.T.);
#2129=EDGE_CURVE('',#1751,#1714,#663,.T.);
#2130=EDGE_CURVE('',#1752,#1713,#664,.T.);
#2131=EDGE_CURVE('',#1753,#1752,#665,.T.);
#2132=EDGE_CURVE('',#1742,#1753,#666,.T.);
#2133=EDGE_CURVE('',#1745,#1754,#667,.T.);
#2134=EDGE_CURVE('',#1754,#1746,#668,.T.);
#2135=EDGE_CURVE('',#1755,#1739,#669,.T.);
#2136=EDGE_CURVE('',#1756,#1755,#670,.T.);
#2137=EDGE_CURVE('',#1757,#1756,#671,.T.);
#2138=EDGE_CURVE('',#1757,#1758,#672,.T.);
#2139=EDGE_CURVE('',#1758,#1759,#673,.T.);
#2140=EDGE_CURVE('',#1759,#1760,#674,.T.);
#2141=EDGE_CURVE('',#1760,#1718,#675,.T.);
#2142=EDGE_CURVE('',#1761,#1717,#676,.T.);
#2143=EDGE_CURVE('',#1762,#1761,#677,.T.);
#2144=EDGE_CURVE('',#1738,#1762,#678,.T.);
#2145=EDGE_CURVE('',#1741,#1763,#679,.T.);
#2146=EDGE_CURVE('',#1763,#1755,#680,.T.);
#2147=EDGE_CURVE('',#1764,#1765,#44,.T.);
#2148=EDGE_CURVE('',#1765,#1766,#681,.T.);
#2149=EDGE_CURVE('',#1767,#1766,#45,.T.);
#2150=EDGE_CURVE('',#1767,#1764,#682,.T.);
#2151=EDGE_CURVE('',#1765,#1768,#683,.T.);
#2152=EDGE_CURVE('',#1769,#1768,#684,.T.);
#2153=EDGE_CURVE('',#1766,#1769,#685,.T.);
#2154=EDGE_CURVE('',#1769,#1770,#46,.T.);
#2155=EDGE_CURVE('',#1768,#1771,#47,.T.);
#2156=EDGE_CURVE('',#1771,#1770,#686,.T.);
#2157=EDGE_CURVE('',#1772,#1773,#48,.T.);
#2158=EDGE_CURVE('',#1772,#1774,#687,.T.);
#2159=EDGE_CURVE('',#1774,#1775,#49,.T.);
#2160=EDGE_CURVE('',#1775,#1773,#688,.T.);
#2161=EDGE_CURVE('',#1776,#1772,#689,.T.);
#2162=EDGE_CURVE('',#1777,#1776,#690,.T.);
#2163=EDGE_CURVE('',#1774,#1777,#691,.T.);
#2164=EDGE_CURVE('',#1778,#1779,#50,.T.);
#2165=EDGE_CURVE('',#1778,#1780,#692,.T.);
#2166=EDGE_CURVE('',#1780,#1781,#51,.T.);
#2167=EDGE_CURVE('',#1781,#1779,#693,.T.);
#2168=EDGE_CURVE('',#1782,#1778,#694,.T.);
#2169=EDGE_CURVE('',#1783,#1782,#695,.T.);
#2170=EDGE_CURVE('',#1780,#1783,#696,.T.);
#2171=EDGE_CURVE('',#1784,#1785,#52,.T.);
#2172=EDGE_CURVE('',#1784,#1786,#697,.T.);
#2173=EDGE_CURVE('',#1786,#1787,#53,.T.);
#2174=EDGE_CURVE('',#1787,#1785,#698,.T.);
#2175=EDGE_CURVE('',#1788,#1784,#699,.T.);
#2176=EDGE_CURVE('',#1789,#1788,#700,.T.);
#2177=EDGE_CURVE('',#1786,#1789,#701,.T.);
#2178=EDGE_CURVE('',#1790,#1791,#54,.T.);
#2179=EDGE_CURVE('',#1790,#1792,#702,.T.);
#2180=EDGE_CURVE('',#1792,#1793,#55,.T.);
#2181=EDGE_CURVE('',#1793,#1791,#703,.T.);
#2182=EDGE_CURVE('',#1794,#1790,#704,.T.);
#2183=EDGE_CURVE('',#1795,#1794,#705,.T.);
#2184=EDGE_CURVE('',#1792,#1795,#706,.T.);
#2185=EDGE_CURVE('',#1796,#1797,#56,.T.);
#2186=EDGE_CURVE('',#1796,#1798,#707,.T.);
#2187=EDGE_CURVE('',#1798,#1799,#57,.T.);
#2188=EDGE_CURVE('',#1799,#1797,#708,.T.);
#2189=EDGE_CURVE('',#1800,#1796,#709,.T.);
#2190=EDGE_CURVE('',#1801,#1800,#710,.T.);
#2191=EDGE_CURVE('',#1801,#1798,#711,.T.);
#2192=EDGE_CURVE('',#1802,#1801,#58,.T.);
#2193=EDGE_CURVE('',#1803,#1800,#59,.T.);
#2194=EDGE_CURVE('',#1803,#1802,#712,.T.);
#2195=EDGE_CURVE('',#1804,#1793,#713,.T.);
#2196=EDGE_CURVE('',#1804,#1805,#714,.T.);
#2197=EDGE_CURVE('',#1791,#1805,#715,.T.);
#2198=EDGE_CURVE('',#1805,#1803,#716,.T.);
#2199=EDGE_CURVE('',#1802,#1804,#717,.T.);
#2200=EDGE_CURVE('',#1806,#1807,#60,.T.);
#2201=EDGE_CURVE('',#1795,#1806,#718,.T.);
#2202=EDGE_CURVE('',#1728,#1794,#719,.T.);
#2203=EDGE_CURVE('',#1750,#1727,#61,.T.);
#2204=EDGE_CURVE('',#1808,#1749,#720,.T.);
#2205=EDGE_CURVE('',#1807,#1808,#721,.T.);
#2206=EDGE_CURVE('',#1748,#1809,#722,.T.);
#2207=EDGE_CURVE('',#1808,#1809,#723,.T.);
#2208=EDGE_CURVE('',#1810,#1811,#62,.T.);
#2209=EDGE_CURVE('',#1719,#1810,#724,.T.);
#2210=EDGE_CURVE('',#1696,#1760,#63,.T.);
#2211=EDGE_CURVE('',#1812,#1695,#725,.T.);
#2212=EDGE_CURVE('',#1813,#1812,#726,.T.);
#2213=EDGE_CURVE('',#1811,#1813,#727,.T.);
#2214=EDGE_CURVE('',#1813,#1787,#728,.T.);
#2215=EDGE_CURVE('',#1785,#1812,#729,.T.);
#2216=EDGE_CURVE('',#1789,#1799,#730,.T.);
#2217=EDGE_CURVE('',#1797,#1788,#731,.T.);
#2218=EDGE_CURVE('',#1814,#1815,#64,.T.);
#2219=EDGE_CURVE('',#1715,#1814,#732,.T.);
#2220=EDGE_CURVE('',#1726,#1751,#65,.T.);
#2221=EDGE_CURVE('',#1816,#1725,#733,.T.);
#2222=EDGE_CURVE('',#1817,#1816,#734,.T.);
#2223=EDGE_CURVE('',#1815,#1817,#735,.T.);
#2224=EDGE_CURVE('',#1817,#1781,#736,.T.);
#2225=EDGE_CURVE('',#1779,#1816,#737,.T.);
#2226=EDGE_CURVE('',#1783,#1771,#738,.T.);
#2227=EDGE_CURVE('',#1770,#1782,#739,.T.);
#2228=EDGE_CURVE('',#1818,#1775,#740,.T.);
#2229=EDGE_CURVE('',#1818,#1819,#741,.T.);
#2230=EDGE_CURVE('',#1773,#1819,#742,.T.);
#2231=EDGE_CURVE('',#1819,#1767,#743,.T.);
#2232=EDGE_CURVE('',#1764,#1818,#744,.T.);
#2233=EDGE_CURVE('',#1820,#1821,#66,.T.);
#2234=EDGE_CURVE('',#1777,#1820,#745,.T.);
#2235=EDGE_CURVE('',#1698,#1776,#746,.T.);
#2236=EDGE_CURVE('',#1759,#1697,#67,.T.);
#2237=EDGE_CURVE('',#1822,#1758,#747,.T.);
#2238=EDGE_CURVE('',#1821,#1822,#748,.T.);
#2239=EDGE_CURVE('',#1757,#1823,#749,.T.);
#2240=EDGE_CURVE('',#1822,#1823,#750,.T.);
#2241=EDGE_CURVE('',#1824,#1761,#751,.T.);
#2242=EDGE_CURVE('',#1824,#1825,#752,.T.);
#2243=EDGE_CURVE('',#1825,#1762,#753,.T.);
#2244=EDGE_CURVE('',#1747,#1826,#754,.T.);
#2245=EDGE_CURVE('',#1754,#1826,#755,.T.);
#2246=EDGE_CURVE('',#1827,#1744,#756,.T.);
#2247=EDGE_CURVE('',#1828,#1827,#757,.T.);
#2248=EDGE_CURVE('',#1712,#1828,#758,.T.);
#2249=EDGE_CURVE('',#1814,#1807,#759,.T.);
#2250=EDGE_CURVE('',#1826,#1809,#760,.T.);
#2251=EDGE_CURVE('',#1820,#1811,#761,.T.);
#2252=EDGE_CURVE('',#1810,#1821,#762,.T.);
#2253=EDGE_CURVE('',#1756,#1829,#763,.T.);
#2254=EDGE_CURVE('',#1763,#1829,#764,.T.);
#2255=EDGE_CURVE('',#1830,#1831,#765,.T.);
#2256=EDGE_CURVE('',#1832,#1831,#766,.T.);
#2257=EDGE_CURVE('',#1832,#1833,#767,.T.);
#2258=EDGE_CURVE('',#1830,#1833,#768,.T.);
#2259=EDGE_CURVE('',#1833,#1834,#769,.T.);
#2260=EDGE_CURVE('',#1835,#1832,#770,.T.);
#2261=EDGE_CURVE('',#1835,#1834,#771,.T.);
#2262=EDGE_CURVE('',#1834,#1836,#772,.T.);
#2263=EDGE_CURVE('',#1837,#1835,#773,.T.);
#2264=EDGE_CURVE('',#1837,#1836,#774,.T.);
#2265=EDGE_CURVE('',#1722,#1836,#775,.T.);
#2266=EDGE_CURVE('',#1723,#1837,#776,.T.);
#2267=EDGE_CURVE('',#1806,#1815,#777,.T.);
#2268=EDGE_CURVE('',#1721,#1831,#778,.T.);
#2269=EDGE_CURVE('',#1827,#1753,#779,.T.);
#2270=EDGE_CURVE('',#1825,#1740,#780,.T.);
#2271=EDGE_CURVE('',#1716,#1824,#781,.T.);
#2272=EDGE_CURVE('',#1829,#1823,#782,.T.);
#2273=EDGE_CURVE('',#1828,#1752,#783,.T.);
#2274=EDGE_CURVE('',#1713,#1838,#784,.T.);
#2275=EDGE_CURVE('',#1839,#1838,#785,.T.);
#2276=EDGE_CURVE('',#1839,#1840,#786,.T.);
#2277=EDGE_CURVE('',#1840,#1841,#787,.T.);
#2278=EDGE_CURVE('',#1841,#1712,#788,.T.);
#2279=EDGE_CURVE('',#1717,#1842,#789,.T.);
#2280=EDGE_CURVE('',#1842,#1843,#790,.T.);
#2281=EDGE_CURVE('',#1843,#1844,#791,.T.);
#2282=EDGE_CURVE('',#1845,#1844,#792,.T.);
#2283=EDGE_CURVE('',#1845,#1716,#793,.T.);
#2284=EDGE_CURVE('',#1725,#1707,#794,.T.);
#2285=EDGE_CURVE('',#1846,#1706,#795,.T.);
#2286=EDGE_CURVE('',#1846,#1847,#796,.T.);
#2287=EDGE_CURVE('',#1847,#1689,#797,.T.);
#2288=EDGE_CURVE('',#1688,#1698,#798,.T.);
#2289=EDGE_CURVE('',#1720,#1848,#799,.T.);
#2290=EDGE_CURVE('',#1848,#1849,#800,.T.);
#2291=EDGE_CURVE('',#1849,#1830,#801,.T.);
#2292=EDGE_CURVE('',#1850,#1730,#802,.T.);
#2293=EDGE_CURVE('',#1851,#1850,#803,.T.);
#2294=EDGE_CURVE('',#1737,#1851,#804,.T.);
#2295=EDGE_CURVE('',#1736,#1852,#805,.T.);
#2296=EDGE_CURVE('',#1852,#1853,#806,.T.);
#2297=EDGE_CURVE('',#1853,#1731,#807,.T.);
#2298=EDGE_CURVE('',#1854,#1855,#808,.T.);
#2299=EDGE_CURVE('',#1856,#1854,#809,.T.);
#2300=EDGE_CURVE('',#1857,#1856,#810,.T.);
#2301=EDGE_CURVE('',#1857,#1855,#811,.T.);
#2302=EDGE_CURVE('',#1855,#1858,#812,.T.);
#2303=EDGE_CURVE('',#1859,#1857,#813,.T.);
#2304=EDGE_CURVE('',#1858,#1859,#814,.T.);
#2305=EDGE_CURVE('',#1858,#1860,#815,.T.);
#2306=EDGE_CURVE('',#1861,#1859,#816,.T.);
#2307=EDGE_CURVE('',#1860,#1861,#817,.T.);
#2308=EDGE_CURVE('',#1862,#1863,#818,.T.);
#2309=EDGE_CURVE('',#1864,#1862,#819,.T.);
#2310=EDGE_CURVE('',#1865,#1864,#820,.T.);
#2311=EDGE_CURVE('',#1865,#1863,#821,.T.);
#2312=EDGE_CURVE('',#1863,#1854,#822,.T.);
#2313=EDGE_CURVE('',#1856,#1865,#823,.T.);
#2314=EDGE_CURVE('',#1866,#1867,#824,.T.);
#2315=EDGE_CURVE('',#1868,#1866,#825,.T.);
#2316=EDGE_CURVE('',#1869,#1868,#826,.T.);
#2317=EDGE_CURVE('',#1869,#1867,#827,.T.);
#2318=EDGE_CURVE('',#1867,#1862,#828,.T.);
#2319=EDGE_CURVE('',#1864,#1869,#829,.T.);
#2320=EDGE_CURVE('',#1870,#1866,#830,.T.);
#2321=EDGE_CURVE('',#1871,#1870,#831,.T.);
#2322=EDGE_CURVE('',#1868,#1871,#832,.T.);
#2323=EDGE_CURVE('',#1849,#1861,#833,.T.);
#2324=EDGE_CURVE('',#1848,#1860,#834,.T.);
#2325=EDGE_CURVE('',#1831,#1871,#835,.T.);
#2326=EDGE_CURVE('',#1721,#1870,#836,.T.);
#2327=EDGE_CURVE('',#1734,#1872,#837,.T.);
#2328=EDGE_CURVE('',#1872,#1873,#14,.T.);
#2329=EDGE_CURVE('',#1873,#1735,#838,.T.);
#2330=EDGE_CURVE('',#1874,#1873,#839,.T.);
#2331=EDGE_CURVE('',#1872,#1875,#840,.T.);
#2332=EDGE_CURVE('',#1875,#1874,#15,.T.);
#2333=EDGE_CURVE('',#1732,#1874,#841,.T.);
#2334=EDGE_CURVE('',#1875,#1733,#842,.T.);
#2335=EDGE_CURVE('',#1853,#1874,#843,.T.);
#2336=EDGE_CURVE('',#1852,#1873,#844,.T.);
#2337=EDGE_CURVE('',#1729,#1876,#845,.T.);
#2338=EDGE_CURVE('',#1850,#1876,#846,.T.);
#2339=EDGE_CURVE('',#1877,#1878,#847,.T.);
#2340=EDGE_CURVE('',#1879,#1877,#848,.T.);
#2341=EDGE_CURVE('',#1880,#1879,#849,.T.);
#2342=EDGE_CURVE('',#1881,#1880,#850,.T.);
#2343=EDGE_CURVE('',#1882,#1881,#851,.T.);
#2344=EDGE_CURVE('',#1883,#1882,#852,.T.);
#2345=EDGE_CURVE('',#1884,#1883,#853,.T.);
#2346=EDGE_CURVE('',#1885,#1884,#854,.T.);
#2347=EDGE_CURVE('',#1886,#1885,#855,.T.);
#2348=EDGE_CURVE('',#1887,#1886,#856,.T.);
#2349=EDGE_CURVE('',#1888,#1887,#857,.T.);
#2350=EDGE_CURVE('',#1889,#1888,#858,.T.);
#2351=EDGE_CURVE('',#1890,#1889,#859,.T.);
#2352=EDGE_CURVE('',#1891,#1890,#860,.T.);
#2353=EDGE_CURVE('',#1892,#1891,#861,.T.);
#2354=EDGE_CURVE('',#1893,#1892,#862,.T.);
#2355=EDGE_CURVE('',#1894,#1893,#863,.T.);
#2356=EDGE_CURVE('',#1895,#1894,#864,.T.);
#2357=EDGE_CURVE('',#1844,#1895,#865,.T.);
#2358=EDGE_CURVE('',#1896,#1843,#866,.T.);
#2359=EDGE_CURVE('',#1897,#1896,#867,.T.);
#2360=EDGE_CURVE('',#1898,#1897,#868,.T.);
#2361=EDGE_CURVE('',#1899,#1898,#869,.T.);
#2362=EDGE_CURVE('',#1900,#1899,#870,.T.);
#2363=EDGE_CURVE('',#1878,#1900,#871,.T.);
#2364=EDGE_CURVE('',#1901,#1902,#872,.T.);
#2365=EDGE_CURVE('',#1903,#1901,#873,.T.);
#2366=EDGE_CURVE('',#1904,#1903,#874,.T.);
#2367=EDGE_CURVE('',#1904,#1902,#875,.T.);
#2368=EDGE_CURVE('',#1902,#1905,#876,.T.);
#2369=EDGE_CURVE('',#1906,#1904,#877,.T.);
#2370=EDGE_CURVE('',#1906,#1905,#878,.T.);
#2371=EDGE_CURVE('',#1905,#1907,#879,.T.);
#2372=EDGE_CURVE('',#1908,#1906,#880,.T.);
#2373=EDGE_CURVE('',#1908,#1907,#881,.T.);
#2374=EDGE_CURVE('',#1907,#1901,#882,.T.);
#2375=EDGE_CURVE('',#1903,#1908,#883,.T.);
#2376=EDGE_CURVE('',#1909,#1910,#884,.T.);
#2377=EDGE_CURVE('',#1911,#1909,#885,.T.);
#2378=EDGE_CURVE('',#1912,#1911,#886,.T.);
#2379=EDGE_CURVE('',#1912,#1910,#887,.T.);
#2380=EDGE_CURVE('',#1910,#1913,#888,.T.);
#2381=EDGE_CURVE('',#1914,#1912,#889,.T.);
#2382=EDGE_CURVE('',#1914,#1913,#890,.T.);
#2383=EDGE_CURVE('',#1913,#1915,#891,.T.);
#2384=EDGE_CURVE('',#1916,#1914,#892,.T.);
#2385=EDGE_CURVE('',#1916,#1915,#893,.T.);
#2386=EDGE_CURVE('',#1915,#1909,#894,.T.);
#2387=EDGE_CURVE('',#1911,#1916,#895,.T.);
#2388=EDGE_CURVE('',#1917,#1918,#896,.T.);
#2389=EDGE_CURVE('',#1919,#1917,#897,.T.);
#2390=EDGE_CURVE('',#1920,#1919,#898,.T.);
#2391=EDGE_CURVE('',#1920,#1918,#899,.T.);
#2392=EDGE_CURVE('',#1918,#1921,#900,.T.);
#2393=EDGE_CURVE('',#1922,#1920,#901,.T.);
#2394=EDGE_CURVE('',#1922,#1921,#902,.T.);
#2395=EDGE_CURVE('',#1921,#1923,#903,.T.);
#2396=EDGE_CURVE('',#1924,#1922,#904,.T.);
#2397=EDGE_CURVE('',#1924,#1923,#905,.T.);
#2398=EDGE_CURVE('',#1923,#1917,#906,.T.);
#2399=EDGE_CURVE('',#1919,#1924,#907,.T.);
#2400=EDGE_CURVE('',#1925,#1926,#908,.T.);
#2401=EDGE_CURVE('',#1925,#1927,#909,.T.);
#2402=EDGE_CURVE('',#1928,#1927,#910,.T.);
#2403=EDGE_CURVE('',#1929,#1928,#911,.T.);
#2404=EDGE_CURVE('',#1930,#1929,#912,.T.);
#2405=EDGE_CURVE('',#1926,#1930,#913,.T.);
#2406=EDGE_CURVE('',#1695,#1925,#914,.T.);
#2407=EDGE_CURVE('',#1926,#1892,#915,.T.);
#2408=EDGE_CURVE('',#1700,#1891,#916,.T.);
#2409=EDGE_CURVE('',#1701,#1728,#917,.T.);
#2410=EDGE_CURVE('',#1931,#1686,#918,.T.);
#2411=EDGE_CURVE('',#1931,#1694,#919,.T.);
#2412=EDGE_CURVE('',#1876,#1932,#920,.T.);
#2413=EDGE_CURVE('',#1851,#1932,#921,.T.);
#2414=EDGE_CURVE('',#1933,#1684,#922,.T.);
#2415=EDGE_CURVE('',#1933,#1931,#923,.T.);
#2416=EDGE_CURVE('',#1932,#1724,#924,.T.);
#2417=EDGE_CURVE('',#1699,#1933,#925,.T.);
#2418=EDGE_CURVE('',#1705,#1934,#926,.T.);
#2419=EDGE_CURVE('',#1935,#1704,#927,.T.);
#2420=EDGE_CURVE('',#1935,#1934,#928,.T.);
#2421=EDGE_CURVE('',#1936,#1708,#929,.T.);
#2422=EDGE_CURVE('',#1937,#1936,#930,.T.);
#2423=EDGE_CURVE('',#1709,#1937,#931,.T.);
#2424=EDGE_CURVE('',#1838,#1936,#932,.T.);
#2425=EDGE_CURVE('',#1937,#1841,#933,.T.);
#2426=EDGE_CURVE('',#1934,#1938,#934,.T.);
#2427=EDGE_CURVE('',#1939,#1935,#935,.T.);
#2428=EDGE_CURVE('',#1809,#1939,#936,.T.);
#2429=EDGE_CURVE('',#1938,#1748,#937,.T.);
#2430=EDGE_CURVE('',#1940,#1709,#938,.T.);
#2431=EDGE_CURVE('',#1940,#1941,#939,.T.);
#2432=EDGE_CURVE('',#1941,#1710,#940,.T.);
#2433=EDGE_CURVE('',#1939,#1887,#941,.T.);
#2434=EDGE_CURVE('',#1938,#1886,#942,.T.);
#2435=EDGE_CURVE('',#1840,#1940,#943,.T.);
#2436=EDGE_CURVE('',#1927,#1942,#944,.T.);
#2437=EDGE_CURVE('',#1943,#1942,#945,.T.);
#2438=EDGE_CURVE('',#1943,#1928,#946,.T.);
#2439=EDGE_CURVE('',#1944,#1693,#947,.T.);
#2440=EDGE_CURVE('',#1692,#1945,#948,.T.);
#2441=EDGE_CURVE('',#1945,#1944,#949,.T.);
#2442=EDGE_CURVE('',#1946,#1944,#950,.T.);
#2443=EDGE_CURVE('',#1947,#1945,#951,.T.);
#2444=EDGE_CURVE('',#1823,#1947,#952,.T.);
#2445=EDGE_CURVE('',#1946,#1757,#953,.T.);
#2446=EDGE_CURVE('',#1942,#1842,#954,.T.);
#2447=EDGE_CURVE('',#1943,#1845,#955,.T.);
#2448=EDGE_CURVE('',#1928,#1895,#956,.T.);
#2449=EDGE_CURVE('',#1929,#1894,#957,.T.);
#2450=EDGE_CURVE('',#1948,#1947,#958,.T.);
#2451=EDGE_CURVE('',#1948,#1949,#959,.T.);
#2452=EDGE_CURVE('',#1949,#1946,#960,.T.);
#2453=EDGE_CURVE('',#1950,#1951,#961,.T.);
#2454=EDGE_CURVE('',#1952,#1950,#962,.T.);
#2455=EDGE_CURVE('',#1953,#1952,#963,.T.);
#2456=EDGE_CURVE('',#1951,#1953,#964,.T.);
#2457=EDGE_CURVE('',#1954,#1955,#965,.T.);
#2458=EDGE_CURVE('',#1954,#1956,#966,.T.);
#2459=EDGE_CURVE('',#1957,#1956,#967,.T.);
#2460=EDGE_CURVE('',#1955,#1957,#968,.T.);
#2461=EDGE_CURVE('',#1958,#1959,#969,.T.);
#2462=EDGE_CURVE('',#1958,#1960,#970,.T.);
#2463=EDGE_CURVE('',#1961,#1960,#971,.T.);
#2464=EDGE_CURVE('',#1959,#1961,#972,.T.);
#2465=EDGE_CURVE('',#1962,#1963,#973,.T.);
#2466=EDGE_CURVE('',#1964,#1962,#974,.T.);
#2467=EDGE_CURVE('',#1965,#1964,#975,.T.);
#2468=EDGE_CURVE('',#1963,#1965,#976,.T.);
#2469=EDGE_CURVE('',#1966,#1967,#977,.T.);
#2470=EDGE_CURVE('',#1968,#1966,#978,.T.);
#2471=EDGE_CURVE('',#1969,#1968,#979,.T.);
#2472=EDGE_CURVE('',#1970,#1969,#980,.T.);
#2473=EDGE_CURVE('',#1971,#1970,#981,.T.);
#2474=EDGE_CURVE('',#1972,#1971,#982,.T.);
#2475=EDGE_CURVE('',#1973,#1972,#983,.T.);
#2476=EDGE_CURVE('',#1967,#1973,#984,.T.);
#2477=EDGE_CURVE('',#1974,#1975,#985,.T.);
#2478=EDGE_CURVE('',#1976,#1974,#986,.T.);
#2479=EDGE_CURVE('',#1977,#1976,#987,.T.);
#2480=EDGE_CURVE('',#1978,#1977,#988,.T.);
#2481=EDGE_CURVE('',#1979,#1978,#989,.T.);
#2482=EDGE_CURVE('',#1980,#1979,#990,.T.);
#2483=EDGE_CURVE('',#1981,#1980,#991,.T.);
#2484=EDGE_CURVE('',#1975,#1981,#992,.T.);
#2485=EDGE_CURVE('',#1982,#1691,#993,.T.);
#2486=EDGE_CURVE('',#1982,#1983,#994,.T.);
#2487=EDGE_CURVE('',#1983,#1692,#995,.T.);
#2488=EDGE_CURVE('',#1930,#1893,#996,.T.);
#2489=EDGE_CURVE('',#1984,#1690,#997,.T.);
#2490=EDGE_CURVE('',#1984,#1982,#998,.T.);
#2491=EDGE_CURVE('',#1847,#1984,#999,.T.);
#2492=EDGE_CURVE('',#1702,#1890,#1000,.T.);
#2493=EDGE_CURVE('',#1985,#1711,#1001,.T.);
#2494=EDGE_CURVE('',#1985,#1846,#1002,.T.);
#2495=EDGE_CURVE('',#1703,#1889,#1003,.T.);
#2496=EDGE_CURVE('',#1941,#1985,#1004,.T.);
#2497=EDGE_CURVE('',#1704,#1888,#1005,.T.);
#2498=EDGE_CURVE('',#1960,#1973,#1006,.T.);
#2499=EDGE_CURVE('',#1961,#1972,#1007,.T.);
#2500=EDGE_CURVE('',#1955,#1966,#1008,.T.);
#2501=EDGE_CURVE('',#1954,#1967,#1009,.T.);
#2502=EDGE_CURVE('',#1959,#1971,#1010,.T.);
#2503=EDGE_CURVE('',#1957,#1968,#1011,.T.);
#2504=EDGE_CURVE('',#1963,#1958,#1012,.T.);
#2505=EDGE_CURVE('',#1970,#1977,#1013,.T.);
#2506=EDGE_CURVE('',#1976,#1962,#1014,.T.);
#2507=EDGE_CURVE('',#1986,#1987,#1015,.T.);
#2508=EDGE_CURVE('',#1988,#1986,#1016,.T.);
#2509=EDGE_CURVE('',#1989,#1988,#1017,.T.);
#2510=EDGE_CURVE('',#1990,#1989,#1018,.T.);
#2511=EDGE_CURVE('',#1991,#1990,#1019,.T.);
#2512=EDGE_CURVE('',#1992,#1991,#1020,.T.);
#2513=EDGE_CURVE('',#1949,#1992,#1021,.T.);
#2514=EDGE_CURVE('',#1983,#1948,#1022,.T.);
#2515=EDGE_CURVE('',#1993,#1839,#1023,.T.);
#2516=EDGE_CURVE('',#1994,#1993,#1024,.T.);
#2517=EDGE_CURVE('',#1995,#1994,#1025,.T.);
#2518=EDGE_CURVE('',#1996,#1995,#1026,.T.);
#2519=EDGE_CURVE('',#1997,#1996,#1027,.T.);
#2520=EDGE_CURVE('',#1998,#1997,#1028,.T.);
#2521=EDGE_CURVE('',#1999,#1998,#1029,.T.);
#2522=EDGE_CURVE('',#1987,#1999,#1030,.T.);
#2523=EDGE_CURVE('',#1992,#1896,#1031,.T.);
#2524=EDGE_CURVE('',#1993,#1885,#1032,.T.);
#2525=EDGE_CURVE('',#1979,#1952,#1033,.T.);
#2526=EDGE_CURVE('',#1978,#1969,#1034,.T.);
#2527=EDGE_CURVE('',#1956,#1953,#1035,.T.);
#2528=EDGE_CURVE('',#1980,#1950,#1036,.T.);
#2529=EDGE_CURVE('',#1981,#1951,#1037,.T.);
#2530=EDGE_CURVE('',#1975,#1965,#1038,.T.);
#2531=EDGE_CURVE('',#1974,#1964,#1039,.T.);
#2532=EDGE_CURVE('',#1883,#2000,#1040,.T.);
#2533=EDGE_CURVE('',#2000,#2001,#1041,.T.);
#2534=EDGE_CURVE('',#2001,#1884,#1042,.T.);
#2535=EDGE_CURVE('',#1882,#2002,#1043,.T.);
#2536=EDGE_CURVE('',#2002,#2000,#1044,.T.);
#2537=EDGE_CURVE('',#2003,#1995,#1045,.T.);
#2538=EDGE_CURVE('',#2004,#2003,#1046,.T.);
#2539=EDGE_CURVE('',#2005,#2004,#1047,.T.);
#2540=EDGE_CURVE('',#2006,#2005,#1048,.T.);
#2541=EDGE_CURVE('',#2006,#2007,#1049,.T.);
#2542=EDGE_CURVE('',#2007,#2008,#1050,.T.);
#2543=EDGE_CURVE('',#2008,#2009,#1051,.T.);
#2544=EDGE_CURVE('',#2009,#2010,#1052,.T.);
#2545=EDGE_CURVE('',#2010,#1996,#1053,.T.);
#2546=EDGE_CURVE('',#2011,#2010,#1054,.T.);
#2547=EDGE_CURVE('',#1997,#2011,#1055,.T.);
#2548=EDGE_CURVE('',#1994,#2012,#1056,.T.);
#2549=EDGE_CURVE('',#2012,#2003,#1057,.T.);
#2550=EDGE_CURVE('',#2012,#2013,#1058,.T.);
#2551=EDGE_CURVE('',#2013,#2004,#1059,.T.);
#2552=EDGE_CURVE('',#2013,#2014,#1060,.T.);
#2553=EDGE_CURVE('',#2014,#2005,#1061,.T.);
#2554=EDGE_CURVE('',#2015,#2009,#1062,.T.);
#2555=EDGE_CURVE('',#2011,#2015,#1063,.T.);
#2556=EDGE_CURVE('',#2016,#2008,#1064,.T.);
#2557=EDGE_CURVE('',#2015,#2016,#1065,.T.);
#2558=EDGE_CURVE('',#2007,#2017,#1066,.T.);
#2559=EDGE_CURVE('',#2016,#2017,#1067,.T.);
#2560=EDGE_CURVE('',#2018,#1881,#1068,.T.);
#2561=EDGE_CURVE('',#2018,#2002,#1069,.T.);
#2562=EDGE_CURVE('',#2019,#2006,#1070,.T.);
#2563=EDGE_CURVE('',#2014,#2019,#1071,.T.);
#2564=EDGE_CURVE('',#2001,#2018,#1072,.T.);
#2565=EDGE_CURVE('',#2017,#2019,#1073,.T.);
#2566=EDGE_CURVE('',#2020,#1988,#1074,.T.);
#2567=EDGE_CURVE('',#2020,#2021,#1075,.T.);
#2568=EDGE_CURVE('',#1989,#2021,#1076,.T.);
#2569=EDGE_CURVE('',#2022,#1898,#1077,.T.);
#2570=EDGE_CURVE('',#2022,#2023,#1078,.T.);
#2571=EDGE_CURVE('',#2023,#1899,#1079,.T.);
#2572=EDGE_CURVE('',#1897,#2024,#1080,.T.);
#2573=EDGE_CURVE('',#2024,#2022,#1081,.T.);
#2574=EDGE_CURVE('',#2025,#2026,#1082,.T.);
#2575=EDGE_CURVE('',#2027,#2025,#1083,.T.);
#2576=EDGE_CURVE('',#2028,#2027,#1084,.T.);
#2577=EDGE_CURVE('',#2026,#2028,#1085,.T.);
#2578=EDGE_CURVE('',#2029,#2024,#1086,.T.);
#2579=EDGE_CURVE('',#2023,#2029,#1087,.T.);
#2580=EDGE_CURVE('',#2028,#2030,#1088,.T.);
#2581=EDGE_CURVE('',#2030,#2031,#1089,.T.);
#2582=EDGE_CURVE('',#2031,#2026,#1090,.T.);
#2583=EDGE_CURVE('',#1900,#2029,#1091,.T.);
#2584=EDGE_CURVE('',#2021,#2032,#1092,.T.);
#2585=EDGE_CURVE('',#2032,#2033,#1093,.T.);
#2586=EDGE_CURVE('',#2033,#2025,#1094,.T.);
#2587=EDGE_CURVE('',#2034,#2031,#1095,.T.);
#2588=EDGE_CURVE('',#2035,#2034,#1096,.T.);
#2589=EDGE_CURVE('',#1990,#2035,#1097,.T.);
#2590=EDGE_CURVE('',#2036,#2020,#1098,.T.);
#2591=EDGE_CURVE('',#2036,#2032,#1099,.T.);
#2592=EDGE_CURVE('',#2037,#2036,#1100,.T.);
#2593=EDGE_CURVE('',#2037,#2033,#1101,.T.);
#2594=EDGE_CURVE('',#2027,#2037,#1102,.T.);
#2595=EDGE_CURVE('',#2038,#2035,#1103,.T.);
#2596=EDGE_CURVE('',#2038,#1991,#1104,.T.);
#2597=EDGE_CURVE('',#2039,#2034,#1105,.T.);
#2598=EDGE_CURVE('',#2039,#2038,#1106,.T.);
#2599=EDGE_CURVE('',#2030,#2039,#1107,.T.);
#2600=EDGE_CURVE('',#2040,#1987,#1108,.T.);
#2601=EDGE_CURVE('',#2041,#2040,#1109,.T.);
#2602=EDGE_CURVE('',#1986,#2041,#1110,.T.);
#2603=EDGE_CURVE('',#2042,#1879,#1111,.T.);
#2604=EDGE_CURVE('',#2042,#2043,#1112,.T.);
#2605=EDGE_CURVE('',#1880,#2043,#1113,.T.);
#2606=EDGE_CURVE('',#1877,#2044,#1114,.T.);
#2607=EDGE_CURVE('',#2044,#2042,#1115,.T.);
#2608=EDGE_CURVE('',#2043,#2045,#1116,.T.);
#2609=EDGE_CURVE('',#2045,#1878,#1117,.T.);
#2610=EDGE_CURVE('',#2041,#2046,#1118,.T.);
#2611=EDGE_CURVE('',#2046,#2047,#1119,.T.);
#2612=EDGE_CURVE('',#2047,#2048,#1120,.T.);
#2613=EDGE_CURVE('',#2048,#2049,#1121,.T.);
#2614=EDGE_CURVE('',#2049,#2050,#1122,.T.);
#2615=EDGE_CURVE('',#2050,#2051,#1123,.T.);
#2616=EDGE_CURVE('',#2051,#2052,#1124,.T.);
#2617=EDGE_CURVE('',#2052,#1998,#1125,.T.);
#2618=EDGE_CURVE('',#2053,#2054,#1126,.T.);
#2619=EDGE_CURVE('',#2049,#2053,#1127,.T.);
#2620=EDGE_CURVE('',#2054,#2048,#1128,.T.);
#2621=EDGE_CURVE('',#2045,#2044,#1129,.T.);
#2622=EDGE_CURVE('',#2055,#2053,#1130,.T.);
#2623=EDGE_CURVE('',#2050,#2055,#1131,.T.);
#2624=EDGE_CURVE('',#1999,#2056,#1132,.T.);
#2625=EDGE_CURVE('',#2056,#2057,#1133,.T.);
#2626=EDGE_CURVE('',#2057,#2055,#1134,.T.);
#2627=EDGE_CURVE('',#2054,#2058,#1135,.T.);
#2628=EDGE_CURVE('',#2058,#2059,#1136,.T.);
#2629=EDGE_CURVE('',#2059,#2040,#1137,.T.);
#2630=EDGE_CURVE('',#2047,#2058,#1138,.T.);
#2631=EDGE_CURVE('',#2046,#2059,#1139,.T.);
#2632=EDGE_CURVE('',#2052,#2056,#1140,.T.);
#2633=EDGE_CURVE('',#2051,#2057,#1141,.T.);
#2634=ORIENTED_EDGE('',*,*,#2060,.F.);
#2635=ORIENTED_EDGE('',*,*,#2061,.F.);
#2636=ORIENTED_EDGE('',*,*,#2062,.F.);
#2637=ORIENTED_EDGE('',*,*,#2063,.F.);
#2638=ORIENTED_EDGE('',*,*,#2064,.T.);
#2639=ORIENTED_EDGE('',*,*,#2065,.F.);
#2640=ORIENTED_EDGE('',*,*,#2066,.F.);
#2641=ORIENTED_EDGE('',*,*,#2067,.F.);
#2642=ORIENTED_EDGE('',*,*,#2068,.T.);
#2643=ORIENTED_EDGE('',*,*,#2069,.T.);
#2644=ORIENTED_EDGE('',*,*,#2063,.T.);
#2645=ORIENTED_EDGE('',*,*,#2070,.F.);
#2646=ORIENTED_EDGE('',*,*,#2071,.T.);
#2647=ORIENTED_EDGE('',*,*,#2072,.T.);
#2648=ORIENTED_EDGE('',*,*,#2073,.T.);
#2649=ORIENTED_EDGE('',*,*,#2074,.T.);
#2650=ORIENTED_EDGE('',*,*,#2075,.T.);
#2651=ORIENTED_EDGE('',*,*,#2076,.T.);
#2652=ORIENTED_EDGE('',*,*,#2077,.F.);
#2653=ORIENTED_EDGE('',*,*,#2078,.F.);
#2654=ORIENTED_EDGE('',*,*,#2079,.F.);
#2655=ORIENTED_EDGE('',*,*,#2080,.F.);
#2656=ORIENTED_EDGE('',*,*,#2081,.T.);
#2657=ORIENTED_EDGE('',*,*,#2082,.F.);
#2658=ORIENTED_EDGE('',*,*,#2083,.T.);
#2659=ORIENTED_EDGE('',*,*,#2084,.F.);
#2660=ORIENTED_EDGE('',*,*,#2085,.F.);
#2661=ORIENTED_EDGE('',*,*,#2086,.F.);
#2662=ORIENTED_EDGE('',*,*,#2087,.F.);
#2663=ORIENTED_EDGE('',*,*,#2088,.F.);
#2664=ORIENTED_EDGE('',*,*,#2089,.T.);
#2665=ORIENTED_EDGE('',*,*,#2090,.F.);
#2666=ORIENTED_EDGE('',*,*,#2091,.T.);
#2667=ORIENTED_EDGE('',*,*,#2092,.F.);
#2668=ORIENTED_EDGE('',*,*,#2093,.T.);
#2669=ORIENTED_EDGE('',*,*,#2094,.F.);
#2670=ORIENTED_EDGE('',*,*,#2095,.T.);
#2671=ORIENTED_EDGE('',*,*,#2096,.F.);
#2672=ORIENTED_EDGE('',*,*,#2097,.F.);
#2673=ORIENTED_EDGE('',*,*,#2098,.F.);
#2674=ORIENTED_EDGE('',*,*,#2099,.F.);
#2675=ORIENTED_EDGE('',*,*,#2100,.F.);
#2676=ORIENTED_EDGE('',*,*,#2101,.T.);
#2677=ORIENTED_EDGE('',*,*,#2102,.T.);
#2678=ORIENTED_EDGE('',*,*,#2103,.T.);
#2679=ORIENTED_EDGE('',*,*,#2104,.T.);
#2680=ORIENTED_EDGE('',*,*,#2105,.T.);
#2681=ORIENTED_EDGE('',*,*,#2106,.F.);
#2682=ORIENTED_EDGE('',*,*,#2107,.F.);
#2683=ORIENTED_EDGE('',*,*,#2108,.T.);
#2684=ORIENTED_EDGE('',*,*,#2109,.F.);
#2685=ORIENTED_EDGE('',*,*,#2110,.F.);
#2686=ORIENTED_EDGE('',*,*,#2111,.F.);
#2687=ORIENTED_EDGE('',*,*,#2112,.F.);
#2688=ORIENTED_EDGE('',*,*,#2113,.F.);
#2689=ORIENTED_EDGE('',*,*,#2114,.T.);
#2690=ORIENTED_EDGE('',*,*,#2115,.F.);
#2691=ORIENTED_EDGE('',*,*,#2116,.F.);
#2692=ORIENTED_EDGE('',*,*,#2117,.F.);
#2693=ORIENTED_EDGE('',*,*,#2118,.F.);
#2694=ORIENTED_EDGE('',*,*,#2119,.F.);
#2695=ORIENTED_EDGE('',*,*,#2120,.F.);
#2696=ORIENTED_EDGE('',*,*,#2121,.F.);
#2697=ORIENTED_EDGE('',*,*,#2122,.F.);
#2698=ORIENTED_EDGE('',*,*,#2119,.T.);
#2699=ORIENTED_EDGE('',*,*,#2123,.F.);
#2700=ORIENTED_EDGE('',*,*,#2124,.F.);
#2701=ORIENTED_EDGE('',*,*,#2125,.F.);
#2702=ORIENTED_EDGE('',*,*,#2126,.T.);
#2703=ORIENTED_EDGE('',*,*,#2127,.T.);
#2704=ORIENTED_EDGE('',*,*,#2128,.T.);
#2705=ORIENTED_EDGE('',*,*,#2129,.T.);
#2706=ORIENTED_EDGE('',*,*,#2090,.T.);
#2707=ORIENTED_EDGE('',*,*,#2130,.F.);
#2708=ORIENTED_EDGE('',*,*,#2131,.F.);
#2709=ORIENTED_EDGE('',*,*,#2132,.F.);
#2710=ORIENTED_EDGE('',*,*,#2122,.T.);
#2711=ORIENTED_EDGE('',*,*,#2133,.T.);
#2712=ORIENTED_EDGE('',*,*,#2134,.T.);
#2713=ORIENTED_EDGE('',*,*,#2123,.T.);
#2714=ORIENTED_EDGE('',*,*,#2115,.T.);
#2715=ORIENTED_EDGE('',*,*,#2135,.F.);
#2716=ORIENTED_EDGE('',*,*,#2136,.F.);
#2717=ORIENTED_EDGE('',*,*,#2137,.F.);
#2718=ORIENTED_EDGE('',*,*,#2138,.T.);
#2719=ORIENTED_EDGE('',*,*,#2139,.T.);
#2720=ORIENTED_EDGE('',*,*,#2140,.T.);
#2721=ORIENTED_EDGE('',*,*,#2141,.T.);
#2722=ORIENTED_EDGE('',*,*,#2094,.T.);
#2723=ORIENTED_EDGE('',*,*,#2142,.F.);
#2724=ORIENTED_EDGE('',*,*,#2143,.F.);
#2725=ORIENTED_EDGE('',*,*,#2144,.F.);
#2726=ORIENTED_EDGE('',*,*,#2118,.T.);
#2727=ORIENTED_EDGE('',*,*,#2145,.T.);
#2728=ORIENTED_EDGE('',*,*,#2146,.T.);
#2729=ORIENTED_EDGE('',*,*,#2135,.T.);
#2730=ORIENTED_EDGE('',*,*,#2147,.T.);
#2731=ORIENTED_EDGE('',*,*,#2148,.T.);
#2732=ORIENTED_EDGE('',*,*,#2149,.F.);
#2733=ORIENTED_EDGE('',*,*,#2150,.T.);
#2734=ORIENTED_EDGE('',*,*,#2148,.F.);
#2735=ORIENTED_EDGE('',*,*,#2151,.T.);
#2736=ORIENTED_EDGE('',*,*,#2152,.F.);
#2737=ORIENTED_EDGE('',*,*,#2153,.F.);
#2738=ORIENTED_EDGE('',*,*,#2154,.F.);
#2739=ORIENTED_EDGE('',*,*,#2152,.T.);
#2740=ORIENTED_EDGE('',*,*,#2155,.T.);
#2741=ORIENTED_EDGE('',*,*,#2156,.T.);
#2742=ORIENTED_EDGE('',*,*,#2157,.F.);
#2743=ORIENTED_EDGE('',*,*,#2158,.T.);
#2744=ORIENTED_EDGE('',*,*,#2159,.T.);
#2745=ORIENTED_EDGE('',*,*,#2160,.T.);
#2746=ORIENTED_EDGE('',*,*,#2158,.F.);
#2747=ORIENTED_EDGE('',*,*,#2161,.F.);
#2748=ORIENTED_EDGE('',*,*,#2162,.F.);
#2749=ORIENTED_EDGE('',*,*,#2163,.F.);
#2750=ORIENTED_EDGE('',*,*,#2164,.F.);
#2751=ORIENTED_EDGE('',*,*,#2165,.T.);
#2752=ORIENTED_EDGE('',*,*,#2166,.T.);
#2753=ORIENTED_EDGE('',*,*,#2167,.T.);
#2754=ORIENTED_EDGE('',*,*,#2165,.F.);
#2755=ORIENTED_EDGE('',*,*,#2168,.F.);
#2756=ORIENTED_EDGE('',*,*,#2169,.F.);
#2757=ORIENTED_EDGE('',*,*,#2170,.F.);
#2758=ORIENTED_EDGE('',*,*,#2171,.F.);
#2759=ORIENTED_EDGE('',*,*,#2172,.T.);
#2760=ORIENTED_EDGE('',*,*,#2173,.T.);
#2761=ORIENTED_EDGE('',*,*,#2174,.T.);
#2762=ORIENTED_EDGE('',*,*,#2172,.F.);
#2763=ORIENTED_EDGE('',*,*,#2175,.F.);
#2764=ORIENTED_EDGE('',*,*,#2176,.F.);
#2765=ORIENTED_EDGE('',*,*,#2177,.F.);
#2766=ORIENTED_EDGE('',*,*,#2178,.F.);
#2767=ORIENTED_EDGE('',*,*,#2179,.T.);
#2768=ORIENTED_EDGE('',*,*,#2180,.T.);
#2769=ORIENTED_EDGE('',*,*,#2181,.T.);
#2770=ORIENTED_EDGE('',*,*,#2179,.F.);
#2771=ORIENTED_EDGE('',*,*,#2182,.F.);
#2772=ORIENTED_EDGE('',*,*,#2183,.F.);
#2773=ORIENTED_EDGE('',*,*,#2184,.F.);
#2774=ORIENTED_EDGE('',*,*,#2185,.F.);
#2775=ORIENTED_EDGE('',*,*,#2186,.T.);
#2776=ORIENTED_EDGE('',*,*,#2187,.T.);
#2777=ORIENTED_EDGE('',*,*,#2188,.T.);
#2778=ORIENTED_EDGE('',*,*,#2186,.F.);
#2779=ORIENTED_EDGE('',*,*,#2189,.F.);
#2780=ORIENTED_EDGE('',*,*,#2190,.F.);
#2781=ORIENTED_EDGE('',*,*,#2191,.T.);
#2782=ORIENTED_EDGE('',*,*,#2192,.T.);
#2783=ORIENTED_EDGE('',*,*,#2190,.T.);
#2784=ORIENTED_EDGE('',*,*,#2193,.F.);
#2785=ORIENTED_EDGE('',*,*,#2194,.T.);
#2786=ORIENTED_EDGE('',*,*,#2181,.F.);
#2787=ORIENTED_EDGE('',*,*,#2195,.F.);
#2788=ORIENTED_EDGE('',*,*,#2196,.T.);
#2789=ORIENTED_EDGE('',*,*,#2197,.F.);
#2790=ORIENTED_EDGE('',*,*,#2194,.F.);
#2791=ORIENTED_EDGE('',*,*,#2198,.F.);
#2792=ORIENTED_EDGE('',*,*,#2196,.F.);
#2793=ORIENTED_EDGE('',*,*,#2199,.F.);
#2794=ORIENTED_EDGE('',*,*,#2200,.F.);
#2795=ORIENTED_EDGE('',*,*,#2201,.F.);
#2796=ORIENTED_EDGE('',*,*,#2183,.T.);
#2797=ORIENTED_EDGE('',*,*,#2202,.F.);
#2798=ORIENTED_EDGE('',*,*,#2104,.F.);
#2799=ORIENTED_EDGE('',*,*,#2203,.F.);
#2800=ORIENTED_EDGE('',*,*,#2127,.F.);
#2801=ORIENTED_EDGE('',*,*,#2204,.F.);
#2802=ORIENTED_EDGE('',*,*,#2205,.F.);
#2803=ORIENTED_EDGE('',*,*,#2206,.T.);
#2804=ORIENTED_EDGE('',*,*,#2207,.F.);
#2805=ORIENTED_EDGE('',*,*,#2204,.T.);
#2806=ORIENTED_EDGE('',*,*,#2126,.F.);
#2807=ORIENTED_EDGE('',*,*,#2208,.F.);
#2808=ORIENTED_EDGE('',*,*,#2209,.F.);
#2809=ORIENTED_EDGE('',*,*,#2095,.F.);
#2810=ORIENTED_EDGE('',*,*,#2141,.F.);
#2811=ORIENTED_EDGE('',*,*,#2210,.F.);
#2812=ORIENTED_EDGE('',*,*,#2072,.F.);
#2813=ORIENTED_EDGE('',*,*,#2211,.F.);
#2814=ORIENTED_EDGE('',*,*,#2212,.F.);
#2815=ORIENTED_EDGE('',*,*,#2213,.F.);
#2816=ORIENTED_EDGE('',*,*,#2174,.F.);
#2817=ORIENTED_EDGE('',*,*,#2214,.F.);
#2818=ORIENTED_EDGE('',*,*,#2212,.T.);
#2819=ORIENTED_EDGE('',*,*,#2215,.F.);
#2820=ORIENTED_EDGE('',*,*,#2188,.F.);
#2821=ORIENTED_EDGE('',*,*,#2216,.F.);
#2822=ORIENTED_EDGE('',*,*,#2176,.T.);
#2823=ORIENTED_EDGE('',*,*,#2217,.F.);
#2824=ORIENTED_EDGE('',*,*,#2218,.F.);
#2825=ORIENTED_EDGE('',*,*,#2219,.F.);
#2826=ORIENTED_EDGE('',*,*,#2091,.F.);
#2827=ORIENTED_EDGE('',*,*,#2129,.F.);
#2828=ORIENTED_EDGE('',*,*,#2220,.F.);
#2829=ORIENTED_EDGE('',*,*,#2102,.F.);
#2830=ORIENTED_EDGE('',*,*,#2221,.F.);
#2831=ORIENTED_EDGE('',*,*,#2222,.F.);
#2832=ORIENTED_EDGE('',*,*,#2223,.F.);
#2833=ORIENTED_EDGE('',*,*,#2167,.F.);
#2834=ORIENTED_EDGE('',*,*,#2224,.F.);
#2835=ORIENTED_EDGE('',*,*,#2222,.T.);
#2836=ORIENTED_EDGE('',*,*,#2225,.F.);
#2837=ORIENTED_EDGE('',*,*,#2156,.F.);
#2838=ORIENTED_EDGE('',*,*,#2226,.F.);
#2839=ORIENTED_EDGE('',*,*,#2169,.T.);
#2840=ORIENTED_EDGE('',*,*,#2227,.F.);
#2841=ORIENTED_EDGE('',*,*,#2160,.F.);
#2842=ORIENTED_EDGE('',*,*,#2228,.F.);
#2843=ORIENTED_EDGE('',*,*,#2229,.T.);
#2844=ORIENTED_EDGE('',*,*,#2230,.F.);
#2845=ORIENTED_EDGE('',*,*,#2150,.F.);
#2846=ORIENTED_EDGE('',*,*,#2231,.F.);
#2847=ORIENTED_EDGE('',*,*,#2229,.F.);
#2848=ORIENTED_EDGE('',*,*,#2232,.F.);
#2849=ORIENTED_EDGE('',*,*,#2233,.F.);
#2850=ORIENTED_EDGE('',*,*,#2234,.F.);
#2851=ORIENTED_EDGE('',*,*,#2162,.T.);
#2852=ORIENTED_EDGE('',*,*,#2235,.F.);
#2853=ORIENTED_EDGE('',*,*,#2074,.F.);
#2854=ORIENTED_EDGE('',*,*,#2236,.F.);
#2855=ORIENTED_EDGE('',*,*,#2139,.F.);
#2856=ORIENTED_EDGE('',*,*,#2237,.F.);
#2857=ORIENTED_EDGE('',*,*,#2238,.F.);
#2858=ORIENTED_EDGE('',*,*,#2239,.T.);
#2859=ORIENTED_EDGE('',*,*,#2240,.F.);
#2860=ORIENTED_EDGE('',*,*,#2237,.T.);
#2861=ORIENTED_EDGE('',*,*,#2138,.F.);
#2862=ORIENTED_EDGE('',*,*,#2241,.F.);
#2863=ORIENTED_EDGE('',*,*,#2242,.T.);
#2864=ORIENTED_EDGE('',*,*,#2243,.T.);
#2865=ORIENTED_EDGE('',*,*,#2143,.T.);
#2866=ORIENTED_EDGE('',*,*,#2244,.F.);
#2867=ORIENTED_EDGE('',*,*,#2124,.T.);
#2868=ORIENTED_EDGE('',*,*,#2134,.F.);
#2869=ORIENTED_EDGE('',*,*,#2245,.T.);
#2870=ORIENTED_EDGE('',*,*,#2121,.T.);
#2871=ORIENTED_EDGE('',*,*,#2246,.F.);
#2872=ORIENTED_EDGE('',*,*,#2247,.F.);
#2873=ORIENTED_EDGE('',*,*,#2248,.F.);
#2874=ORIENTED_EDGE('',*,*,#2092,.T.);
#2875=ORIENTED_EDGE('',*,*,#2219,.T.);
#2876=ORIENTED_EDGE('',*,*,#2249,.T.);
#2877=ORIENTED_EDGE('',*,*,#2205,.T.);
#2878=ORIENTED_EDGE('',*,*,#2207,.T.);
#2879=ORIENTED_EDGE('',*,*,#2250,.F.);
#2880=ORIENTED_EDGE('',*,*,#2245,.F.);
#2881=ORIENTED_EDGE('',*,*,#2133,.F.);
#2882=ORIENTED_EDGE('',*,*,#2208,.T.);
#2883=ORIENTED_EDGE('',*,*,#2251,.F.);
#2884=ORIENTED_EDGE('',*,*,#2233,.T.);
#2885=ORIENTED_EDGE('',*,*,#2252,.F.);
#2886=ORIENTED_EDGE('',*,*,#2210,.T.);
#2887=ORIENTED_EDGE('',*,*,#2140,.F.);
#2888=ORIENTED_EDGE('',*,*,#2236,.T.);
#2889=ORIENTED_EDGE('',*,*,#2073,.F.);
#2890=ORIENTED_EDGE('',*,*,#2253,.F.);
#2891=ORIENTED_EDGE('',*,*,#2136,.T.);
#2892=ORIENTED_EDGE('',*,*,#2146,.F.);
#2893=ORIENTED_EDGE('',*,*,#2254,.T.);
#2894=ORIENTED_EDGE('',*,*,#2255,.T.);
#2895=ORIENTED_EDGE('',*,*,#2256,.F.);
#2896=ORIENTED_EDGE('',*,*,#2257,.T.);
#2897=ORIENTED_EDGE('',*,*,#2258,.F.);
#2898=ORIENTED_EDGE('',*,*,#2259,.F.);
#2899=ORIENTED_EDGE('',*,*,#2257,.F.);
#2900=ORIENTED_EDGE('',*,*,#2260,.F.);
#2901=ORIENTED_EDGE('',*,*,#2261,.T.);
#2902=ORIENTED_EDGE('',*,*,#2262,.F.);
#2903=ORIENTED_EDGE('',*,*,#2261,.F.);
#2904=ORIENTED_EDGE('',*,*,#2263,.F.);
#2905=ORIENTED_EDGE('',*,*,#2264,.T.);
#2906=ORIENTED_EDGE('',*,*,#2265,.T.);
#2907=ORIENTED_EDGE('',*,*,#2264,.F.);
#2908=ORIENTED_EDGE('',*,*,#2266,.F.);
#2909=ORIENTED_EDGE('',*,*,#2099,.T.);
#2910=ORIENTED_EDGE('',*,*,#2147,.F.);
#2911=ORIENTED_EDGE('',*,*,#2232,.T.);
#2912=ORIENTED_EDGE('',*,*,#2228,.T.);
#2913=ORIENTED_EDGE('',*,*,#2159,.F.);
#2914=ORIENTED_EDGE('',*,*,#2163,.T.);
#2915=ORIENTED_EDGE('',*,*,#2234,.T.);
#2916=ORIENTED_EDGE('',*,*,#2251,.T.);
#2917=ORIENTED_EDGE('',*,*,#2213,.T.);
#2918=ORIENTED_EDGE('',*,*,#2214,.T.);
#2919=ORIENTED_EDGE('',*,*,#2173,.F.);
#2920=ORIENTED_EDGE('',*,*,#2177,.T.);
#2921=ORIENTED_EDGE('',*,*,#2216,.T.);
#2922=ORIENTED_EDGE('',*,*,#2187,.F.);
#2923=ORIENTED_EDGE('',*,*,#2191,.F.);
#2924=ORIENTED_EDGE('',*,*,#2192,.F.);
#2925=ORIENTED_EDGE('',*,*,#2199,.T.);
#2926=ORIENTED_EDGE('',*,*,#2195,.T.);
#2927=ORIENTED_EDGE('',*,*,#2180,.F.);
#2928=ORIENTED_EDGE('',*,*,#2184,.T.);
#2929=ORIENTED_EDGE('',*,*,#2201,.T.);
#2930=ORIENTED_EDGE('',*,*,#2267,.T.);
#2931=ORIENTED_EDGE('',*,*,#2223,.T.);
#2932=ORIENTED_EDGE('',*,*,#2224,.T.);
#2933=ORIENTED_EDGE('',*,*,#2166,.F.);
#2934=ORIENTED_EDGE('',*,*,#2170,.T.);
#2935=ORIENTED_EDGE('',*,*,#2226,.T.);
#2936=ORIENTED_EDGE('',*,*,#2155,.F.);
#2937=ORIENTED_EDGE('',*,*,#2151,.F.);
#2938=ORIENTED_EDGE('',*,*,#2263,.T.);
#2939=ORIENTED_EDGE('',*,*,#2260,.T.);
#2940=ORIENTED_EDGE('',*,*,#2256,.T.);
#2941=ORIENTED_EDGE('',*,*,#2268,.F.);
#2942=ORIENTED_EDGE('',*,*,#2100,.T.);
#2943=ORIENTED_EDGE('',*,*,#2266,.T.);
#2944=ORIENTED_EDGE('',*,*,#2203,.T.);
#2945=ORIENTED_EDGE('',*,*,#2103,.F.);
#2946=ORIENTED_EDGE('',*,*,#2220,.T.);
#2947=ORIENTED_EDGE('',*,*,#2128,.F.);
#2948=ORIENTED_EDGE('',*,*,#2200,.T.);
#2949=ORIENTED_EDGE('',*,*,#2249,.F.);
#2950=ORIENTED_EDGE('',*,*,#2218,.T.);
#2951=ORIENTED_EDGE('',*,*,#2267,.F.);
#2952=ORIENTED_EDGE('',*,*,#2120,.T.);
#2953=ORIENTED_EDGE('',*,*,#2132,.T.);
#2954=ORIENTED_EDGE('',*,*,#2269,.F.);
#2955=ORIENTED_EDGE('',*,*,#2246,.T.);
#2956=ORIENTED_EDGE('',*,*,#2117,.T.);
#2957=ORIENTED_EDGE('',*,*,#2270,.F.);
#2958=ORIENTED_EDGE('',*,*,#2242,.F.);
#2959=ORIENTED_EDGE('',*,*,#2271,.F.);
#2960=ORIENTED_EDGE('',*,*,#2096,.T.);
#2961=ORIENTED_EDGE('',*,*,#2209,.T.);
#2962=ORIENTED_EDGE('',*,*,#2252,.T.);
#2963=ORIENTED_EDGE('',*,*,#2238,.T.);
#2964=ORIENTED_EDGE('',*,*,#2240,.T.);
#2965=ORIENTED_EDGE('',*,*,#2272,.F.);
#2966=ORIENTED_EDGE('',*,*,#2254,.F.);
#2967=ORIENTED_EDGE('',*,*,#2145,.F.);
#2968=ORIENTED_EDGE('',*,*,#2273,.F.);
#2969=ORIENTED_EDGE('',*,*,#2247,.T.);
#2970=ORIENTED_EDGE('',*,*,#2269,.T.);
#2971=ORIENTED_EDGE('',*,*,#2131,.T.);
#2972=ORIENTED_EDGE('',*,*,#2116,.T.);
#2973=ORIENTED_EDGE('',*,*,#2144,.T.);
#2974=ORIENTED_EDGE('',*,*,#2243,.F.);
#2975=ORIENTED_EDGE('',*,*,#2270,.T.);
#2976=ORIENTED_EDGE('',*,*,#2248,.T.);
#2977=ORIENTED_EDGE('',*,*,#2273,.T.);
#2978=ORIENTED_EDGE('',*,*,#2130,.T.);
#2979=ORIENTED_EDGE('',*,*,#2274,.T.);
#2980=ORIENTED_EDGE('',*,*,#2275,.F.);
#2981=ORIENTED_EDGE('',*,*,#2276,.T.);
#2982=ORIENTED_EDGE('',*,*,#2277,.T.);
#2983=ORIENTED_EDGE('',*,*,#2278,.T.);
#2984=ORIENTED_EDGE('',*,*,#2271,.T.);
#2985=ORIENTED_EDGE('',*,*,#2241,.T.);
#2986=ORIENTED_EDGE('',*,*,#2142,.T.);
#2987=ORIENTED_EDGE('',*,*,#2279,.T.);
#2988=ORIENTED_EDGE('',*,*,#2280,.T.);
#2989=ORIENTED_EDGE('',*,*,#2281,.T.);
#2990=ORIENTED_EDGE('',*,*,#2282,.F.);
#2991=ORIENTED_EDGE('',*,*,#2283,.T.);
#2992=ORIENTED_EDGE('',*,*,#2235,.T.);
#2993=ORIENTED_EDGE('',*,*,#2161,.T.);
#2994=ORIENTED_EDGE('',*,*,#2157,.T.);
#2995=ORIENTED_EDGE('',*,*,#2230,.T.);
#2996=ORIENTED_EDGE('',*,*,#2231,.T.);
#2997=ORIENTED_EDGE('',*,*,#2149,.T.);
#2998=ORIENTED_EDGE('',*,*,#2153,.T.);
#2999=ORIENTED_EDGE('',*,*,#2154,.T.);
#3000=ORIENTED_EDGE('',*,*,#2227,.T.);
#3001=ORIENTED_EDGE('',*,*,#2168,.T.);
#3002=ORIENTED_EDGE('',*,*,#2164,.T.);
#3003=ORIENTED_EDGE('',*,*,#2225,.T.);
#3004=ORIENTED_EDGE('',*,*,#2221,.T.);
#3005=ORIENTED_EDGE('',*,*,#2284,.T.);
#3006=ORIENTED_EDGE('',*,*,#2083,.F.);
#3007=ORIENTED_EDGE('',*,*,#2285,.F.);
#3008=ORIENTED_EDGE('',*,*,#2286,.T.);
#3009=ORIENTED_EDGE('',*,*,#2287,.T.);
#3010=ORIENTED_EDGE('',*,*,#2064,.F.);
#3011=ORIENTED_EDGE('',*,*,#2288,.T.);
#3012=ORIENTED_EDGE('',*,*,#2259,.T.);
#3013=ORIENTED_EDGE('',*,*,#2262,.T.);
#3014=ORIENTED_EDGE('',*,*,#2265,.F.);
#3015=ORIENTED_EDGE('',*,*,#2098,.T.);
#3016=ORIENTED_EDGE('',*,*,#2289,.T.);
#3017=ORIENTED_EDGE('',*,*,#2290,.T.);
#3018=ORIENTED_EDGE('',*,*,#2291,.T.);
#3019=ORIENTED_EDGE('',*,*,#2258,.T.);
#3020=ORIENTED_EDGE('',*,*,#2292,.F.);
#3021=ORIENTED_EDGE('',*,*,#2293,.F.);
#3022=ORIENTED_EDGE('',*,*,#2294,.F.);
#3023=ORIENTED_EDGE('',*,*,#2113,.T.);
#3024=ORIENTED_EDGE('',*,*,#2295,.T.);
#3025=ORIENTED_EDGE('',*,*,#2296,.T.);
#3026=ORIENTED_EDGE('',*,*,#2297,.T.);
#3027=ORIENTED_EDGE('',*,*,#2107,.T.);
#3028=ORIENTED_EDGE('',*,*,#2298,.F.);
#3029=ORIENTED_EDGE('',*,*,#2299,.F.);
#3030=ORIENTED_EDGE('',*,*,#2300,.F.);
#3031=ORIENTED_EDGE('',*,*,#2301,.T.);
#3032=ORIENTED_EDGE('',*,*,#2302,.F.);
#3033=ORIENTED_EDGE('',*,*,#2301,.F.);
#3034=ORIENTED_EDGE('',*,*,#2303,.F.);
#3035=ORIENTED_EDGE('',*,*,#2304,.F.);
#3036=ORIENTED_EDGE('',*,*,#2305,.F.);
#3037=ORIENTED_EDGE('',*,*,#2304,.T.);
#3038=ORIENTED_EDGE('',*,*,#2306,.F.);
#3039=ORIENTED_EDGE('',*,*,#2307,.F.);
#3040=ORIENTED_EDGE('',*,*,#2308,.F.);
#3041=ORIENTED_EDGE('',*,*,#2309,.F.);
#3042=ORIENTED_EDGE('',*,*,#2310,.F.);
#3043=ORIENTED_EDGE('',*,*,#2311,.T.);
#3044=ORIENTED_EDGE('',*,*,#2312,.F.);
#3045=ORIENTED_EDGE('',*,*,#2311,.F.);
#3046=ORIENTED_EDGE('',*,*,#2313,.F.);
#3047=ORIENTED_EDGE('',*,*,#2299,.T.);
#3048=ORIENTED_EDGE('',*,*,#2314,.F.);
#3049=ORIENTED_EDGE('',*,*,#2315,.F.);
#3050=ORIENTED_EDGE('',*,*,#2316,.F.);
#3051=ORIENTED_EDGE('',*,*,#2317,.T.);
#3052=ORIENTED_EDGE('',*,*,#2318,.F.);
#3053=ORIENTED_EDGE('',*,*,#2317,.F.);
#3054=ORIENTED_EDGE('',*,*,#2319,.F.);
#3055=ORIENTED_EDGE('',*,*,#2309,.T.);
#3056=ORIENTED_EDGE('',*,*,#2320,.F.);
#3057=ORIENTED_EDGE('',*,*,#2321,.F.);
#3058=ORIENTED_EDGE('',*,*,#2322,.F.);
#3059=ORIENTED_EDGE('',*,*,#2315,.T.);
#3060=ORIENTED_EDGE('',*,*,#2307,.T.);
#3061=ORIENTED_EDGE('',*,*,#2323,.F.);
#3062=ORIENTED_EDGE('',*,*,#2290,.F.);
#3063=ORIENTED_EDGE('',*,*,#2324,.T.);
#3064=ORIENTED_EDGE('',*,*,#2306,.T.);
#3065=ORIENTED_EDGE('',*,*,#2303,.T.);
#3066=ORIENTED_EDGE('',*,*,#2300,.T.);
#3067=ORIENTED_EDGE('',*,*,#2313,.T.);
#3068=ORIENTED_EDGE('',*,*,#2310,.T.);
#3069=ORIENTED_EDGE('',*,*,#2319,.T.);
#3070=ORIENTED_EDGE('',*,*,#2316,.T.);
#3071=ORIENTED_EDGE('',*,*,#2322,.T.);
#3072=ORIENTED_EDGE('',*,*,#2325,.F.);
#3073=ORIENTED_EDGE('',*,*,#2255,.F.);
#3074=ORIENTED_EDGE('',*,*,#2291,.F.);
#3075=ORIENTED_EDGE('',*,*,#2323,.T.);
#3076=ORIENTED_EDGE('',*,*,#2268,.T.);
#3077=ORIENTED_EDGE('',*,*,#2325,.T.);
#3078=ORIENTED_EDGE('',*,*,#2321,.T.);
#3079=ORIENTED_EDGE('',*,*,#2326,.F.);
#3080=ORIENTED_EDGE('',*,*,#2305,.T.);
#3081=ORIENTED_EDGE('',*,*,#2324,.F.);
#3082=ORIENTED_EDGE('',*,*,#2289,.F.);
#3083=ORIENTED_EDGE('',*,*,#2097,.T.);
#3084=ORIENTED_EDGE('',*,*,#2326,.T.);
#3085=ORIENTED_EDGE('',*,*,#2320,.T.);
#3086=ORIENTED_EDGE('',*,*,#2314,.T.);
#3087=ORIENTED_EDGE('',*,*,#2318,.T.);
#3088=ORIENTED_EDGE('',*,*,#2308,.T.);
#3089=ORIENTED_EDGE('',*,*,#2312,.T.);
#3090=ORIENTED_EDGE('',*,*,#2298,.T.);
#3091=ORIENTED_EDGE('',*,*,#2302,.T.);
#3092=ORIENTED_EDGE('',*,*,#2111,.T.);
#3093=ORIENTED_EDGE('',*,*,#2327,.T.);
#3094=ORIENTED_EDGE('',*,*,#2328,.T.);
#3095=ORIENTED_EDGE('',*,*,#2329,.T.);
#3096=ORIENTED_EDGE('',*,*,#2330,.T.);
#3097=ORIENTED_EDGE('',*,*,#2328,.F.);
#3098=ORIENTED_EDGE('',*,*,#2331,.T.);
#3099=ORIENTED_EDGE('',*,*,#2332,.T.);
#3100=ORIENTED_EDGE('',*,*,#2109,.T.);
#3101=ORIENTED_EDGE('',*,*,#2333,.T.);
#3102=ORIENTED_EDGE('',*,*,#2332,.F.);
#3103=ORIENTED_EDGE('',*,*,#2334,.T.);
#3104=ORIENTED_EDGE('',*,*,#2334,.F.);
#3105=ORIENTED_EDGE('',*,*,#2331,.F.);
#3106=ORIENTED_EDGE('',*,*,#2327,.F.);
#3107=ORIENTED_EDGE('',*,*,#2110,.T.);
#3108=ORIENTED_EDGE('',*,*,#2333,.F.);
#3109=ORIENTED_EDGE('',*,*,#2108,.F.);
#3110=ORIENTED_EDGE('',*,*,#2297,.F.);
#3111=ORIENTED_EDGE('',*,*,#2335,.T.);
#3112=ORIENTED_EDGE('',*,*,#2330,.F.);
#3113=ORIENTED_EDGE('',*,*,#2335,.F.);
#3114=ORIENTED_EDGE('',*,*,#2296,.F.);
#3115=ORIENTED_EDGE('',*,*,#2336,.T.);
#3116=ORIENTED_EDGE('',*,*,#2329,.F.);
#3117=ORIENTED_EDGE('',*,*,#2336,.F.);
#3118=ORIENTED_EDGE('',*,*,#2295,.F.);
#3119=ORIENTED_EDGE('',*,*,#2112,.T.);
#3120=ORIENTED_EDGE('',*,*,#2292,.T.);
#3121=ORIENTED_EDGE('',*,*,#2106,.T.);
#3122=ORIENTED_EDGE('',*,*,#2337,.T.);
#3123=ORIENTED_EDGE('',*,*,#2338,.F.);
#3124=ORIENTED_EDGE('',*,*,#2339,.F.);
#3125=ORIENTED_EDGE('',*,*,#2340,.F.);
#3126=ORIENTED_EDGE('',*,*,#2341,.F.);
#3127=ORIENTED_EDGE('',*,*,#2342,.F.);
#3128=ORIENTED_EDGE('',*,*,#2343,.F.);
#3129=ORIENTED_EDGE('',*,*,#2344,.F.);
#3130=ORIENTED_EDGE('',*,*,#2345,.F.);
#3131=ORIENTED_EDGE('',*,*,#2346,.F.);
#3132=ORIENTED_EDGE('',*,*,#2347,.F.);
#3133=ORIENTED_EDGE('',*,*,#2348,.F.);
#3134=ORIENTED_EDGE('',*,*,#2349,.F.);
#3135=ORIENTED_EDGE('',*,*,#2350,.F.);
#3136=ORIENTED_EDGE('',*,*,#2351,.F.);
#3137=ORIENTED_EDGE('',*,*,#2352,.F.);
#3138=ORIENTED_EDGE('',*,*,#2353,.F.);
#3139=ORIENTED_EDGE('',*,*,#2354,.F.);
#3140=ORIENTED_EDGE('',*,*,#2355,.F.);
#3141=ORIENTED_EDGE('',*,*,#2356,.F.);
#3142=ORIENTED_EDGE('',*,*,#2357,.F.);
#3143=ORIENTED_EDGE('',*,*,#2281,.F.);
#3144=ORIENTED_EDGE('',*,*,#2358,.F.);
#3145=ORIENTED_EDGE('',*,*,#2359,.F.);
#3146=ORIENTED_EDGE('',*,*,#2360,.F.);
#3147=ORIENTED_EDGE('',*,*,#2361,.F.);
#3148=ORIENTED_EDGE('',*,*,#2362,.F.);
#3149=ORIENTED_EDGE('',*,*,#2363,.F.);
#3150=ORIENTED_EDGE('',*,*,#2364,.F.);
#3151=ORIENTED_EDGE('',*,*,#2365,.F.);
#3152=ORIENTED_EDGE('',*,*,#2366,.F.);
#3153=ORIENTED_EDGE('',*,*,#2367,.T.);
#3154=ORIENTED_EDGE('',*,*,#2368,.F.);
#3155=ORIENTED_EDGE('',*,*,#2367,.F.);
#3156=ORIENTED_EDGE('',*,*,#2369,.F.);
#3157=ORIENTED_EDGE('',*,*,#2370,.T.);
#3158=ORIENTED_EDGE('',*,*,#2371,.F.);
#3159=ORIENTED_EDGE('',*,*,#2370,.F.);
#3160=ORIENTED_EDGE('',*,*,#2372,.F.);
#3161=ORIENTED_EDGE('',*,*,#2373,.T.);
#3162=ORIENTED_EDGE('',*,*,#2374,.F.);
#3163=ORIENTED_EDGE('',*,*,#2373,.F.);
#3164=ORIENTED_EDGE('',*,*,#2375,.F.);
#3165=ORIENTED_EDGE('',*,*,#2365,.T.);
#3166=ORIENTED_EDGE('',*,*,#2376,.F.);
#3167=ORIENTED_EDGE('',*,*,#2377,.F.);
#3168=ORIENTED_EDGE('',*,*,#2378,.F.);
#3169=ORIENTED_EDGE('',*,*,#2379,.T.);
#3170=ORIENTED_EDGE('',*,*,#2380,.F.);
#3171=ORIENTED_EDGE('',*,*,#2379,.F.);
#3172=ORIENTED_EDGE('',*,*,#2381,.F.);
#3173=ORIENTED_EDGE('',*,*,#2382,.T.);
#3174=ORIENTED_EDGE('',*,*,#2383,.F.);
#3175=ORIENTED_EDGE('',*,*,#2382,.F.);
#3176=ORIENTED_EDGE('',*,*,#2384,.F.);
#3177=ORIENTED_EDGE('',*,*,#2385,.T.);
#3178=ORIENTED_EDGE('',*,*,#2386,.F.);
#3179=ORIENTED_EDGE('',*,*,#2385,.F.);
#3180=ORIENTED_EDGE('',*,*,#2387,.F.);
#3181=ORIENTED_EDGE('',*,*,#2377,.T.);
#3182=ORIENTED_EDGE('',*,*,#2388,.F.);
#3183=ORIENTED_EDGE('',*,*,#2389,.F.);
#3184=ORIENTED_EDGE('',*,*,#2390,.F.);
#3185=ORIENTED_EDGE('',*,*,#2391,.T.);
#3186=ORIENTED_EDGE('',*,*,#2392,.F.);
#3187=ORIENTED_EDGE('',*,*,#2391,.F.);
#3188=ORIENTED_EDGE('',*,*,#2393,.F.);
#3189=ORIENTED_EDGE('',*,*,#2394,.T.);
#3190=ORIENTED_EDGE('',*,*,#2395,.F.);
#3191=ORIENTED_EDGE('',*,*,#2394,.F.);
#3192=ORIENTED_EDGE('',*,*,#2396,.F.);
#3193=ORIENTED_EDGE('',*,*,#2397,.T.);
#3194=ORIENTED_EDGE('',*,*,#2398,.F.);
#3195=ORIENTED_EDGE('',*,*,#2397,.F.);
#3196=ORIENTED_EDGE('',*,*,#2399,.F.);
#3197=ORIENTED_EDGE('',*,*,#2389,.T.);
#3198=ORIENTED_EDGE('',*,*,#2400,.F.);
#3199=ORIENTED_EDGE('',*,*,#2401,.T.);
#3200=ORIENTED_EDGE('',*,*,#2402,.F.);
#3201=ORIENTED_EDGE('',*,*,#2403,.F.);
#3202=ORIENTED_EDGE('',*,*,#2404,.F.);
#3203=ORIENTED_EDGE('',*,*,#2405,.F.);
#3204=ORIENTED_EDGE('',*,*,#2211,.T.);
#3205=ORIENTED_EDGE('',*,*,#2406,.T.);
#3206=ORIENTED_EDGE('',*,*,#2400,.T.);
#3207=ORIENTED_EDGE('',*,*,#2407,.T.);
#3208=ORIENTED_EDGE('',*,*,#2353,.T.);
#3209=ORIENTED_EDGE('',*,*,#2408,.F.);
#3210=ORIENTED_EDGE('',*,*,#2077,.T.);
#3211=ORIENTED_EDGE('',*,*,#2409,.T.);
#3212=ORIENTED_EDGE('',*,*,#2202,.T.);
#3213=ORIENTED_EDGE('',*,*,#2182,.T.);
#3214=ORIENTED_EDGE('',*,*,#2178,.T.);
#3215=ORIENTED_EDGE('',*,*,#2197,.T.);
#3216=ORIENTED_EDGE('',*,*,#2198,.T.);
#3217=ORIENTED_EDGE('',*,*,#2193,.T.);
#3218=ORIENTED_EDGE('',*,*,#2189,.T.);
#3219=ORIENTED_EDGE('',*,*,#2185,.T.);
#3220=ORIENTED_EDGE('',*,*,#2217,.T.);
#3221=ORIENTED_EDGE('',*,*,#2175,.T.);
#3222=ORIENTED_EDGE('',*,*,#2171,.T.);
#3223=ORIENTED_EDGE('',*,*,#2215,.T.);
#3224=ORIENTED_EDGE('',*,*,#2062,.T.);
#3225=ORIENTED_EDGE('',*,*,#2410,.F.);
#3226=ORIENTED_EDGE('',*,*,#2411,.T.);
#3227=ORIENTED_EDGE('',*,*,#2070,.T.);
#3228=ORIENTED_EDGE('',*,*,#2293,.T.);
#3229=ORIENTED_EDGE('',*,*,#2338,.T.);
#3230=ORIENTED_EDGE('',*,*,#2412,.T.);
#3231=ORIENTED_EDGE('',*,*,#2413,.F.);
#3232=ORIENTED_EDGE('',*,*,#2061,.T.);
#3233=ORIENTED_EDGE('',*,*,#2414,.F.);
#3234=ORIENTED_EDGE('',*,*,#2415,.T.);
#3235=ORIENTED_EDGE('',*,*,#2410,.T.);
#3236=ORIENTED_EDGE('',*,*,#2294,.T.);
#3237=ORIENTED_EDGE('',*,*,#2413,.T.);
#3238=ORIENTED_EDGE('',*,*,#2416,.T.);
#3239=ORIENTED_EDGE('',*,*,#2114,.F.);
#3240=ORIENTED_EDGE('',*,*,#2060,.T.);
#3241=ORIENTED_EDGE('',*,*,#2076,.F.);
#3242=ORIENTED_EDGE('',*,*,#2417,.T.);
#3243=ORIENTED_EDGE('',*,*,#2414,.T.);
#3244=ORIENTED_EDGE('',*,*,#2418,.F.);
#3245=ORIENTED_EDGE('',*,*,#2081,.F.);
#3246=ORIENTED_EDGE('',*,*,#2419,.F.);
#3247=ORIENTED_EDGE('',*,*,#2420,.T.);
#3248=ORIENTED_EDGE('',*,*,#2421,.F.);
#3249=ORIENTED_EDGE('',*,*,#2422,.F.);
#3250=ORIENTED_EDGE('',*,*,#2423,.F.);
#3251=ORIENTED_EDGE('',*,*,#2085,.T.);
#3252=ORIENTED_EDGE('',*,*,#2424,.F.);
#3253=ORIENTED_EDGE('',*,*,#2274,.F.);
#3254=ORIENTED_EDGE('',*,*,#2089,.F.);
#3255=ORIENTED_EDGE('',*,*,#2278,.F.);
#3256=ORIENTED_EDGE('',*,*,#2425,.F.);
#3257=ORIENTED_EDGE('',*,*,#2422,.T.);
#3258=ORIENTED_EDGE('',*,*,#2426,.F.);
#3259=ORIENTED_EDGE('',*,*,#2420,.F.);
#3260=ORIENTED_EDGE('',*,*,#2427,.F.);
#3261=ORIENTED_EDGE('',*,*,#2428,.F.);
#3262=ORIENTED_EDGE('',*,*,#2206,.F.);
#3263=ORIENTED_EDGE('',*,*,#2429,.F.);
#3264=ORIENTED_EDGE('',*,*,#2086,.T.);
#3265=ORIENTED_EDGE('',*,*,#2430,.F.);
#3266=ORIENTED_EDGE('',*,*,#2431,.T.);
#3267=ORIENTED_EDGE('',*,*,#2432,.T.);
#3268=ORIENTED_EDGE('',*,*,#2250,.T.);
#3269=ORIENTED_EDGE('',*,*,#2428,.T.);
#3270=ORIENTED_EDGE('',*,*,#2433,.T.);
#3271=ORIENTED_EDGE('',*,*,#2348,.T.);
#3272=ORIENTED_EDGE('',*,*,#2434,.F.);
#3273=ORIENTED_EDGE('',*,*,#2429,.T.);
#3274=ORIENTED_EDGE('',*,*,#2125,.T.);
#3275=ORIENTED_EDGE('',*,*,#2244,.T.);
#3276=ORIENTED_EDGE('',*,*,#2425,.T.);
#3277=ORIENTED_EDGE('',*,*,#2277,.F.);
#3278=ORIENTED_EDGE('',*,*,#2435,.T.);
#3279=ORIENTED_EDGE('',*,*,#2430,.T.);
#3280=ORIENTED_EDGE('',*,*,#2423,.T.);
#3281=ORIENTED_EDGE('',*,*,#2436,.T.);
#3282=ORIENTED_EDGE('',*,*,#2437,.F.);
#3283=ORIENTED_EDGE('',*,*,#2438,.T.);
#3284=ORIENTED_EDGE('',*,*,#2402,.T.);
#3285=ORIENTED_EDGE('',*,*,#2439,.T.);
#3286=ORIENTED_EDGE('',*,*,#2068,.F.);
#3287=ORIENTED_EDGE('',*,*,#2440,.T.);
#3288=ORIENTED_EDGE('',*,*,#2441,.T.);
#3289=ORIENTED_EDGE('',*,*,#2442,.T.);
#3290=ORIENTED_EDGE('',*,*,#2441,.F.);
#3291=ORIENTED_EDGE('',*,*,#2443,.F.);
#3292=ORIENTED_EDGE('',*,*,#2444,.F.);
#3293=ORIENTED_EDGE('',*,*,#2239,.F.);
#3294=ORIENTED_EDGE('',*,*,#2445,.F.);
#3295=ORIENTED_EDGE('',*,*,#2446,.T.);
#3296=ORIENTED_EDGE('',*,*,#2279,.F.);
#3297=ORIENTED_EDGE('',*,*,#2093,.F.);
#3298=ORIENTED_EDGE('',*,*,#2283,.F.);
#3299=ORIENTED_EDGE('',*,*,#2447,.F.);
#3300=ORIENTED_EDGE('',*,*,#2437,.T.);
#3301=ORIENTED_EDGE('',*,*,#2403,.T.);
#3302=ORIENTED_EDGE('',*,*,#2448,.T.);
#3303=ORIENTED_EDGE('',*,*,#2356,.T.);
#3304=ORIENTED_EDGE('',*,*,#2449,.F.);
#3305=ORIENTED_EDGE('',*,*,#2447,.T.);
#3306=ORIENTED_EDGE('',*,*,#2282,.T.);
#3307=ORIENTED_EDGE('',*,*,#2357,.T.);
#3308=ORIENTED_EDGE('',*,*,#2448,.F.);
#3309=ORIENTED_EDGE('',*,*,#2438,.F.);
#3310=ORIENTED_EDGE('',*,*,#2272,.T.);
#3311=ORIENTED_EDGE('',*,*,#2444,.T.);
#3312=ORIENTED_EDGE('',*,*,#2450,.F.);
#3313=ORIENTED_EDGE('',*,*,#2451,.T.);
#3314=ORIENTED_EDGE('',*,*,#2452,.T.);
#3315=ORIENTED_EDGE('',*,*,#2445,.T.);
#3316=ORIENTED_EDGE('',*,*,#2137,.T.);
#3317=ORIENTED_EDGE('',*,*,#2253,.T.);
#3318=ORIENTED_EDGE('',*,*,#2453,.F.);
#3319=ORIENTED_EDGE('',*,*,#2454,.F.);
#3320=ORIENTED_EDGE('',*,*,#2455,.F.);
#3321=ORIENTED_EDGE('',*,*,#2456,.F.);
#3322=ORIENTED_EDGE('',*,*,#2457,.F.);
#3323=ORIENTED_EDGE('',*,*,#2458,.T.);
#3324=ORIENTED_EDGE('',*,*,#2459,.F.);
#3325=ORIENTED_EDGE('',*,*,#2460,.F.);
#3326=ORIENTED_EDGE('',*,*,#2461,.F.);
#3327=ORIENTED_EDGE('',*,*,#2462,.T.);
#3328=ORIENTED_EDGE('',*,*,#2463,.F.);
#3329=ORIENTED_EDGE('',*,*,#2464,.F.);
#3330=ORIENTED_EDGE('',*,*,#2465,.F.);
#3331=ORIENTED_EDGE('',*,*,#2466,.F.);
#3332=ORIENTED_EDGE('',*,*,#2467,.F.);
#3333=ORIENTED_EDGE('',*,*,#2468,.F.);
#3334=ORIENTED_EDGE('',*,*,#2469,.F.);
#3335=ORIENTED_EDGE('',*,*,#2470,.F.);
#3336=ORIENTED_EDGE('',*,*,#2471,.F.);
#3337=ORIENTED_EDGE('',*,*,#2472,.F.);
#3338=ORIENTED_EDGE('',*,*,#2473,.F.);
#3339=ORIENTED_EDGE('',*,*,#2474,.F.);
#3340=ORIENTED_EDGE('',*,*,#2475,.F.);
#3341=ORIENTED_EDGE('',*,*,#2476,.F.);
#3342=ORIENTED_EDGE('',*,*,#2477,.F.);
#3343=ORIENTED_EDGE('',*,*,#2478,.F.);
#3344=ORIENTED_EDGE('',*,*,#2479,.F.);
#3345=ORIENTED_EDGE('',*,*,#2480,.F.);
#3346=ORIENTED_EDGE('',*,*,#2481,.F.);
#3347=ORIENTED_EDGE('',*,*,#2482,.F.);
#3348=ORIENTED_EDGE('',*,*,#2483,.F.);
#3349=ORIENTED_EDGE('',*,*,#2484,.F.);
#3350=ORIENTED_EDGE('',*,*,#2067,.T.);
#3351=ORIENTED_EDGE('',*,*,#2485,.F.);
#3352=ORIENTED_EDGE('',*,*,#2486,.T.);
#3353=ORIENTED_EDGE('',*,*,#2487,.T.);
#3354=ORIENTED_EDGE('',*,*,#2404,.T.);
#3355=ORIENTED_EDGE('',*,*,#2449,.T.);
#3356=ORIENTED_EDGE('',*,*,#2355,.T.);
#3357=ORIENTED_EDGE('',*,*,#2488,.F.);
#3358=ORIENTED_EDGE('',*,*,#2066,.T.);
#3359=ORIENTED_EDGE('',*,*,#2489,.F.);
#3360=ORIENTED_EDGE('',*,*,#2490,.T.);
#3361=ORIENTED_EDGE('',*,*,#2485,.T.);
#3362=ORIENTED_EDGE('',*,*,#2405,.T.);
#3363=ORIENTED_EDGE('',*,*,#2488,.T.);
#3364=ORIENTED_EDGE('',*,*,#2354,.T.);
#3365=ORIENTED_EDGE('',*,*,#2407,.F.);
#3366=ORIENTED_EDGE('',*,*,#2065,.T.);
#3367=ORIENTED_EDGE('',*,*,#2287,.F.);
#3368=ORIENTED_EDGE('',*,*,#2491,.T.);
#3369=ORIENTED_EDGE('',*,*,#2489,.T.);
#3370=ORIENTED_EDGE('',*,*,#2078,.T.);
#3371=ORIENTED_EDGE('',*,*,#2408,.T.);
#3372=ORIENTED_EDGE('',*,*,#2352,.T.);
#3373=ORIENTED_EDGE('',*,*,#2492,.F.);
#3374=ORIENTED_EDGE('',*,*,#2088,.T.);
#3375=ORIENTED_EDGE('',*,*,#2493,.F.);
#3376=ORIENTED_EDGE('',*,*,#2494,.T.);
#3377=ORIENTED_EDGE('',*,*,#2285,.T.);
#3378=ORIENTED_EDGE('',*,*,#2079,.T.);
#3379=ORIENTED_EDGE('',*,*,#2492,.T.);
#3380=ORIENTED_EDGE('',*,*,#2351,.T.);
#3381=ORIENTED_EDGE('',*,*,#2495,.F.);
#3382=ORIENTED_EDGE('',*,*,#2087,.T.);
#3383=ORIENTED_EDGE('',*,*,#2432,.F.);
#3384=ORIENTED_EDGE('',*,*,#2496,.T.);
#3385=ORIENTED_EDGE('',*,*,#2493,.T.);
#3386=ORIENTED_EDGE('',*,*,#2427,.T.);
#3387=ORIENTED_EDGE('',*,*,#2419,.T.);
#3388=ORIENTED_EDGE('',*,*,#2497,.T.);
#3389=ORIENTED_EDGE('',*,*,#2349,.T.);
#3390=ORIENTED_EDGE('',*,*,#2433,.F.);
#3391=ORIENTED_EDGE('',*,*,#2080,.T.);
#3392=ORIENTED_EDGE('',*,*,#2495,.T.);
#3393=ORIENTED_EDGE('',*,*,#2350,.T.);
#3394=ORIENTED_EDGE('',*,*,#2497,.F.);
#3395=ORIENTED_EDGE('',*,*,#2463,.T.);
#3396=ORIENTED_EDGE('',*,*,#2498,.T.);
#3397=ORIENTED_EDGE('',*,*,#2475,.T.);
#3398=ORIENTED_EDGE('',*,*,#2499,.F.);
#3399=ORIENTED_EDGE('',*,*,#2457,.T.);
#3400=ORIENTED_EDGE('',*,*,#2500,.T.);
#3401=ORIENTED_EDGE('',*,*,#2469,.T.);
#3402=ORIENTED_EDGE('',*,*,#2501,.F.);
#3403=ORIENTED_EDGE('',*,*,#2464,.T.);
#3404=ORIENTED_EDGE('',*,*,#2499,.T.);
#3405=ORIENTED_EDGE('',*,*,#2474,.T.);
#3406=ORIENTED_EDGE('',*,*,#2502,.F.);
#3407=ORIENTED_EDGE('',*,*,#2460,.T.);
#3408=ORIENTED_EDGE('',*,*,#2503,.T.);
#3409=ORIENTED_EDGE('',*,*,#2470,.T.);
#3410=ORIENTED_EDGE('',*,*,#2500,.F.);
#3411=ORIENTED_EDGE('',*,*,#2465,.T.);
#3412=ORIENTED_EDGE('',*,*,#2504,.T.);
#3413=ORIENTED_EDGE('',*,*,#2461,.T.);
#3414=ORIENTED_EDGE('',*,*,#2502,.T.);
#3415=ORIENTED_EDGE('',*,*,#2473,.T.);
#3416=ORIENTED_EDGE('',*,*,#2505,.T.);
#3417=ORIENTED_EDGE('',*,*,#2479,.T.);
#3418=ORIENTED_EDGE('',*,*,#2506,.T.);
#3419=ORIENTED_EDGE('',*,*,#2507,.F.);
#3420=ORIENTED_EDGE('',*,*,#2508,.F.);
#3421=ORIENTED_EDGE('',*,*,#2509,.F.);
#3422=ORIENTED_EDGE('',*,*,#2510,.F.);
#3423=ORIENTED_EDGE('',*,*,#2511,.F.);
#3424=ORIENTED_EDGE('',*,*,#2512,.F.);
#3425=ORIENTED_EDGE('',*,*,#2513,.F.);
#3426=ORIENTED_EDGE('',*,*,#2451,.F.);
#3427=ORIENTED_EDGE('',*,*,#2514,.F.);
#3428=ORIENTED_EDGE('',*,*,#2486,.F.);
#3429=ORIENTED_EDGE('',*,*,#2490,.F.);
#3430=ORIENTED_EDGE('',*,*,#2491,.F.);
#3431=ORIENTED_EDGE('',*,*,#2286,.F.);
#3432=ORIENTED_EDGE('',*,*,#2494,.F.);
#3433=ORIENTED_EDGE('',*,*,#2496,.F.);
#3434=ORIENTED_EDGE('',*,*,#2431,.F.);
#3435=ORIENTED_EDGE('',*,*,#2435,.F.);
#3436=ORIENTED_EDGE('',*,*,#2276,.F.);
#3437=ORIENTED_EDGE('',*,*,#2515,.F.);
#3438=ORIENTED_EDGE('',*,*,#2516,.F.);
#3439=ORIENTED_EDGE('',*,*,#2517,.F.);
#3440=ORIENTED_EDGE('',*,*,#2518,.F.);
#3441=ORIENTED_EDGE('',*,*,#2519,.F.);
#3442=ORIENTED_EDGE('',*,*,#2520,.F.);
#3443=ORIENTED_EDGE('',*,*,#2521,.F.);
#3444=ORIENTED_EDGE('',*,*,#2522,.F.);
#3445=ORIENTED_EDGE('',*,*,#2358,.T.);
#3446=ORIENTED_EDGE('',*,*,#2280,.F.);
#3447=ORIENTED_EDGE('',*,*,#2446,.F.);
#3448=ORIENTED_EDGE('',*,*,#2436,.F.);
#3449=ORIENTED_EDGE('',*,*,#2401,.F.);
#3450=ORIENTED_EDGE('',*,*,#2406,.F.);
#3451=ORIENTED_EDGE('',*,*,#2071,.F.);
#3452=ORIENTED_EDGE('',*,*,#2411,.F.);
#3453=ORIENTED_EDGE('',*,*,#2415,.F.);
#3454=ORIENTED_EDGE('',*,*,#2417,.F.);
#3455=ORIENTED_EDGE('',*,*,#2075,.F.);
#3456=ORIENTED_EDGE('',*,*,#2288,.F.);
#3457=ORIENTED_EDGE('',*,*,#2069,.F.);
#3458=ORIENTED_EDGE('',*,*,#2439,.F.);
#3459=ORIENTED_EDGE('',*,*,#2442,.F.);
#3460=ORIENTED_EDGE('',*,*,#2452,.F.);
#3461=ORIENTED_EDGE('',*,*,#2513,.T.);
#3462=ORIENTED_EDGE('',*,*,#2523,.T.);
#3463=ORIENTED_EDGE('',*,*,#2443,.T.);
#3464=ORIENTED_EDGE('',*,*,#2440,.F.);
#3465=ORIENTED_EDGE('',*,*,#2487,.F.);
#3466=ORIENTED_EDGE('',*,*,#2514,.T.);
#3467=ORIENTED_EDGE('',*,*,#2450,.T.);
#3468=ORIENTED_EDGE('',*,*,#2347,.T.);
#3469=ORIENTED_EDGE('',*,*,#2524,.F.);
#3470=ORIENTED_EDGE('',*,*,#2515,.T.);
#3471=ORIENTED_EDGE('',*,*,#2275,.T.);
#3472=ORIENTED_EDGE('',*,*,#2424,.T.);
#3473=ORIENTED_EDGE('',*,*,#2421,.T.);
#3474=ORIENTED_EDGE('',*,*,#2084,.T.);
#3475=ORIENTED_EDGE('',*,*,#2284,.F.);
#3476=ORIENTED_EDGE('',*,*,#2101,.F.);
#3477=ORIENTED_EDGE('',*,*,#2416,.F.);
#3478=ORIENTED_EDGE('',*,*,#2412,.F.);
#3479=ORIENTED_EDGE('',*,*,#2337,.F.);
#3480=ORIENTED_EDGE('',*,*,#2105,.F.);
#3481=ORIENTED_EDGE('',*,*,#2409,.F.);
#3482=ORIENTED_EDGE('',*,*,#2082,.T.);
#3483=ORIENTED_EDGE('',*,*,#2418,.T.);
#3484=ORIENTED_EDGE('',*,*,#2426,.T.);
#3485=ORIENTED_EDGE('',*,*,#2434,.T.);
#3486=ORIENTED_EDGE('',*,*,#2455,.T.);
#3487=ORIENTED_EDGE('',*,*,#2525,.F.);
#3488=ORIENTED_EDGE('',*,*,#2481,.T.);
#3489=ORIENTED_EDGE('',*,*,#2526,.T.);
#3490=ORIENTED_EDGE('',*,*,#2471,.T.);
#3491=ORIENTED_EDGE('',*,*,#2503,.F.);
#3492=ORIENTED_EDGE('',*,*,#2459,.T.);
#3493=ORIENTED_EDGE('',*,*,#2527,.T.);
#3494=ORIENTED_EDGE('',*,*,#2454,.T.);
#3495=ORIENTED_EDGE('',*,*,#2528,.F.);
#3496=ORIENTED_EDGE('',*,*,#2482,.T.);
#3497=ORIENTED_EDGE('',*,*,#2525,.T.);
#3498=ORIENTED_EDGE('',*,*,#2453,.T.);
#3499=ORIENTED_EDGE('',*,*,#2529,.F.);
#3500=ORIENTED_EDGE('',*,*,#2483,.T.);
#3501=ORIENTED_EDGE('',*,*,#2528,.T.);
#3502=ORIENTED_EDGE('',*,*,#2530,.F.);
#3503=ORIENTED_EDGE('',*,*,#2484,.T.);
#3504=ORIENTED_EDGE('',*,*,#2529,.T.);
#3505=ORIENTED_EDGE('',*,*,#2456,.T.);
#3506=ORIENTED_EDGE('',*,*,#2527,.F.);
#3507=ORIENTED_EDGE('',*,*,#2458,.F.);
#3508=ORIENTED_EDGE('',*,*,#2501,.T.);
#3509=ORIENTED_EDGE('',*,*,#2476,.T.);
#3510=ORIENTED_EDGE('',*,*,#2498,.F.);
#3511=ORIENTED_EDGE('',*,*,#2462,.F.);
#3512=ORIENTED_EDGE('',*,*,#2504,.F.);
#3513=ORIENTED_EDGE('',*,*,#2468,.T.);
#3514=ORIENTED_EDGE('',*,*,#2366,.T.);
#3515=ORIENTED_EDGE('',*,*,#2375,.T.);
#3516=ORIENTED_EDGE('',*,*,#2372,.T.);
#3517=ORIENTED_EDGE('',*,*,#2369,.T.);
#3518=ORIENTED_EDGE('',*,*,#2378,.T.);
#3519=ORIENTED_EDGE('',*,*,#2387,.T.);
#3520=ORIENTED_EDGE('',*,*,#2384,.T.);
#3521=ORIENTED_EDGE('',*,*,#2381,.T.);
#3522=ORIENTED_EDGE('',*,*,#2390,.T.);
#3523=ORIENTED_EDGE('',*,*,#2399,.T.);
#3524=ORIENTED_EDGE('',*,*,#2396,.T.);
#3525=ORIENTED_EDGE('',*,*,#2393,.T.);
#3526=ORIENTED_EDGE('',*,*,#2467,.T.);
#3527=ORIENTED_EDGE('',*,*,#2531,.F.);
#3528=ORIENTED_EDGE('',*,*,#2477,.T.);
#3529=ORIENTED_EDGE('',*,*,#2530,.T.);
#3530=ORIENTED_EDGE('',*,*,#2466,.T.);
#3531=ORIENTED_EDGE('',*,*,#2506,.F.);
#3532=ORIENTED_EDGE('',*,*,#2478,.T.);
#3533=ORIENTED_EDGE('',*,*,#2531,.T.);
#3534=ORIENTED_EDGE('',*,*,#2345,.T.);
#3535=ORIENTED_EDGE('',*,*,#2532,.T.);
#3536=ORIENTED_EDGE('',*,*,#2533,.T.);
#3537=ORIENTED_EDGE('',*,*,#2534,.T.);
#3538=ORIENTED_EDGE('',*,*,#2344,.T.);
#3539=ORIENTED_EDGE('',*,*,#2535,.T.);
#3540=ORIENTED_EDGE('',*,*,#2536,.T.);
#3541=ORIENTED_EDGE('',*,*,#2532,.F.);
#3542=ORIENTED_EDGE('',*,*,#2518,.T.);
#3543=ORIENTED_EDGE('',*,*,#2537,.F.);
#3544=ORIENTED_EDGE('',*,*,#2538,.F.);
#3545=ORIENTED_EDGE('',*,*,#2539,.F.);
#3546=ORIENTED_EDGE('',*,*,#2540,.F.);
#3547=ORIENTED_EDGE('',*,*,#2541,.T.);
#3548=ORIENTED_EDGE('',*,*,#2542,.T.);
#3549=ORIENTED_EDGE('',*,*,#2543,.T.);
#3550=ORIENTED_EDGE('',*,*,#2544,.T.);
#3551=ORIENTED_EDGE('',*,*,#2545,.T.);
#3552=ORIENTED_EDGE('',*,*,#2519,.T.);
#3553=ORIENTED_EDGE('',*,*,#2545,.F.);
#3554=ORIENTED_EDGE('',*,*,#2546,.F.);
#3555=ORIENTED_EDGE('',*,*,#2547,.F.);
#3556=ORIENTED_EDGE('',*,*,#2376,.T.);
#3557=ORIENTED_EDGE('',*,*,#2380,.T.);
#3558=ORIENTED_EDGE('',*,*,#2383,.T.);
#3559=ORIENTED_EDGE('',*,*,#2386,.T.);
#3560=ORIENTED_EDGE('',*,*,#2517,.T.);
#3561=ORIENTED_EDGE('',*,*,#2548,.T.);
#3562=ORIENTED_EDGE('',*,*,#2549,.T.);
#3563=ORIENTED_EDGE('',*,*,#2537,.T.);
#3564=ORIENTED_EDGE('',*,*,#2538,.T.);
#3565=ORIENTED_EDGE('',*,*,#2549,.F.);
#3566=ORIENTED_EDGE('',*,*,#2550,.T.);
#3567=ORIENTED_EDGE('',*,*,#2551,.T.);
#3568=ORIENTED_EDGE('',*,*,#2539,.T.);
#3569=ORIENTED_EDGE('',*,*,#2551,.F.);
#3570=ORIENTED_EDGE('',*,*,#2552,.T.);
#3571=ORIENTED_EDGE('',*,*,#2553,.T.);
#3572=ORIENTED_EDGE('',*,*,#2544,.F.);
#3573=ORIENTED_EDGE('',*,*,#2554,.F.);
#3574=ORIENTED_EDGE('',*,*,#2555,.F.);
#3575=ORIENTED_EDGE('',*,*,#2546,.T.);
#3576=ORIENTED_EDGE('',*,*,#2543,.F.);
#3577=ORIENTED_EDGE('',*,*,#2556,.F.);
#3578=ORIENTED_EDGE('',*,*,#2557,.F.);
#3579=ORIENTED_EDGE('',*,*,#2554,.T.);
#3580=ORIENTED_EDGE('',*,*,#2558,.T.);
#3581=ORIENTED_EDGE('',*,*,#2559,.F.);
#3582=ORIENTED_EDGE('',*,*,#2556,.T.);
#3583=ORIENTED_EDGE('',*,*,#2542,.F.);
#3584=ORIENTED_EDGE('',*,*,#2343,.T.);
#3585=ORIENTED_EDGE('',*,*,#2560,.F.);
#3586=ORIENTED_EDGE('',*,*,#2561,.T.);
#3587=ORIENTED_EDGE('',*,*,#2535,.F.);
#3588=ORIENTED_EDGE('',*,*,#2562,.T.);
#3589=ORIENTED_EDGE('',*,*,#2540,.T.);
#3590=ORIENTED_EDGE('',*,*,#2553,.F.);
#3591=ORIENTED_EDGE('',*,*,#2563,.T.);
#3592=ORIENTED_EDGE('',*,*,#2536,.F.);
#3593=ORIENTED_EDGE('',*,*,#2561,.F.);
#3594=ORIENTED_EDGE('',*,*,#2564,.F.);
#3595=ORIENTED_EDGE('',*,*,#2533,.F.);
#3596=ORIENTED_EDGE('',*,*,#2541,.F.);
#3597=ORIENTED_EDGE('',*,*,#2562,.F.);
#3598=ORIENTED_EDGE('',*,*,#2565,.F.);
#3599=ORIENTED_EDGE('',*,*,#2558,.F.);
#3600=ORIENTED_EDGE('',*,*,#2509,.T.);
#3601=ORIENTED_EDGE('',*,*,#2566,.F.);
#3602=ORIENTED_EDGE('',*,*,#2567,.T.);
#3603=ORIENTED_EDGE('',*,*,#2568,.F.);
#3604=ORIENTED_EDGE('',*,*,#2361,.T.);
#3605=ORIENTED_EDGE('',*,*,#2569,.F.);
#3606=ORIENTED_EDGE('',*,*,#2570,.T.);
#3607=ORIENTED_EDGE('',*,*,#2571,.T.);
#3608=ORIENTED_EDGE('',*,*,#2360,.T.);
#3609=ORIENTED_EDGE('',*,*,#2572,.T.);
#3610=ORIENTED_EDGE('',*,*,#2573,.T.);
#3611=ORIENTED_EDGE('',*,*,#2569,.T.);
#3612=ORIENTED_EDGE('',*,*,#2574,.F.);
#3613=ORIENTED_EDGE('',*,*,#2575,.F.);
#3614=ORIENTED_EDGE('',*,*,#2576,.F.);
#3615=ORIENTED_EDGE('',*,*,#2577,.F.);
#3616=ORIENTED_EDGE('',*,*,#2570,.F.);
#3617=ORIENTED_EDGE('',*,*,#2573,.F.);
#3618=ORIENTED_EDGE('',*,*,#2578,.F.);
#3619=ORIENTED_EDGE('',*,*,#2579,.F.);
#3620=ORIENTED_EDGE('',*,*,#2577,.T.);
#3621=ORIENTED_EDGE('',*,*,#2580,.T.);
#3622=ORIENTED_EDGE('',*,*,#2581,.T.);
#3623=ORIENTED_EDGE('',*,*,#2582,.T.);
#3624=ORIENTED_EDGE('',*,*,#2362,.T.);
#3625=ORIENTED_EDGE('',*,*,#2571,.F.);
#3626=ORIENTED_EDGE('',*,*,#2579,.T.);
#3627=ORIENTED_EDGE('',*,*,#2583,.F.);
#3628=ORIENTED_EDGE('',*,*,#2388,.T.);
#3629=ORIENTED_EDGE('',*,*,#2392,.T.);
#3630=ORIENTED_EDGE('',*,*,#2395,.T.);
#3631=ORIENTED_EDGE('',*,*,#2398,.T.);
#3632=ORIENTED_EDGE('',*,*,#2510,.T.);
#3633=ORIENTED_EDGE('',*,*,#2568,.T.);
#3634=ORIENTED_EDGE('',*,*,#2584,.T.);
#3635=ORIENTED_EDGE('',*,*,#2585,.T.);
#3636=ORIENTED_EDGE('',*,*,#2586,.T.);
#3637=ORIENTED_EDGE('',*,*,#2574,.T.);
#3638=ORIENTED_EDGE('',*,*,#2582,.F.);
#3639=ORIENTED_EDGE('',*,*,#2587,.F.);
#3640=ORIENTED_EDGE('',*,*,#2588,.F.);
#3641=ORIENTED_EDGE('',*,*,#2589,.F.);
#3642=ORIENTED_EDGE('',*,*,#2584,.F.);
#3643=ORIENTED_EDGE('',*,*,#2567,.F.);
#3644=ORIENTED_EDGE('',*,*,#2590,.F.);
#3645=ORIENTED_EDGE('',*,*,#2591,.T.);
#3646=ORIENTED_EDGE('',*,*,#2585,.F.);
#3647=ORIENTED_EDGE('',*,*,#2591,.F.);
#3648=ORIENTED_EDGE('',*,*,#2592,.F.);
#3649=ORIENTED_EDGE('',*,*,#2593,.T.);
#3650=ORIENTED_EDGE('',*,*,#2575,.T.);
#3651=ORIENTED_EDGE('',*,*,#2586,.F.);
#3652=ORIENTED_EDGE('',*,*,#2593,.F.);
#3653=ORIENTED_EDGE('',*,*,#2594,.F.);
#3654=ORIENTED_EDGE('',*,*,#2511,.T.);
#3655=ORIENTED_EDGE('',*,*,#2589,.T.);
#3656=ORIENTED_EDGE('',*,*,#2595,.F.);
#3657=ORIENTED_EDGE('',*,*,#2596,.T.);
#3658=ORIENTED_EDGE('',*,*,#2588,.T.);
#3659=ORIENTED_EDGE('',*,*,#2597,.F.);
#3660=ORIENTED_EDGE('',*,*,#2598,.T.);
#3661=ORIENTED_EDGE('',*,*,#2595,.T.);
#3662=ORIENTED_EDGE('',*,*,#2587,.T.);
#3663=ORIENTED_EDGE('',*,*,#2581,.F.);
#3664=ORIENTED_EDGE('',*,*,#2599,.T.);
#3665=ORIENTED_EDGE('',*,*,#2597,.T.);
#3666=ORIENTED_EDGE('',*,*,#2507,.T.);
#3667=ORIENTED_EDGE('',*,*,#2600,.F.);
#3668=ORIENTED_EDGE('',*,*,#2601,.F.);
#3669=ORIENTED_EDGE('',*,*,#2602,.F.);
#3670=ORIENTED_EDGE('',*,*,#2341,.T.);
#3671=ORIENTED_EDGE('',*,*,#2603,.F.);
#3672=ORIENTED_EDGE('',*,*,#2604,.T.);
#3673=ORIENTED_EDGE('',*,*,#2605,.F.);
#3674=ORIENTED_EDGE('',*,*,#2340,.T.);
#3675=ORIENTED_EDGE('',*,*,#2606,.T.);
#3676=ORIENTED_EDGE('',*,*,#2607,.T.);
#3677=ORIENTED_EDGE('',*,*,#2603,.T.);
#3678=ORIENTED_EDGE('',*,*,#2520,.T.);
#3679=ORIENTED_EDGE('',*,*,#2547,.T.);
#3680=ORIENTED_EDGE('',*,*,#2555,.T.);
#3681=ORIENTED_EDGE('',*,*,#2557,.T.);
#3682=ORIENTED_EDGE('',*,*,#2559,.T.);
#3683=ORIENTED_EDGE('',*,*,#2565,.T.);
#3684=ORIENTED_EDGE('',*,*,#2563,.F.);
#3685=ORIENTED_EDGE('',*,*,#2552,.F.);
#3686=ORIENTED_EDGE('',*,*,#2550,.F.);
#3687=ORIENTED_EDGE('',*,*,#2548,.F.);
#3688=ORIENTED_EDGE('',*,*,#2516,.T.);
#3689=ORIENTED_EDGE('',*,*,#2524,.T.);
#3690=ORIENTED_EDGE('',*,*,#2346,.T.);
#3691=ORIENTED_EDGE('',*,*,#2534,.F.);
#3692=ORIENTED_EDGE('',*,*,#2564,.T.);
#3693=ORIENTED_EDGE('',*,*,#2560,.T.);
#3694=ORIENTED_EDGE('',*,*,#2342,.T.);
#3695=ORIENTED_EDGE('',*,*,#2605,.T.);
#3696=ORIENTED_EDGE('',*,*,#2608,.T.);
#3697=ORIENTED_EDGE('',*,*,#2609,.T.);
#3698=ORIENTED_EDGE('',*,*,#2363,.T.);
#3699=ORIENTED_EDGE('',*,*,#2583,.T.);
#3700=ORIENTED_EDGE('',*,*,#2578,.T.);
#3701=ORIENTED_EDGE('',*,*,#2572,.F.);
#3702=ORIENTED_EDGE('',*,*,#2359,.T.);
#3703=ORIENTED_EDGE('',*,*,#2523,.F.);
#3704=ORIENTED_EDGE('',*,*,#2512,.T.);
#3705=ORIENTED_EDGE('',*,*,#2596,.F.);
#3706=ORIENTED_EDGE('',*,*,#2598,.F.);
#3707=ORIENTED_EDGE('',*,*,#2599,.F.);
#3708=ORIENTED_EDGE('',*,*,#2580,.F.);
#3709=ORIENTED_EDGE('',*,*,#2576,.T.);
#3710=ORIENTED_EDGE('',*,*,#2594,.T.);
#3711=ORIENTED_EDGE('',*,*,#2592,.T.);
#3712=ORIENTED_EDGE('',*,*,#2590,.T.);
#3713=ORIENTED_EDGE('',*,*,#2566,.T.);
#3714=ORIENTED_EDGE('',*,*,#2508,.T.);
#3715=ORIENTED_EDGE('',*,*,#2602,.T.);
#3716=ORIENTED_EDGE('',*,*,#2610,.T.);
#3717=ORIENTED_EDGE('',*,*,#2611,.T.);
#3718=ORIENTED_EDGE('',*,*,#2612,.T.);
#3719=ORIENTED_EDGE('',*,*,#2613,.T.);
#3720=ORIENTED_EDGE('',*,*,#2614,.T.);
#3721=ORIENTED_EDGE('',*,*,#2615,.T.);
#3722=ORIENTED_EDGE('',*,*,#2616,.T.);
#3723=ORIENTED_EDGE('',*,*,#2617,.T.);
#3724=ORIENTED_EDGE('',*,*,#2480,.T.);
#3725=ORIENTED_EDGE('',*,*,#2505,.F.);
#3726=ORIENTED_EDGE('',*,*,#2472,.T.);
#3727=ORIENTED_EDGE('',*,*,#2526,.F.);
#3728=ORIENTED_EDGE('',*,*,#2618,.F.);
#3729=ORIENTED_EDGE('',*,*,#2619,.F.);
#3730=ORIENTED_EDGE('',*,*,#2613,.F.);
#3731=ORIENTED_EDGE('',*,*,#2620,.F.);
#3732=ORIENTED_EDGE('',*,*,#2607,.F.);
#3733=ORIENTED_EDGE('',*,*,#2621,.F.);
#3734=ORIENTED_EDGE('',*,*,#2608,.F.);
#3735=ORIENTED_EDGE('',*,*,#2604,.F.);
#3736=ORIENTED_EDGE('',*,*,#2619,.T.);
#3737=ORIENTED_EDGE('',*,*,#2622,.F.);
#3738=ORIENTED_EDGE('',*,*,#2623,.F.);
#3739=ORIENTED_EDGE('',*,*,#2614,.F.);
#3740=ORIENTED_EDGE('',*,*,#2364,.T.);
#3741=ORIENTED_EDGE('',*,*,#2368,.T.);
#3742=ORIENTED_EDGE('',*,*,#2371,.T.);
#3743=ORIENTED_EDGE('',*,*,#2374,.T.);
#3744=ORIENTED_EDGE('',*,*,#2522,.T.);
#3745=ORIENTED_EDGE('',*,*,#2624,.T.);
#3746=ORIENTED_EDGE('',*,*,#2625,.T.);
#3747=ORIENTED_EDGE('',*,*,#2626,.T.);
#3748=ORIENTED_EDGE('',*,*,#2622,.T.);
#3749=ORIENTED_EDGE('',*,*,#2618,.T.);
#3750=ORIENTED_EDGE('',*,*,#2627,.T.);
#3751=ORIENTED_EDGE('',*,*,#2628,.T.);
#3752=ORIENTED_EDGE('',*,*,#2629,.T.);
#3753=ORIENTED_EDGE('',*,*,#2600,.T.);
#3754=ORIENTED_EDGE('',*,*,#2339,.T.);
#3755=ORIENTED_EDGE('',*,*,#2609,.F.);
#3756=ORIENTED_EDGE('',*,*,#2621,.T.);
#3757=ORIENTED_EDGE('',*,*,#2606,.F.);
#3758=ORIENTED_EDGE('',*,*,#2620,.T.);
#3759=ORIENTED_EDGE('',*,*,#2612,.F.);
#3760=ORIENTED_EDGE('',*,*,#2630,.T.);
#3761=ORIENTED_EDGE('',*,*,#2627,.F.);
#3762=ORIENTED_EDGE('',*,*,#2628,.F.);
#3763=ORIENTED_EDGE('',*,*,#2630,.F.);
#3764=ORIENTED_EDGE('',*,*,#2611,.F.);
#3765=ORIENTED_EDGE('',*,*,#2631,.T.);
#3766=ORIENTED_EDGE('',*,*,#2629,.F.);
#3767=ORIENTED_EDGE('',*,*,#2631,.F.);
#3768=ORIENTED_EDGE('',*,*,#2610,.F.);
#3769=ORIENTED_EDGE('',*,*,#2601,.T.);
#3770=ORIENTED_EDGE('',*,*,#2521,.T.);
#3771=ORIENTED_EDGE('',*,*,#2617,.F.);
#3772=ORIENTED_EDGE('',*,*,#2632,.T.);
#3773=ORIENTED_EDGE('',*,*,#2624,.F.);
#3774=ORIENTED_EDGE('',*,*,#2625,.F.);
#3775=ORIENTED_EDGE('',*,*,#2632,.F.);
#3776=ORIENTED_EDGE('',*,*,#2616,.F.);
#3777=ORIENTED_EDGE('',*,*,#2633,.T.);
#3778=ORIENTED_EDGE('',*,*,#2626,.F.);
#3779=ORIENTED_EDGE('',*,*,#2633,.F.);
#3780=ORIENTED_EDGE('',*,*,#2615,.F.);
#3781=ORIENTED_EDGE('',*,*,#2623,.T.);
#3782=PLANE('',#4179);
#3783=PLANE('',#4180);
#3784=PLANE('',#4181);
#3785=PLANE('',#4182);
#3786=PLANE('',#4183);
#3787=PLANE('',#4184);
#3788=PLANE('',#4185);
#3789=PLANE('',#4186);
#3790=PLANE('',#4187);
#3791=PLANE('',#4196);
#3792=PLANE('',#4197);
#3793=PLANE('',#4198);
#3794=PLANE('',#4199);
#3795=PLANE('',#4203);
#3796=PLANE('',#4210);
#3797=PLANE('',#4214);
#3798=PLANE('',#4218);
#3799=PLANE('',#4222);
#3800=PLANE('',#4226);
#3801=PLANE('',#4230);
#3802=PLANE('',#4231);
#3803=PLANE('',#4232);
#3804=PLANE('',#4235);
#3805=PLANE('',#4236);
#3806=PLANE('',#4239);
#3807=PLANE('',#4240);
#3808=PLANE('',#4241);
#3809=PLANE('',#4244);
#3810=PLANE('',#4245);
#3811=PLANE('',#4246);
#3812=PLANE('',#4247);
#3813=PLANE('',#4248);
#3814=PLANE('',#4251);
#3815=PLANE('',#4252);
#3816=PLANE('',#4253);
#3817=PLANE('',#4254);
#3818=PLANE('',#4257);
#3819=PLANE('',#4258);
#3820=PLANE('',#4259);
#3821=PLANE('',#4260);
#3822=PLANE('',#4261);
#3823=PLANE('',#4262);
#3824=PLANE('',#4265);
#3825=PLANE('',#4266);
#3826=PLANE('',#4267);
#3827=PLANE('',#4268);
#3828=PLANE('',#4269);
#3829=PLANE('',#4270);
#3830=PLANE('',#4271);
#3831=PLANE('',#4272);
#3832=PLANE('',#4273);
#3833=PLANE('',#4274);
#3834=PLANE('',#4275);
#3835=PLANE('',#4276);
#3836=PLANE('',#4277);
#3837=PLANE('',#4278);
#3838=PLANE('',#4279);
#3839=PLANE('',#4280);
#3840=PLANE('',#4281);
#3841=PLANE('',#4282);
#3842=PLANE('',#4283);
#3843=PLANE('',#4284);
#3844=PLANE('',#4285);
#3845=PLANE('',#4291);
#3846=PLANE('',#4292);
#3847=PLANE('',#4293);
#3848=PLANE('',#4294);
#3849=PLANE('',#4295);
#3850=PLANE('',#4296);
#3851=PLANE('',#4297);
#3852=PLANE('',#4298);
#3853=PLANE('',#4299);
#3854=PLANE('',#4300);
#3855=PLANE('',#4301);
#3856=PLANE('',#4302);
#3857=PLANE('',#4303);
#3858=PLANE('',#4304);
#3859=PLANE('',#4305);
#3860=PLANE('',#4306);
#3861=PLANE('',#4307);
#3862=PLANE('',#4308);
#3863=PLANE('',#4309);
#3864=PLANE('',#4310);
#3865=PLANE('',#4311);
#3866=PLANE('',#4312);
#3867=PLANE('',#4313);
#3868=PLANE('',#4314);
#3869=PLANE('',#4315);
#3870=PLANE('',#4316);
#3871=PLANE('',#4317);
#3872=PLANE('',#4318);
#3873=PLANE('',#4319);
#3874=PLANE('',#4320);
#3875=PLANE('',#4321);
#3876=PLANE('',#4322);
#3877=PLANE('',#4323);
#3878=PLANE('',#4324);
#3879=PLANE('',#4325);
#3880=PLANE('',#4326);
#3881=PLANE('',#4327);
#3882=PLANE('',#4328);
#3883=PLANE('',#4329);
#3884=PLANE('',#4330);
#3885=PLANE('',#4331);
#3886=PLANE('',#4332);
#3887=PLANE('',#4333);
#3888=PLANE('',#4334);
#3889=PLANE('',#4335);
#3890=PLANE('',#4336);
#3891=PLANE('',#4337);
#3892=PLANE('',#4338);
#3893=PLANE('',#4339);
#3894=PLANE('',#4340);
#3895=PLANE('',#4341);
#3896=PLANE('',#4342);
#3897=PLANE('',#4343);
#3898=PLANE('',#4344);
#3899=PLANE('',#4345);
#3900=PLANE('',#4346);
#3901=PLANE('',#4347);
#3902=PLANE('',#4348);
#3903=PLANE('',#4349);
#3904=PLANE('',#4350);
#3905=PLANE('',#4351);
#3906=PLANE('',#4352);
#3907=PLANE('',#4353);
#3908=PLANE('',#4354);
#3909=PLANE('',#4355);
#3910=PLANE('',#4356);
#3911=PLANE('',#4357);
#3912=PLANE('',#4358);
#3913=PLANE('',#4359);
#3914=PLANE('',#4360);
#3915=PLANE('',#4361);
#3916=PLANE('',#4362);
#3917=PLANE('',#4363);
#3918=PLANE('',#4364);
#3919=PLANE('',#4365);
#3920=PLANE('',#4366);
#3921=PLANE('',#4367);
#3922=PLANE('',#4368);
#3923=PLANE('',#4369);
#3924=PLANE('',#4370);
#3925=PLANE('',#4371);
#3926=PLANE('',#4372);
#3927=PLANE('',#4373);
#3928=PLANE('',#4374);
#3929=PLANE('',#4375);
#3930=PLANE('',#4376);
#3931=PLANE('',#4377);
#3932=PLANE('',#4378);
#3933=PLANE('',#4379);
#3934=PLANE('',#4380);
#3935=PLANE('',#4381);
#3936=PLANE('',#4382);
#3937=PLANE('',#4383);
#3938=PLANE('',#4384);
#3939=PLANE('',#4385);
#3940=PLANE('',#4386);
#3941=PLANE('',#4387);
#3942=PLANE('',#4388);
#3943=PLANE('',#4389);
#3944=PLANE('',#4390);
#3945=PLANE('',#4391);
#3946=PLANE('',#4392);
#3947=PLANE('',#4393);
#3948=PLANE('',#4394);
#3949=PLANE('',#4395);
#3950=PLANE('',#4396);
#3951=PLANE('',#4397);
#3952=PLANE('',#4398);
#3953=PLANE('',#4399);
#3954=PLANE('',#4400);
#3955=PLANE('',#4401);
#3956=PLANE('',#4402);
#3957=PLANE('',#4403);
#3958=PLANE('',#4404);
#3959=PLANE('',#4405);
#3960=PLANE('',#4406);
#3961=PLANE('',#4407);
#3962=ADVANCED_FACE('',(#201),#3782,.T.);
#3963=ADVANCED_FACE('',(#202),#3783,.F.);
#3964=ADVANCED_FACE('',(#203),#3784,.F.);
#3965=ADVANCED_FACE('',(#204),#3785,.F.);
#3966=ADVANCED_FACE('',(#205),#3786,.F.);
#3967=ADVANCED_FACE('',(#206),#3787,.T.);
#3968=ADVANCED_FACE('',(#207),#3788,.T.);
#3969=ADVANCED_FACE('',(#208),#3789,.F.);
#3970=ADVANCED_FACE('',(#209),#3790,.F.);
#3971=ADVANCED_FACE('',(#210),#21,.F.);
#3972=ADVANCED_FACE('',(#211),#22,.F.);
#3973=ADVANCED_FACE('',(#212),#3791,.F.);
#3974=ADVANCED_FACE('',(#213),#3792,.T.);
#3975=ADVANCED_FACE('',(#214),#3793,.T.);
#3976=ADVANCED_FACE('',(#215),#3794,.T.);
#3977=ADVANCED_FACE('',(#216),#23,.T.);
#3978=ADVANCED_FACE('',(#217),#3795,.T.);
#3979=ADVANCED_FACE('',(#218),#24,.T.);
#3980=ADVANCED_FACE('',(#219),#25,.T.);
#3981=ADVANCED_FACE('',(#220),#3796,.F.);
#3982=ADVANCED_FACE('',(#221),#26,.T.);
#3983=ADVANCED_FACE('',(#222),#3797,.F.);
#3984=ADVANCED_FACE('',(#223),#27,.T.);
#3985=ADVANCED_FACE('',(#224),#3798,.F.);
#3986=ADVANCED_FACE('',(#225),#28,.T.);
#3987=ADVANCED_FACE('',(#226),#3799,.F.);
#3988=ADVANCED_FACE('',(#227),#29,.T.);
#3989=ADVANCED_FACE('',(#228),#3800,.T.);
#3990=ADVANCED_FACE('',(#229),#30,.T.);
#3991=ADVANCED_FACE('',(#230),#3801,.F.);
#3992=ADVANCED_FACE('',(#231),#3802,.F.);
#3993=ADVANCED_FACE('',(#232),#3803,.F.);
#3994=ADVANCED_FACE('',(#233),#3804,.T.);
#3995=ADVANCED_FACE('',(#234),#3805,.F.);
#3996=ADVANCED_FACE('',(#235),#3806,.F.);
#3997=ADVANCED_FACE('',(#236),#3807,.F.);
#3998=ADVANCED_FACE('',(#237),#3808,.F.);
#3999=ADVANCED_FACE('',(#238),#3809,.F.);
#4000=ADVANCED_FACE('',(#239),#3810,.F.);
#4001=ADVANCED_FACE('',(#240),#3811,.F.);
#4002=ADVANCED_FACE('',(#241),#3812,.F.);
#4003=ADVANCED_FACE('',(#242),#3813,.F.);
#4004=ADVANCED_FACE('',(#243),#3814,.T.);
#4005=ADVANCED_FACE('',(#244),#3815,.T.);
#4006=ADVANCED_FACE('',(#245),#3816,.T.);
#4007=ADVANCED_FACE('',(#246),#3817,.T.);
#4008=ADVANCED_FACE('',(#247),#31,.T.);
#4009=ADVANCED_FACE('',(#248),#32,.F.);
#4010=ADVANCED_FACE('',(#249),#3818,.T.);
#4011=ADVANCED_FACE('',(#250),#3819,.F.);
#4012=ADVANCED_FACE('',(#251),#3820,.F.);
#4013=ADVANCED_FACE('',(#252),#3821,.F.);
#4014=ADVANCED_FACE('',(#253),#3822,.F.);
#4015=ADVANCED_FACE('',(#254,#16),#3823,.T.);
#4016=ADVANCED_FACE('',(#255),#33,.F.);
#4017=ADVANCED_FACE('',(#256),#34,.T.);
#4018=ADVANCED_FACE('',(#257),#3824,.T.);
#4019=ADVANCED_FACE('',(#258),#3825,.F.);
#4020=ADVANCED_FACE('',(#259),#3826,.T.);
#4021=ADVANCED_FACE('',(#260),#3827,.T.);
#4022=ADVANCED_FACE('',(#261),#3828,.T.);
#4023=ADVANCED_FACE('',(#262),#3829,.T.);
#4024=ADVANCED_FACE('',(#263),#3830,.T.);
#4025=ADVANCED_FACE('',(#264),#3831,.T.);
#4026=ADVANCED_FACE('',(#265),#3832,.T.);
#4027=ADVANCED_FACE('',(#266),#3833,.F.);
#4028=ADVANCED_FACE('',(#267),#3834,.F.);
#4029=ADVANCED_FACE('',(#268),#3835,.F.);
#4030=ADVANCED_FACE('',(#269),#3836,.F.);
#4031=ADVANCED_FACE('',(#270),#3837,.F.);
#4032=ADVANCED_FACE('',(#271),#3838,.F.);
#4033=ADVANCED_FACE('',(#272),#3839,.F.);
#4034=ADVANCED_FACE('',(#273),#3840,.F.);
#4035=ADVANCED_FACE('',(#274),#3841,.T.);
#4036=ADVANCED_FACE('',(#275),#3842,.T.);
#4037=ADVANCED_FACE('',(#276),#3843,.T.);
#4038=ADVANCED_FACE('',(#277),#3844,.T.);
#4039=ADVANCED_FACE('',(#278),#35,.T.);
#4040=ADVANCED_FACE('',(#279),#36,.T.);
#4041=ADVANCED_FACE('',(#280),#37,.T.);
#4042=ADVANCED_FACE('',(#281),#3845,.T.);
#4043=ADVANCED_FACE('',(#282),#3846,.F.);
#4044=ADVANCED_FACE('',(#283),#3847,.F.);
#4045=ADVANCED_FACE('',(#284),#3848,.F.);
#4046=ADVANCED_FACE('',(#285),#3849,.F.);
#4047=ADVANCED_FACE('',(#286),#3850,.T.);
#4048=ADVANCED_FACE('',(#287),#3851,.F.);
#4049=ADVANCED_FACE('',(#288),#3852,.F.);
#4050=ADVANCED_FACE('',(#289),#3853,.F.);
#4051=ADVANCED_FACE('',(#290),#3854,.F.);
#4052=ADVANCED_FACE('',(#291),#3855,.F.);
#4053=ADVANCED_FACE('',(#292),#3856,.F.);
#4054=ADVANCED_FACE('',(#293),#3857,.F.);
#4055=ADVANCED_FACE('',(#294),#3858,.F.);
#4056=ADVANCED_FACE('',(#295),#3859,.F.);
#4057=ADVANCED_FACE('',(#296),#3860,.F.);
#4058=ADVANCED_FACE('',(#297),#3861,.F.);
#4059=ADVANCED_FACE('',(#298),#3862,.F.);
#4060=ADVANCED_FACE('',(#299),#3863,.F.);
#4061=ADVANCED_FACE('',(#300),#3864,.T.);
#4062=ADVANCED_FACE('',(#301),#3865,.F.);
#4063=ADVANCED_FACE('',(#302),#3866,.F.);
#4064=ADVANCED_FACE('',(#303),#3867,.F.);
#4065=ADVANCED_FACE('',(#304),#3868,.F.);
#4066=ADVANCED_FACE('',(#305),#3869,.F.);
#4067=ADVANCED_FACE('',(#306),#3870,.T.);
#4068=ADVANCED_FACE('',(#307),#3871,.T.);
#4069=ADVANCED_FACE('',(#308),#3872,.T.);
#4070=ADVANCED_FACE('',(#309),#3873,.T.);
#4071=ADVANCED_FACE('',(#310),#3874,.T.);
#4072=ADVANCED_FACE('',(#311),#3875,.T.);
#4073=ADVANCED_FACE('',(#312),#3876,.T.);
#4074=ADVANCED_FACE('',(#313),#3877,.F.);
#4075=ADVANCED_FACE('',(#314),#3878,.F.);
#4076=ADVANCED_FACE('',(#315),#3879,.F.);
#4077=ADVANCED_FACE('',(#316),#3880,.F.);
#4078=ADVANCED_FACE('',(#317),#3881,.T.);
#4079=ADVANCED_FACE('',(#318),#3882,.T.);
#4080=ADVANCED_FACE('',(#319),#3883,.T.);
#4081=ADVANCED_FACE('',(#320),#3884,.F.);
#4082=ADVANCED_FACE('',(#321),#3885,.F.);
#4083=ADVANCED_FACE('',(#322),#3886,.F.);
#4084=ADVANCED_FACE('',(#323),#3887,.F.);
#4085=ADVANCED_FACE('',(#324),#3888,.F.);
#4086=ADVANCED_FACE('',(#325),#3889,.F.);
#4087=ADVANCED_FACE('',(#326),#3890,.T.);
#4088=ADVANCED_FACE('',(#327),#3891,.T.);
#4089=ADVANCED_FACE('',(#328),#3892,.T.);
#4090=ADVANCED_FACE('',(#329),#3893,.T.);
#4091=ADVANCED_FACE('',(#330),#3894,.T.);
#4092=ADVANCED_FACE('',(#331),#3895,.T.);
#4093=ADVANCED_FACE('',(#332),#3896,.T.);
#4094=ADVANCED_FACE('',(#333),#3897,.T.);
#4095=ADVANCED_FACE('',(#334),#3898,.T.);
#4096=ADVANCED_FACE('',(#335),#3899,.T.);
#4097=ADVANCED_FACE('',(#336),#3900,.T.);
#4098=ADVANCED_FACE('',(#337),#3901,.T.);
#4099=ADVANCED_FACE('',(#338),#3902,.T.);
#4100=ADVANCED_FACE('',(#339),#3903,.T.);
#4101=ADVANCED_FACE('',(#340),#3904,.T.);
#4102=ADVANCED_FACE('',(#341),#3905,.T.);
#4103=ADVANCED_FACE('',(#342),#3906,.F.);
#4104=ADVANCED_FACE('',(#343),#3907,.T.);
#4105=ADVANCED_FACE('',(#344),#3908,.T.);
#4106=ADVANCED_FACE('',(#345),#3909,.T.);
#4107=ADVANCED_FACE('',(#346),#3910,.T.);
#4108=ADVANCED_FACE('',(#347),#3911,.T.);
#4109=ADVANCED_FACE('',(#348),#3912,.T.);
#4110=ADVANCED_FACE('',(#349,#17,#18,#19),#3913,.T.);
#4111=ADVANCED_FACE('',(#350),#3914,.T.);
#4112=ADVANCED_FACE('',(#351),#3915,.T.);
#4113=ADVANCED_FACE('',(#352),#3916,.T.);
#4114=ADVANCED_FACE('',(#353),#3917,.T.);
#4115=ADVANCED_FACE('',(#354),#3918,.T.);
#4116=ADVANCED_FACE('',(#355),#3919,.F.);
#4117=ADVANCED_FACE('',(#356),#3920,.F.);
#4118=ADVANCED_FACE('',(#357),#3921,.T.);
#4119=ADVANCED_FACE('',(#358),#3922,.T.);
#4120=ADVANCED_FACE('',(#359),#3923,.T.);
#4121=ADVANCED_FACE('',(#360),#3924,.F.);
#4122=ADVANCED_FACE('',(#361),#3925,.F.);
#4123=ADVANCED_FACE('',(#362),#3926,.F.);
#4124=ADVANCED_FACE('',(#363),#3927,.F.);
#4125=ADVANCED_FACE('',(#364),#3928,.T.);
#4126=ADVANCED_FACE('',(#365),#3929,.F.);
#4127=ADVANCED_FACE('',(#366),#3930,.F.);
#4128=ADVANCED_FACE('',(#367),#3931,.F.);
#4129=ADVANCED_FACE('',(#368),#3932,.T.);
#4130=ADVANCED_FACE('',(#369),#3933,.T.);
#4131=ADVANCED_FACE('',(#370),#3934,.F.);
#4132=ADVANCED_FACE('',(#371),#3935,.F.);
#4133=ADVANCED_FACE('',(#372),#3936,.T.);
#4134=ADVANCED_FACE('',(#373),#3937,.F.);
#4135=ADVANCED_FACE('',(#374),#3938,.F.);
#4136=ADVANCED_FACE('',(#375),#3939,.T.);
#4137=ADVANCED_FACE('',(#376),#3940,.F.);
#4138=ADVANCED_FACE('',(#377),#3941,.F.);
#4139=ADVANCED_FACE('',(#378),#3942,.F.);
#4140=ADVANCED_FACE('',(#379),#3943,.T.);
#4141=ADVANCED_FACE('',(#380),#3944,.T.);
#4142=ADVANCED_FACE('',(#381),#3945,.T.);
#4143=ADVANCED_FACE('',(#382),#3946,.F.);
#4144=ADVANCED_FACE('',(#383),#3947,.F.);
#4145=ADVANCED_FACE('',(#384),#3948,.T.);
#4146=ADVANCED_FACE('',(#385,#20),#3949,.F.);
#4147=ADVANCED_FACE('',(#386),#3950,.F.);
#4148=ADVANCED_FACE('',(#387),#3951,.F.);
#4149=ADVANCED_FACE('',(#388),#3952,.F.);
#4150=ADVANCED_FACE('',(#389),#3953,.F.);
#4151=ADVANCED_FACE('',(#390),#3954,.T.);
#4152=ADVANCED_FACE('',(#391),#3955,.F.);
#4153=ADVANCED_FACE('',(#392),#3956,.F.);
#4154=ADVANCED_FACE('',(#393),#3957,.F.);
#4155=ADVANCED_FACE('',(#394),#3958,.F.);
#4156=ADVANCED_FACE('',(#395),#3959,.F.);
#4157=ADVANCED_FACE('',(#396),#3960,.F.);
#4158=ADVANCED_FACE('',(#397),#3961,.F.);
#4159=CLOSED_SHELL('',(#3962,#3963,#3964,#3965,#3966,#3967,#3968,#3969,
#3970,#3971,#3972,#3973,#3974,#3975,#3976,#3977,#3978,#3979,#3980,#3981,
#3982,#3983,#3984,#3985,#3986,#3987,#3988,#3989,#3990,#3991,#3992,#3993,
#3994,#3995,#3996,#3997,#3998,#3999,#4000,#4001,#4002,#4003,#4004,#4005,
#4006,#4007,#4008,#4009,#4010,#4011,#4012,#4013,#4014,#4015,#4016,#4017,
#4018,#4019,#4020,#4021,#4022,#4023,#4024,#4025,#4026,#4027,#4028,#4029,
#4030,#4031,#4032,#4033,#4034,#4035,#4036,#4037,#4038,#4039,#4040,#4041,
#4042,#4043,#4044,#4045,#4046,#4047,#4048,#4049,#4050,#4051,#4052,#4053,
#4054,#4055,#4056,#4057,#4058,#4059,#4060,#4061,#4062,#4063,#4064,#4065,
#4066,#4067,#4068,#4069,#4070,#4071,#4072,#4073,#4074,#4075,#4076,#4077,
#4078,#4079,#4080,#4081,#4082,#4083,#4084,#4085,#4086,#4087,#4088,#4089,
#4090,#4091,#4092,#4093,#4094,#4095,#4096,#4097,#4098,#4099,#4100,#4101,
#4102,#4103,#4104,#4105,#4106,#4107,#4108,#4109,#4110,#4111,#4112,#4113,
#4114,#4115,#4116,#4117,#4118,#4119,#4120,#4121,#4122,#4123,#4124,#4125,
#4126,#4127,#4128,#4129,#4130,#4131,#4132,#4133,#4134,#4135,#4136,#4137,
#4138,#4139,#4140,#4141,#4142,#4143,#4144,#4145,#4146,#4147,#4148,#4149,
#4150,#4151,#4152,#4153,#4154,#4155,#4156,#4157,#4158));
#4160=DERIVED_UNIT_ELEMENT(#4162,1.);
#4161=DERIVED_UNIT_ELEMENT(#6563,3.);
#4162=(
MASS_UNIT()
NAMED_UNIT(*)
SI_UNIT($,.GRAM.)
);
#4163=DERIVED_UNIT((#4160,#4161));
#4164=MEASURE_REPRESENTATION_ITEM('density measure',
POSITIVE_RATIO_MEASURE(1.),#4163);
#4165=PROPERTY_DEFINITION_REPRESENTATION(#4170,#4167);
#4166=PROPERTY_DEFINITION_REPRESENTATION(#4171,#4168);
#4167=REPRESENTATION('material name',(#4169),#6560);
#4168=REPRESENTATION('density',(#4164),#6560);
#4169=DESCRIPTIVE_REPRESENTATION_ITEM('Generic','Generic');
#4170=PROPERTY_DEFINITION('material property','material name',#6570);
#4171=PROPERTY_DEFINITION('material property','density of part',#6570);
#4172=DATE_TIME_ROLE('creation_date');
#4173=APPLIED_DATE_AND_TIME_ASSIGNMENT(#4174,#4172,(#6570));
#4174=DATE_AND_TIME(#4175,#4176);
#4175=CALENDAR_DATE(2023,24,2);
#4176=LOCAL_TIME(13,47,4.,#4177);
#4177=COORDINATED_UNIVERSAL_TIME_OFFSET(0,0,.BEHIND.);
#4178=AXIS2_PLACEMENT_3D('placement',#5410,#4408,#4409);
#4179=AXIS2_PLACEMENT_3D('',#5411,#4410,#4411);
#4180=AXIS2_PLACEMENT_3D('',#5420,#4416,#4417);
#4181=AXIS2_PLACEMENT_3D('',#5433,#4424,#4425);
#4182=AXIS2_PLACEMENT_3D('',#5447,#4433,#4434);
#4183=AXIS2_PLACEMENT_3D('',#5460,#4441,#4442);
#4184=AXIS2_PLACEMENT_3D('',#5473,#4449,#4450);
#4185=AXIS2_PLACEMENT_3D('',#5482,#4455,#4456);
#4186=AXIS2_PLACEMENT_3D('',#5491,#4461,#4462);
#4187=AXIS2_PLACEMENT_3D('',#5500,#4467,#4468);
#4188=AXIS2_PLACEMENT_3D('',#5519,#4477,#4478);
#4189=AXIS2_PLACEMENT_3D('',#5523,#4480,#4481);
#4190=AXIS2_PLACEMENT_3D('',#5529,#4485,#4486);
#4191=AXIS2_PLACEMENT_3D('',#5532,#4487,#4488);
#4192=AXIS2_PLACEMENT_3D('',#5536,#4490,#4491);
#4193=AXIS2_PLACEMENT_3D('',#5538,#4493,#4494);
#4194=AXIS2_PLACEMENT_3D('',#5541,#4495,#4496);
#4195=AXIS2_PLACEMENT_3D('',#5545,#4498,#4499);
#4196=AXIS2_PLACEMENT_3D('',#5547,#4501,#4502);
#4197=AXIS2_PLACEMENT_3D('',#5566,#4513,#4514);
#4198=AXIS2_PLACEMENT_3D('',#5570,#4517,#4518);
#4199=AXIS2_PLACEMENT_3D('',#5589,#4529,#4530);
#4200=AXIS2_PLACEMENT_3D('',#5593,#4533,#4534);
#4201=AXIS2_PLACEMENT_3D('',#5596,#4535,#4536);
#4202=AXIS2_PLACEMENT_3D('',#5600,#4538,#4539);
#4203=AXIS2_PLACEMENT_3D('',#5602,#4541,#4542);
#4204=AXIS2_PLACEMENT_3D('',#5608,#4546,#4547);
#4205=AXIS2_PLACEMENT_3D('',#5610,#4548,#4549);
#4206=AXIS2_PLACEMENT_3D('',#5612,#4550,#4551);
#4207=AXIS2_PLACEMENT_3D('',#5614,#4553,#4554);
#4208=AXIS2_PLACEMENT_3D('',#5617,#4555,#4556);
#4209=AXIS2_PLACEMENT_3D('',#5621,#4558,#4559);
#4210=AXIS2_PLACEMENT_3D('',#5623,#4561,#4562);
#4211=AXIS2_PLACEMENT_3D('',#5629,#4566,#4567);
#4212=AXIS2_PLACEMENT_3D('',#5632,#4568,#4569);
#4213=AXIS2_PLACEMENT_3D('',#5636,#4571,#4572);
#4214=AXIS2_PLACEMENT_3D('',#5638,#4574,#4575);
#4215=AXIS2_PLACEMENT_3D('',#5644,#4579,#4580);
#4216=AXIS2_PLACEMENT_3D('',#5647,#4581,#4582);
#4217=AXIS2_PLACEMENT_3D('',#5651,#4584,#4585);
#4218=AXIS2_PLACEMENT_3D('',#5653,#4587,#4588);
#4219=AXIS2_PLACEMENT_3D('',#5659,#4592,#4593);
#4220=AXIS2_PLACEMENT_3D('',#5662,#4594,#4595);
#4221=AXIS2_PLACEMENT_3D('',#5666,#4597,#4598);
#4222=AXIS2_PLACEMENT_3D('',#5668,#4600,#4601);
#4223=AXIS2_PLACEMENT_3D('',#5674,#4605,#4606);
#4224=AXIS2_PLACEMENT_3D('',#5677,#4607,#4608);
#4225=AXIS2_PLACEMENT_3D('',#5681,#4610,#4611);
#4226=AXIS2_PLACEMENT_3D('',#5683,#4613,#4614);
#4227=AXIS2_PLACEMENT_3D('',#5689,#4618,#4619);
#4228=AXIS2_PLACEMENT_3D('',#5691,#4620,#4621);
#4229=AXIS2_PLACEMENT_3D('',#5693,#4622,#4623);
#4230=AXIS2_PLACEMENT_3D('',#5695,#4625,#4626);
#4231=AXIS2_PLACEMENT_3D('',#5701,#4630,#4631);
#4232=AXIS2_PLACEMENT_3D('',#5704,#4634,#4635);
#4233=AXIS2_PLACEMENT_3D('',#5707,#4636,#4637);
#4234=AXIS2_PLACEMENT_3D('',#5710,#4640,#4641);
#4235=AXIS2_PLACEMENT_3D('',#5714,#4644,#4645);
#4236=AXIS2_PLACEMENT_3D('',#5718,#4648,#4649);
#4237=AXIS2_PLACEMENT_3D('',#5721,#4650,#4651);
#4238=AXIS2_PLACEMENT_3D('',#5723,#4653,#4654);
#4239=AXIS2_PLACEMENT_3D('',#5729,#4658,#4659);
#4240=AXIS2_PLACEMENT_3D('',#5732,#4662,#4663);
#4241=AXIS2_PLACEMENT_3D('',#5735,#4666,#4667);
#4242=AXIS2_PLACEMENT_3D('',#5738,#4668,#4669);
#4243=AXIS2_PLACEMENT_3D('',#5740,#4671,#4672);
#4244=AXIS2_PLACEMENT_3D('',#5746,#4676,#4677);
#4245=AXIS2_PLACEMENT_3D('',#5749,#4680,#4681);
#4246=AXIS2_PLACEMENT_3D('',#5752,#4684,#4685);
#4247=AXIS2_PLACEMENT_3D('',#5758,#4689,#4690);
#4248=AXIS2_PLACEMENT_3D('',#5761,#4693,#4694);
#4249=AXIS2_PLACEMENT_3D('',#5764,#4695,#4696);
#4250=AXIS2_PLACEMENT_3D('',#5767,#4699,#4700);
#4251=AXIS2_PLACEMENT_3D('',#5771,#4703,#4704);
#4252=AXIS2_PLACEMENT_3D('',#5775,#4707,#4708);
#4253=AXIS2_PLACEMENT_3D('',#5781,#4712,#4713);
#4254=AXIS2_PLACEMENT_3D('',#5785,#4716,#4717);
#4255=AXIS2_PLACEMENT_3D('',#5793,#4723,#4724);
#4256=AXIS2_PLACEMENT_3D('',#5796,#4727,#4728);
#4257=AXIS2_PLACEMENT_3D('',#5797,#4729,#4730);
#4258=AXIS2_PLACEMENT_3D('',#5801,#4733,#4734);
#4259=AXIS2_PLACEMENT_3D('',#5810,#4739,#4740);
#4260=AXIS2_PLACEMENT_3D('',#5816,#4744,#4745);
#4261=AXIS2_PLACEMENT_3D('',#5822,#4749,#4750);
#4262=AXIS2_PLACEMENT_3D('',#5825,#4753,#4754);
#4263=AXIS2_PLACEMENT_3D('',#5828,#4757,#4758);
#4264=AXIS2_PLACEMENT_3D('',#5829,#4759,#4760);
#4265=AXIS2_PLACEMENT_3D('',#5830,#4761,#4762);
#4266=AXIS2_PLACEMENT_3D('',#5832,#4764,#4765);
#4267=AXIS2_PLACEMENT_3D('',#5836,#4769,#4770);
#4268=AXIS2_PLACEMENT_3D('',#5838,#4772,#4773);
#4269=AXIS2_PLACEMENT_3D('',#5839,#4774,#4775);
#4270=AXIS2_PLACEMENT_3D('',#5849,#4781,#4782);
#4271=AXIS2_PLACEMENT_3D('',#5859,#4788,#4789);
#4272=AXIS2_PLACEMENT_3D('',#5867,#4795,#4796);
#4273=AXIS2_PLACEMENT_3D('',#5873,#4800,#4801);
#4274=AXIS2_PLACEMENT_3D('',#5884,#4808,#4809);
#4275=AXIS2_PLACEMENT_3D('',#5893,#4814,#4815);
#4276=AXIS2_PLACEMENT_3D('',#5899,#4819,#4820);
#4277=AXIS2_PLACEMENT_3D('',#5905,#4824,#4825);
#4278=AXIS2_PLACEMENT_3D('',#5914,#4830,#4831);
#4279=AXIS2_PLACEMENT_3D('',#5917,#4834,#4835);
#4280=AXIS2_PLACEMENT_3D('',#5926,#4840,#4841);
#4281=AXIS2_PLACEMENT_3D('',#5929,#4844,#4845);
#4282=AXIS2_PLACEMENT_3D('',#5935,#4849,#4850);
#4283=AXIS2_PLACEMENT_3D('',#5938,#4853,#4854);
#4284=AXIS2_PLACEMENT_3D('',#5940,#4856,#4857);
#4285=AXIS2_PLACEMENT_3D('',#5942,#4859,#4860);
#4286=AXIS2_PLACEMENT_3D('',#5943,#4861,#4862);
#4287=AXIS2_PLACEMENT_3D('',#5947,#4864,#4865);
#4288=AXIS2_PLACEMENT_3D('',#5949,#4867,#4868);
#4289=AXIS2_PLACEMENT_3D('',#5954,#4871,#4872);
#4290=AXIS2_PLACEMENT_3D('',#5955,#4873,#4874);
#4291=AXIS2_PLACEMENT_3D('',#5958,#4877,#4878);
#4292=AXIS2_PLACEMENT_3D('',#5959,#4879,#4880);
#4293=AXIS2_PLACEMENT_3D('',#5961,#4882,#4883);
#4294=AXIS2_PLACEMENT_3D('',#5963,#4885,#4886);
#4295=AXIS2_PLACEMENT_3D('',#5964,#4887,#4888);
#4296=AXIS2_PLACEMENT_3D('',#5968,#4891,#4892);
#4297=AXIS2_PLACEMENT_3D('',#6018,#4918,#4919);
#4298=AXIS2_PLACEMENT_3D('',#6027,#4924,#4925);
#4299=AXIS2_PLACEMENT_3D('',#6033,#4929,#4930);
#4300=AXIS2_PLACEMENT_3D('',#6039,#4934,#4935);
#4301=AXIS2_PLACEMENT_3D('',#6042,#4938,#4939);
#4302=AXIS2_PLACEMENT_3D('',#6051,#4944,#4945);
#4303=AXIS2_PLACEMENT_3D('',#6057,#4949,#4950);
#4304=AXIS2_PLACEMENT_3D('',#6063,#4954,#4955);
#4305=AXIS2_PLACEMENT_3D('',#6066,#4958,#4959);
#4306=AXIS2_PLACEMENT_3D('',#6075,#4964,#4965);
#4307=AXIS2_PLACEMENT_3D('',#6081,#4969,#4970);
#4308=AXIS2_PLACEMENT_3D('',#6087,#4974,#4975);
#4309=AXIS2_PLACEMENT_3D('',#6090,#4978,#4979);
#4310=AXIS2_PLACEMENT_3D('',#6103,#4986,#4987);
#4311=AXIS2_PLACEMENT_3D('',#6108,#4992,#4993);
#4312=AXIS2_PLACEMENT_3D('',#6112,#4996,#4997);
#4313=AXIS2_PLACEMENT_3D('',#6116,#5000,#5001);
#4314=AXIS2_PLACEMENT_3D('',#6120,#5004,#5005);
#4315=AXIS2_PLACEMENT_3D('',#6122,#5007,#5008);
#4316=AXIS2_PLACEMENT_3D('',#6124,#5010,#5011);
#4317=AXIS2_PLACEMENT_3D('',#6130,#5015,#5016);
#4318=AXIS2_PLACEMENT_3D('',#6136,#5020,#5021);
#4319=AXIS2_PLACEMENT_3D('',#6139,#5024,#5025);
#4320=AXIS2_PLACEMENT_3D('',#6146,#5030,#5031);
#4321=AXIS2_PLACEMENT_3D('',#6152,#5035,#5036);
#4322=AXIS2_PLACEMENT_3D('',#6155,#5039,#5040);
#4323=AXIS2_PLACEMENT_3D('',#6157,#5042,#5043);
#4324=AXIS2_PLACEMENT_3D('',#6163,#5047,#5048);
#4325=AXIS2_PLACEMENT_3D('',#6169,#5052,#5053);
#4326=AXIS2_PLACEMENT_3D('',#6176,#5058,#5059);
#4327=AXIS2_PLACEMENT_3D('',#6179,#5062,#5063);
#4328=AXIS2_PLACEMENT_3D('',#6182,#5066,#5067);
#4329=AXIS2_PLACEMENT_3D('',#6183,#5068,#5069);
#4330=AXIS2_PLACEMENT_3D('',#6189,#5073,#5074);
#4331=AXIS2_PLACEMENT_3D('',#6198,#5079,#5080);
#4332=AXIS2_PLACEMENT_3D('',#6207,#5085,#5086);
#4333=AXIS2_PLACEMENT_3D('',#6216,#5091,#5092);
#4334=AXIS2_PLACEMENT_3D('',#6225,#5097,#5098);
#4335=AXIS2_PLACEMENT_3D('',#6242,#5107,#5108);
#4336=AXIS2_PLACEMENT_3D('',#6259,#5117,#5118);
#4337=AXIS2_PLACEMENT_3D('',#6265,#5122,#5123);
#4338=AXIS2_PLACEMENT_3D('',#6267,#5125,#5126);
#4339=AXIS2_PLACEMENT_3D('',#6271,#5129,#5130);
#4340=AXIS2_PLACEMENT_3D('',#6272,#5131,#5132);
#4341=AXIS2_PLACEMENT_3D('',#6274,#5134,#5135);
#4342=AXIS2_PLACEMENT_3D('',#6276,#5137,#5138);
#4343=AXIS2_PLACEMENT_3D('',#6280,#5141,#5142);
#4344=AXIS2_PLACEMENT_3D('',#6282,#5144,#5145);
#4345=AXIS2_PLACEMENT_3D('',#6284,#5147,#5148);
#4346=AXIS2_PLACEMENT_3D('',#6286,#5150,#5151);
#4347=AXIS2_PLACEMENT_3D('',#6287,#5152,#5153);
#4348=AXIS2_PLACEMENT_3D('',#6290,#5156,#5157);
#4349=AXIS2_PLACEMENT_3D('',#6293,#5160,#5161);
#4350=AXIS2_PLACEMENT_3D('',#6295,#5163,#5164);
#4351=AXIS2_PLACEMENT_3D('',#6297,#5166,#5167);
#4352=AXIS2_PLACEMENT_3D('',#6301,#5171,#5172);
#4353=AXIS2_PLACEMENT_3D('',#6332,#5189,#5190);
#4354=AXIS2_PLACEMENT_3D('',#6334,#5192,#5193);
#4355=AXIS2_PLACEMENT_3D('',#6335,#5194,#5195);
#4356=AXIS2_PLACEMENT_3D('',#6337,#5197,#5198);
#4357=AXIS2_PLACEMENT_3D('',#6341,#5202,#5203);
#4358=AXIS2_PLACEMENT_3D('',#6343,#5205,#5206);
#4359=AXIS2_PLACEMENT_3D('',#6345,#5208,#5209);
#4360=AXIS2_PLACEMENT_3D('',#6347,#5211,#5212);
#4361=AXIS2_PLACEMENT_3D('',#6349,#5214,#5215);
#4362=AXIS2_PLACEMENT_3D('',#6350,#5216,#5217);
#4363=AXIS2_PLACEMENT_3D('',#6356,#5221,#5222);
#4364=AXIS2_PLACEMENT_3D('',#6360,#5225,#5226);
#4365=AXIS2_PLACEMENT_3D('',#6378,#5236,#5237);
#4366=AXIS2_PLACEMENT_3D('',#6382,#5240,#5241);
#4367=AXIS2_PLACEMENT_3D('',#6383,#5242,#5243);
#4368=AXIS2_PLACEMENT_3D('',#6387,#5246,#5247);
#4369=AXIS2_PLACEMENT_3D('',#6391,#5250,#5251);
#4370=AXIS2_PLACEMENT_3D('',#6395,#5254,#5255);
#4371=AXIS2_PLACEMENT_3D('',#6399,#5258,#5259);
#4372=AXIS2_PLACEMENT_3D('',#6403,#5262,#5263);
#4373=AXIS2_PLACEMENT_3D('',#6407,#5266,#5267);
#4374=AXIS2_PLACEMENT_3D('',#6411,#5270,#5271);
#4375=AXIS2_PLACEMENT_3D('',#6415,#5274,#5275);
#4376=AXIS2_PLACEMENT_3D('',#6417,#5277,#5278);
#4377=AXIS2_PLACEMENT_3D('',#6419,#5280,#5281);
#4378=AXIS2_PLACEMENT_3D('',#6425,#5285,#5286);
#4379=AXIS2_PLACEMENT_3D('',#6431,#5290,#5291);
#4380=AXIS2_PLACEMENT_3D('',#6435,#5294,#5295);
#4381=AXIS2_PLACEMENT_3D('',#6444,#5300,#5301);
#4382=AXIS2_PLACEMENT_3D('',#6448,#5304,#5305);
#4383=AXIS2_PLACEMENT_3D('',#6454,#5309,#5310);
#4384=AXIS2_PLACEMENT_3D('',#6456,#5312,#5313);
#4385=AXIS2_PLACEMENT_3D('',#6457,#5314,#5315);
#4386=AXIS2_PLACEMENT_3D('',#6468,#5322,#5323);
#4387=AXIS2_PLACEMENT_3D('',#6472,#5326,#5327);
#4388=AXIS2_PLACEMENT_3D('',#6476,#5330,#5331);
#4389=AXIS2_PLACEMENT_3D('',#6478,#5333,#5334);
#4390=AXIS2_PLACEMENT_3D('',#6482,#5337,#5338);
#4391=AXIS2_PLACEMENT_3D('',#6486,#5341,#5342);
#4392=AXIS2_PLACEMENT_3D('',#6488,#5344,#5345);
#4393=AXIS2_PLACEMENT_3D('',#6494,#5349,#5350);
#4394=AXIS2_PLACEMENT_3D('',#6500,#5354,#5355);
#4395=AXIS2_PLACEMENT_3D('',#6504,#5358,#5359);
#4396=AXIS2_PLACEMENT_3D('',#6523,#5370,#5371);
#4397=AXIS2_PLACEMENT_3D('',#6529,#5375,#5376);
#4398=AXIS2_PLACEMENT_3D('',#6531,#5378,#5379);
#4399=AXIS2_PLACEMENT_3D('',#6535,#5382,#5383);
#4400=AXIS2_PLACEMENT_3D('',#6536,#5384,#5385);
#4401=AXIS2_PLACEMENT_3D('',#6547,#5392,#5393);
#4402=AXIS2_PLACEMENT_3D('',#6548,#5394,#5395);
#4403=AXIS2_PLACEMENT_3D('',#6550,#5397,#5398);
#4404=AXIS2_PLACEMENT_3D('',#6552,#5400,#5401);
#4405=AXIS2_PLACEMENT_3D('',#6553,#5402,#5403);
#4406=AXIS2_PLACEMENT_3D('',#6555,#5405,#5406);
#4407=AXIS2_PLACEMENT_3D('',#6557,#5408,#5409);
#4408=DIRECTION('axis',(0.,0.,1.));
#4409=DIRECTION('refdir',(1.,0.,0.));
#4410=DIRECTION('center_axis',(0.,-1.,0.));
#4411=DIRECTION('ref_axis',(-1.,0.,0.));
#4412=DIRECTION('',(0.,0.,1.));
#4413=DIRECTION('',(-1.,0.,0.));
#4414=DIRECTION('',(0.,0.,-1.));
#4415=DIRECTION('',(1.,0.,0.));
#4416=DIRECTION('center_axis',(-1.,0.,0.));
#4417=DIRECTION('ref_axis',(0.,0.,1.));
#4418=DIRECTION('',(0.,1.,0.));
#4419=DIRECTION('',(0.,0.,-1.));
#4420=DIRECTION('',(0.,1.,0.));
#4421=DIRECTION('',(0.,0.416654710493213,0.909064822894285));
#4422=DIRECTION('',(0.,1.,0.));
#4423=DIRECTION('',(0.,0.,1.));
#4424=DIRECTION('center_axis',(0.,0.,1.));
#4425=DIRECTION('ref_axis',(0.,1.,0.));
#4426=DIRECTION('',(0.,1.,0.));
#4427=DIRECTION('',(1.,0.,0.));
#4428=DIRECTION('',(0.,-1.,0.));
#4429=DIRECTION('',(-1.,0.,0.));
#4430=DIRECTION('',(0.,1.,0.));
#4431=DIRECTION('',(1.,0.,0.));
#4432=DIRECTION('',(0.,1.,0.));
#4433=DIRECTION('center_axis',(1.,0.,0.));
#4434=DIRECTION('ref_axis',(0.,0.,-1.));
#4435=DIRECTION('',(0.,1.,0.));
#4436=DIRECTION('',(0.,0.,-1.));
#4437=DIRECTION('',(0.,-1.,0.));
#4438=DIRECTION('',(0.,-0.416654710493214,0.909064822894284));
#4439=DIRECTION('',(0.,-1.,0.));
#4440=DIRECTION('',(0.,0.,-1.));
#4441=DIRECTION('center_axis',(-1.,0.,0.));
#4442=DIRECTION('ref_axis',(0.,0.,1.));
#4443=DIRECTION('',(0.,1.,0.));
#4444=DIRECTION('',(0.,0.,1.));
#4445=DIRECTION('',(0.,-1.,0.));
#4446=DIRECTION('',(0.,0.416654710493214,-0.909064822894284));
#4447=DIRECTION('',(0.,1.,0.));
#4448=DIRECTION('',(0.,0.,1.));
#4449=DIRECTION('center_axis',(0.,0.,1.));
#4450=DIRECTION('ref_axis',(0.,1.,0.));
#4451=DIRECTION('',(0.,-1.,0.));
#4452=DIRECTION('',(-1.,0.,0.));
#4453=DIRECTION('',(0.,1.,0.));
#4454=DIRECTION('',(1.,0.,0.));
#4455=DIRECTION('center_axis',(0.,0.,1.));
#4456=DIRECTION('ref_axis',(0.,1.,0.));
#4457=DIRECTION('',(0.,1.,0.));
#4458=DIRECTION('',(1.,0.,0.));
#4459=DIRECTION('',(0.,-1.,0.));
#4460=DIRECTION('',(-1.,0.,0.));
#4461=DIRECTION('center_axis',(0.,1.,0.));
#4462=DIRECTION('ref_axis',(0.,0.,-1.));
#4463=DIRECTION('',(0.,0.,1.));
#4464=DIRECTION('',(-1.,0.,0.));
#4465=DIRECTION('',(0.,0.,-1.));
#4466=DIRECTION('',(1.,0.,0.));
#4467=DIRECTION('center_axis',(0.,0.,1.));
#4468=DIRECTION('ref_axis',(0.,1.,0.));
#4469=DIRECTION('',(-1.,0.,0.));
#4470=DIRECTION('',(0.,1.,0.));
#4471=DIRECTION('',(1.,0.,0.));
#4472=DIRECTION('',(0.,-1.,0.));
#4473=DIRECTION('',(-1.,0.,0.));
#4474=DIRECTION('',(0.,1.,0.));
#4475=DIRECTION('',(1.,0.,0.));
#4476=DIRECTION('',(0.,1.,0.));
#4477=DIRECTION('center_axis',(3.699101E-32,3.699101E-32,-1.));
#4478=DIRECTION('ref_axis',(0.707106781186548,0.707106781186548,5.23131880278788E-32));
#4479=DIRECTION('',(1.,0.,0.));
#4480=DIRECTION('center_axis',(-3.699101E-32,3.699101E-32,-1.));
#4481=DIRECTION('ref_axis',(-0.707106781186548,0.707106781186548,5.23131880278788E-32));
#4482=DIRECTION('',(0.,1.,0.));
#4483=DIRECTION('',(1.,0.,0.));
#4484=DIRECTION('',(0.,1.,0.));
#4485=DIRECTION('center_axis',(0.,-1.,0.));
#4486=DIRECTION('ref_axis',(-0.942809041582063,0.,0.333333333333333));
#4487=DIRECTION('center_axis',(0.,-1.,0.));
#4488=DIRECTION('ref_axis',(-0.942809041582063,0.,0.333333333333333));
#4489=DIRECTION('',(0.,1.,0.));
#4490=DIRECTION('center_axis',(0.,1.,0.));
#4491=DIRECTION('ref_axis',(-0.942809041582063,0.,0.333333333333333));
#4492=DIRECTION('',(0.,-1.,0.));
#4493=DIRECTION('center_axis',(0.,-1.,0.));
#4494=DIRECTION('ref_axis',(-0.942809041582063,0.,0.333333333333333));
#4495=DIRECTION('center_axis',(0.,1.,0.));
#4496=DIRECTION('ref_axis',(-0.942809041582063,0.,0.333333333333333));
#4497=DIRECTION('',(0.,-1.,0.));
#4498=DIRECTION('center_axis',(0.,-1.,0.));
#4499=DIRECTION('ref_axis',(-0.942809041582063,0.,0.333333333333333));
#4500=DIRECTION('',(0.,1.,0.));
#4501=DIRECTION('center_axis',(0.,1.,0.));
#4502=DIRECTION('ref_axis',(0.,0.,-1.));
#4503=DIRECTION('',(-1.,0.,0.));
#4504=DIRECTION('',(0.,0.,-1.));
#4505=DIRECTION('',(1.,0.,0.));
#4506=DIRECTION('',(-1.,0.,0.));
#4507=DIRECTION('',(0.,0.,1.));
#4508=DIRECTION('',(-1.,0.,0.));
#4509=DIRECTION('',(0.,0.,-1.));
#4510=DIRECTION('',(1.,0.,0.));
#4511=DIRECTION('',(0.,0.,1.));
#4512=DIRECTION('',(-1.,0.,0.));
#4513=DIRECTION('center_axis',(0.,0.,-1.));
#4514=DIRECTION('ref_axis',(0.,-1.,0.));
#4515=DIRECTION('',(1.,0.,0.));
#4516=DIRECTION('',(0.,-1.,0.));
#4517=DIRECTION('center_axis',(0.,1.,0.));
#4518=DIRECTION('ref_axis',(0.,0.,-1.));
#4519=DIRECTION('',(1.,0.,0.));
#4520=DIRECTION('',(0.,0.,-1.));
#4521=DIRECTION('',(-1.,0.,0.));
#4522=DIRECTION('',(1.,0.,0.));
#4523=DIRECTION('',(0.,0.,1.));
#4524=DIRECTION('',(1.,0.,0.));
#4525=DIRECTION('',(0.,0.,-1.));
#4526=DIRECTION('',(-1.,0.,0.));
#4527=DIRECTION('',(0.,0.,1.));
#4528=DIRECTION('',(1.,0.,0.));
#4529=DIRECTION('center_axis',(0.,0.,-1.));
#4530=DIRECTION('ref_axis',(0.,-1.,0.));
#4531=DIRECTION('',(-1.,0.,0.));
#4532=DIRECTION('',(0.,1.,0.));
#4533=DIRECTION('center_axis',(-9.852074E-33,0.,1.));
#4534=DIRECTION('ref_axis',(-0.707106781186548,-0.707106781186548,-6.96646833415167E-33));
#4535=DIRECTION('center_axis',(0.,0.,-1.));
#4536=DIRECTION('ref_axis',(-0.707106781186548,-0.707106781186548,0.));
#4537=DIRECTION('',(0.,0.,-1.));
#4538=DIRECTION('center_axis',(0.,0.,-1.));
#4539=DIRECTION('ref_axis',(-0.707106781186548,-0.707106781186548,0.));
#4540=DIRECTION('',(0.,0.,1.));
#4541=DIRECTION('center_axis',(-1.,0.,0.));
#4542=DIRECTION('ref_axis',(0.,0.,1.));
#4543=DIRECTION('',(0.,1.,0.));
#4544=DIRECTION('',(0.,0.,1.));
#4545=DIRECTION('',(0.,1.,0.));
#4546=DIRECTION('center_axis',(9.852074E-33,0.,-1.));
#4547=DIRECTION('ref_axis',(-0.707106781186548,0.707106781186548,-6.96646833415167E-33));
#4548=DIRECTION('center_axis',(0.,0.,-1.));
#4549=DIRECTION('ref_axis',(-0.707106781186548,0.707106781186548,0.));
#4550=DIRECTION('center_axis',(0.,0.,-1.));
#4551=DIRECTION('ref_axis',(-0.707106781186548,0.707106781186548,0.));
#4552=DIRECTION('',(0.,0.,-1.));
#4553=DIRECTION('center_axis',(0.,0.,-1.));
#4554=DIRECTION('ref_axis',(-0.707106781186547,-0.707106781186548,0.));
#4555=DIRECTION('center_axis',(0.,0.,-1.));
#4556=DIRECTION('ref_axis',(-0.707106781186547,-0.707106781186548,0.));
#4557=DIRECTION('',(0.,0.,1.));
#4558=DIRECTION('center_axis',(0.,0.,-1.));
#4559=DIRECTION('ref_axis',(-0.707106781186547,-0.707106781186548,0.));
#4560=DIRECTION('',(0.,0.,-1.));
#4561=DIRECTION('center_axis',(0.,1.,0.));
#4562=DIRECTION('ref_axis',(0.,0.,-1.));
#4563=DIRECTION('',(-1.,0.,0.));
#4564=DIRECTION('',(0.,0.,-1.));
#4565=DIRECTION('',(1.,0.,0.));
#4566=DIRECTION('center_axis',(0.,0.,-1.));
#4567=DIRECTION('ref_axis',(-0.707106781186548,0.707106781186548,0.));
#4568=DIRECTION('center_axis',(0.,0.,-1.));
#4569=DIRECTION('ref_axis',(-0.707106781186548,0.707106781186548,0.));
#4570=DIRECTION('',(0.,0.,1.));
#4571=DIRECTION('center_axis',(0.,0.,-1.));
#4572=DIRECTION('ref_axis',(-0.707106781186548,0.707106781186548,0.));
#4573=DIRECTION('',(0.,0.,-1.));
#4574=DIRECTION('center_axis',(1.,0.,0.));
#4575=DIRECTION('ref_axis',(0.,0.,-1.));
#4576=DIRECTION('',(0.,1.,0.));
#4577=DIRECTION('',(0.,0.,-1.));
#4578=DIRECTION('',(0.,-1.,0.));
#4579=DIRECTION('center_axis',(0.,0.,-1.));
#4580=DIRECTION('ref_axis',(0.707106781186548,-0.707106781186548,0.));
#4581=DIRECTION('center_axis',(0.,0.,-1.));
#4582=DIRECTION('ref_axis',(0.707106781186548,-0.707106781186548,0.));
#4583=DIRECTION('',(0.,0.,1.));
#4584=DIRECTION('center_axis',(0.,0.,-1.));
#4585=DIRECTION('ref_axis',(0.707106781186548,-0.707106781186548,0.));
#4586=DIRECTION('',(0.,0.,-1.));
#4587=DIRECTION('center_axis',(-1.,0.,0.));
#4588=DIRECTION('ref_axis',(0.,0.,1.));
#4589=DIRECTION('',(0.,-1.,0.));
#4590=DIRECTION('',(0.,0.,-1.));
#4591=DIRECTION('',(0.,1.,0.));
#4592=DIRECTION('center_axis',(0.,0.,-1.));
#4593=DIRECTION('ref_axis',(0.707106781186547,0.707106781186548,0.));
#4594=DIRECTION('center_axis',(0.,0.,-1.));
#4595=DIRECTION('ref_axis',(0.707106781186547,0.707106781186548,0.));
#4596=DIRECTION('',(0.,0.,1.));
#4597=DIRECTION('center_axis',(0.,0.,-1.));
#4598=DIRECTION('ref_axis',(0.707106781186547,0.707106781186548,0.));
#4599=DIRECTION('',(0.,0.,-1.));
#4600=DIRECTION('center_axis',(0.,-1.,0.));
#4601=DIRECTION('ref_axis',(0.,0.,1.));
#4602=DIRECTION('',(1.,0.,0.));
#4603=DIRECTION('',(0.,0.,-1.));
#4604=DIRECTION('',(-1.,0.,0.));
#4605=DIRECTION('center_axis',(9.852074E-33,0.,-1.));
#4606=DIRECTION('ref_axis',(0.707106781186548,-0.707106781186548,6.96646833415167E-33));
#4607=DIRECTION('center_axis',(0.,0.,-1.));
#4608=DIRECTION('ref_axis',(0.707106781186548,-0.707106781186548,0.));
#4609=DIRECTION('',(0.,0.,1.));
#4610=DIRECTION('center_axis',(0.,0.,-1.));
#4611=DIRECTION('ref_axis',(0.707106781186548,-0.707106781186548,0.));
#4612=DIRECTION('',(0.,0.,-1.));
#4613=DIRECTION('center_axis',(1.,0.,0.));
#4614=DIRECTION('ref_axis',(0.,0.,-1.));
#4615=DIRECTION('',(0.,-1.,0.));
#4616=DIRECTION('',(0.,0.,-1.));
#4617=DIRECTION('',(0.,-1.,0.));
#4618=DIRECTION('center_axis',(-9.852074E-33,0.,1.));
#4619=DIRECTION('ref_axis',(0.707106781186548,0.707106781186548,6.96646833415167E-33));
#4620=DIRECTION('center_axis',(0.,0.,-1.));
#4621=DIRECTION('ref_axis',(0.707106781186548,0.707106781186548,0.));
#4622=DIRECTION('center_axis',(0.,0.,-1.));
#4623=DIRECTION('ref_axis',(0.707106781186548,0.707106781186548,0.));
#4624=DIRECTION('',(0.,0.,1.));
#4625=DIRECTION('center_axis',(-1.,0.,0.));
#4626=DIRECTION('ref_axis',(0.,0.,1.));
#4627=DIRECTION('',(0.,1.,0.));
#4628=DIRECTION('',(0.,0.,-1.));
#4629=DIRECTION('',(0.,-1.,0.));
#4630=DIRECTION('center_axis',(0.,-1.,0.));
#4631=DIRECTION('ref_axis',(0.,0.,1.));
#4632=DIRECTION('',(1.,0.,0.));
#4633=DIRECTION('',(-1.,0.,0.));
#4634=DIRECTION('center_axis',(-1.,0.,0.));
#4635=DIRECTION('ref_axis',(0.,0.,1.));
#4636=DIRECTION('center_axis',(-1.,0.,0.));
#4637=DIRECTION('ref_axis',(0.,0.,1.));
#4638=DIRECTION('',(0.,1.,0.));
#4639=DIRECTION('',(0.,-1.,0.));
#4640=DIRECTION('center_axis',(1.,0.,0.));
#4641=DIRECTION('ref_axis',(0.,0.,1.));
#4642=DIRECTION('',(0.,-1.,0.));
#4643=DIRECTION('',(0.,0.,-1.));
#4644=DIRECTION('center_axis',(0.,0.,1.));
#4645=DIRECTION('ref_axis',(0.,1.,0.));
#4646=DIRECTION('',(0.,1.,0.));
#4647=DIRECTION('',(1.,0.,0.));
#4648=DIRECTION('center_axis',(-1.,0.,0.));
#4649=DIRECTION('ref_axis',(0.,0.,1.));
#4650=DIRECTION('center_axis',(-1.,0.,0.));
#4651=DIRECTION('ref_axis',(0.,0.,1.));
#4652=DIRECTION('',(0.,0.,1.));
#4653=DIRECTION('center_axis',(1.,0.,0.));
#4654=DIRECTION('ref_axis',(0.,0.,1.));
#4655=DIRECTION('',(0.,-1.,0.));
#4656=DIRECTION('',(0.,0.,-1.));
#4657=DIRECTION('',(0.,1.,0.));
#4658=DIRECTION('center_axis',(0.,1.,0.));
#4659=DIRECTION('ref_axis',(0.,0.,-1.));
#4660=DIRECTION('',(1.,0.,0.));
#4661=DIRECTION('',(-1.,0.,0.));
#4662=DIRECTION('center_axis',(0.,1.,0.));
#4663=DIRECTION('ref_axis',(0.,0.,-1.));
#4664=DIRECTION('',(1.,0.,0.));
#4665=DIRECTION('',(-1.,0.,0.));
#4666=DIRECTION('center_axis',(1.,0.,0.));
#4667=DIRECTION('ref_axis',(0.,0.,-1.));
#4668=DIRECTION('center_axis',(1.,0.,0.));
#4669=DIRECTION('ref_axis',(0.,0.,1.));
#4670=DIRECTION('',(0.,0.,1.));
#4671=DIRECTION('center_axis',(-1.,0.,0.));
#4672=DIRECTION('ref_axis',(0.,0.,1.));
#4673=DIRECTION('',(0.,1.,0.));
#4674=DIRECTION('',(0.,0.,-1.));
#4675=DIRECTION('',(0.,-1.,0.));
#4676=DIRECTION('center_axis',(0.,-1.,0.));
#4677=DIRECTION('ref_axis',(0.,0.,1.));
#4678=DIRECTION('',(-1.,0.,0.));
#4679=DIRECTION('',(1.,0.,0.));
#4680=DIRECTION('center_axis',(0.,-1.,0.));
#4681=DIRECTION('ref_axis',(0.,0.,1.));
#4682=DIRECTION('',(-1.,0.,0.));
#4683=DIRECTION('',(1.,0.,0.));
#4684=DIRECTION('center_axis',(1.,0.,0.));
#4685=DIRECTION('ref_axis',(0.,0.,-1.));
#4686=DIRECTION('',(0.,-1.,0.));
#4687=DIRECTION('',(0.,0.,-1.));
#4688=DIRECTION('',(0.,1.,0.));
#4689=DIRECTION('center_axis',(0.,1.,0.));
#4690=DIRECTION('ref_axis',(0.,0.,-1.));
#4691=DIRECTION('',(-1.,0.,0.));
#4692=DIRECTION('',(1.,0.,0.));
#4693=DIRECTION('center_axis',(1.,0.,0.));
#4694=DIRECTION('ref_axis',(0.,0.,-1.));
#4695=DIRECTION('center_axis',(1.,0.,0.));
#4696=DIRECTION('ref_axis',(0.,0.,1.));
#4697=DIRECTION('',(0.,-1.,0.));
#4698=DIRECTION('',(0.,1.,0.));
#4699=DIRECTION('center_axis',(-1.,0.,0.));
#4700=DIRECTION('ref_axis',(0.,0.,1.));
#4701=DIRECTION('',(0.,1.,0.));
#4702=DIRECTION('',(0.,0.,-1.));
#4703=DIRECTION('center_axis',(0.,0.,1.));
#4704=DIRECTION('ref_axis',(0.,1.,0.));
#4705=DIRECTION('',(0.,-1.,0.));
#4706=DIRECTION('',(-1.,0.,0.));
#4707=DIRECTION('center_axis',(1.,0.,0.));
#4708=DIRECTION('ref_axis',(0.,0.,-1.));
#4709=DIRECTION('',(0.,1.,0.));
#4710=DIRECTION('',(0.,0.,-1.));
#4711=DIRECTION('',(0.,1.,0.));
#4712=DIRECTION('center_axis',(1.,0.,0.));
#4713=DIRECTION('ref_axis',(0.,0.,-1.));
#4714=DIRECTION('',(0.,1.,0.));
#4715=DIRECTION('',(0.,0.,1.));
#4716=DIRECTION('center_axis',(0.,1.,0.));
#4717=DIRECTION('ref_axis',(0.,0.,-1.));
#4718=DIRECTION('',(1.,0.,0.));
#4719=DIRECTION('',(0.,0.,-1.));
#4720=DIRECTION('',(-1.,0.,0.));
#4721=DIRECTION('',(1.,0.,0.));
#4722=DIRECTION('',(-1.,0.,0.));
#4723=DIRECTION('center_axis',(1.,1.609019E-16,0.));
#4724=DIRECTION('ref_axis',(0.,0.,1.));
#4725=DIRECTION('',(1.,0.,0.));
#4726=DIRECTION('',(-1.,0.,0.));
#4727=DIRECTION('center_axis',(1.,1.609019E-16,0.));
#4728=DIRECTION('ref_axis',(0.,0.,1.));
#4729=DIRECTION('center_axis',(-1.,0.,0.));
#4730=DIRECTION('ref_axis',(0.,0.,1.));
#4731=DIRECTION('',(0.,-1.,0.));
#4732=DIRECTION('',(0.,0.,1.));
#4733=DIRECTION('center_axis',(0.,1.,0.));
#4734=DIRECTION('ref_axis',(0.,0.,-1.));
#4735=DIRECTION('',(0.,0.,1.));
#4736=DIRECTION('',(1.,0.,0.));
#4737=DIRECTION('',(0.,0.,-1.));
#4738=DIRECTION('',(-1.,0.,0.));
#4739=DIRECTION('center_axis',(-1.,0.,0.));
#4740=DIRECTION('ref_axis',(0.,0.,1.));
#4741=DIRECTION('',(0.,-1.,0.));
#4742=DIRECTION('',(0.,1.,0.));
#4743=DIRECTION('',(0.,0.,-1.));
#4744=DIRECTION('center_axis',(0.,-1.,0.));
#4745=DIRECTION('ref_axis',(0.,0.,1.));
#4746=DIRECTION('',(1.,0.,0.));
#4747=DIRECTION('',(-1.,0.,0.));
#4748=DIRECTION('',(0.,0.,-1.));
#4749=DIRECTION('center_axis',(1.,0.,0.));
#4750=DIRECTION('ref_axis',(0.,0.,-1.));
#4751=DIRECTION('',(0.,-1.,0.));
#4752=DIRECTION('',(0.,-1.,0.));
#4753=DIRECTION('center_axis',(0.,0.,1.));
#4754=DIRECTION('ref_axis',(0.,1.,0.));
#4755=DIRECTION('',(-1.,0.,0.));
#4756=DIRECTION('',(-1.,0.,0.));
#4757=DIRECTION('center_axis',(-1.,0.,0.));
#4758=DIRECTION('ref_axis',(0.,0.,1.));
#4759=DIRECTION('center_axis',(-1.,0.,0.));
#4760=DIRECTION('ref_axis',(0.,0.,1.));
#4761=DIRECTION('center_axis',(0.,0.,-1.));
#4762=DIRECTION('ref_axis',(0.,-1.,0.));
#4763=DIRECTION('',(0.,-1.,0.));
#4764=DIRECTION('center_axis',(0.,1.,0.));
#4765=DIRECTION('ref_axis',(0.,0.,-1.));
#4766=DIRECTION('',(-1.,0.,0.));
#4767=DIRECTION('',(1.,0.,0.));
#4768=DIRECTION('',(1.,0.,0.));
#4769=DIRECTION('center_axis',(-1.,0.,0.));
#4770=DIRECTION('ref_axis',(0.,0.,1.));
#4771=DIRECTION('',(0.,-1.,0.));
#4772=DIRECTION('center_axis',(0.,0.,-1.));
#4773=DIRECTION('ref_axis',(0.,-1.,0.));
#4774=DIRECTION('center_axis',(0.,0.,-1.));
#4775=DIRECTION('ref_axis',(-1.,0.,0.));
#4776=DIRECTION('',(0.,-1.,0.));
#4777=DIRECTION('',(1.,0.,0.));
#4778=DIRECTION('',(0.,1.,0.));
#4779=DIRECTION('',(1.,0.,0.));
#4780=DIRECTION('',(0.,-1.,0.));
#4781=DIRECTION('center_axis',(0.,0.,-1.));
#4782=DIRECTION('ref_axis',(-1.,0.,0.));
#4783=DIRECTION('',(0.,1.,0.));
#4784=DIRECTION('',(1.,0.,0.));
#4785=DIRECTION('',(0.,-1.,0.));
#4786=DIRECTION('',(1.,0.,0.));
#4787=DIRECTION('',(0.,1.,0.));
#4788=DIRECTION('center_axis',(0.,0.,1.));
#4789=DIRECTION('ref_axis',(1.,0.,0.));
#4790=DIRECTION('',(-1.,0.,0.));
#4791=DIRECTION('',(1.,0.,0.));
#4792=DIRECTION('',(0.,-1.,0.));
#4793=DIRECTION('',(1.,0.,0.));
#4794=DIRECTION('',(1.,0.,0.));
#4795=DIRECTION('center_axis',(0.,0.,1.));
#4796=DIRECTION('ref_axis',(1.,0.,0.));
#4797=DIRECTION('',(0.,-1.,0.));
#4798=DIRECTION('',(-1.,0.,0.));
#4799=DIRECTION('',(0.,1.,0.));
#4800=DIRECTION('center_axis',(0.,1.,0.));
#4801=DIRECTION('ref_axis',(0.,0.,-1.));
#4802=DIRECTION('',(0.,0.,1.));
#4803=DIRECTION('',(1.,0.,0.));
#4804=DIRECTION('',(0.,0.,-1.));
#4805=DIRECTION('',(0.,0.,-1.));
#4806=DIRECTION('',(1.,0.,0.));
#4807=DIRECTION('',(0.,0.,1.));
#4808=DIRECTION('center_axis',(0.,0.707106781186548,-0.707106781186548));
#4809=DIRECTION('ref_axis',(0.,-0.707106781186548,-0.707106781186548));
#4810=DIRECTION('',(0.,-0.707106781186548,-0.707106781186547));
#4811=DIRECTION('',(1.,0.,0.));
#4812=DIRECTION('',(0.,0.707106781186548,0.707106781186547));
#4813=DIRECTION('',(1.,0.,0.));
#4814=DIRECTION('center_axis',(0.,-0.707106781186548,-0.707106781186547));
#4815=DIRECTION('ref_axis',(0.,-0.707106781186547,0.707106781186548));
#4816=DIRECTION('',(0.,-0.707106781186547,0.707106781186548));
#4817=DIRECTION('',(0.,0.707106781186547,-0.707106781186547));
#4818=DIRECTION('',(-1.,0.,0.));
#4819=DIRECTION('center_axis',(0.,0.707106781186548,-0.707106781186548));
#4820=DIRECTION('ref_axis',(0.,-0.707106781186548,-0.707106781186548));
#4821=DIRECTION('',(0.,-0.707106781186548,-0.707106781186547));
#4822=DIRECTION('',(0.,0.707106781186548,0.707106781186547));
#4823=DIRECTION('',(-1.,0.,0.));
#4824=DIRECTION('center_axis',(0.,0.707106781186548,-0.707106781186547));
#4825=DIRECTION('ref_axis',(0.,-0.707106781186547,-0.707106781186548));
#4826=DIRECTION('',(0.,-0.707106781186547,-0.707106781186547));
#4827=DIRECTION('',(1.,0.,0.));
#4828=DIRECTION('',(0.,0.707106781186547,0.707106781186547));
#4829=DIRECTION('',(1.,0.,0.));
#4830=DIRECTION('center_axis',(0.,-0.707106781186548,-0.707106781186547));
#4831=DIRECTION('ref_axis',(0.,-0.707106781186547,0.707106781186548));
#4832=DIRECTION('',(0.,-0.707106781186548,0.707106781186547));
#4833=DIRECTION('',(0.,0.707106781186547,-0.707106781186547));
#4834=DIRECTION('center_axis',(0.,0.707106781186547,-0.707106781186548));
#4835=DIRECTION('ref_axis',(0.,-0.707106781186548,-0.707106781186547));
#4836=DIRECTION('',(0.,-0.707106781186548,-0.707106781186547));
#4837=DIRECTION('',(1.,0.,0.));
#4838=DIRECTION('',(0.,0.707106781186548,0.707106781186547));
#4839=DIRECTION('',(1.,0.,0.));
#4840=DIRECTION('center_axis',(0.,-0.707106781186548,-0.707106781186547));
#4841=DIRECTION('ref_axis',(0.,-0.707106781186547,0.707106781186548));
#4842=DIRECTION('',(0.,-0.707106781186546,0.707106781186549));
#4843=DIRECTION('',(0.,0.707106781186547,-0.707106781186547));
#4844=DIRECTION('center_axis',(0.,-0.707106781186548,-0.707106781186547));
#4845=DIRECTION('ref_axis',(0.,-0.707106781186547,0.707106781186548));
#4846=DIRECTION('',(0.,-0.707106781186547,0.707106781186547));
#4847=DIRECTION('',(1.,0.,0.));
#4848=DIRECTION('',(0.,0.707106781186546,-0.707106781186549));
#4849=DIRECTION('center_axis',(0.,-1.,0.));
#4850=DIRECTION('ref_axis',(0.,0.,1.));
#4851=DIRECTION('',(0.,0.,1.));
#4852=DIRECTION('',(0.,0.,1.));
#4853=DIRECTION('center_axis',(-1.,0.,0.));
#4854=DIRECTION('ref_axis',(0.,0.,1.));
#4855=DIRECTION('',(0.,0.,1.));
#4856=DIRECTION('center_axis',(0.,1.,0.));
#4857=DIRECTION('ref_axis',(0.,0.,-1.));
#4858=DIRECTION('',(0.,0.,1.));
#4859=DIRECTION('center_axis',(1.,0.,0.));
#4860=DIRECTION('ref_axis',(0.,0.,-1.));
#4861=DIRECTION('center_axis',(0.,-7.398201E-32,1.));
#4862=DIRECTION('ref_axis',(-0.707106781186548,0.707106781186548,5.2313180956811E-32));
#4863=DIRECTION('',(0.,0.,-1.));
#4864=DIRECTION('center_axis',(-0.707106781186547,-5.231318E-32,0.707106781186548));
#4865=DIRECTION('ref_axis',(-0.707106781186548,5.231318E-32,-0.707106781186547));
#4866=DIRECTION('',(0.,0.,1.));
#4867=DIRECTION('center_axis',(-1.,2.737884E-47,-3.700743E-16));
#4868=DIRECTION('ref_axis',(2.61682047072865E-16,0.707106781186548,-0.707106781186547));
#4869=DIRECTION('',(-1.,0.,0.));
#4870=DIRECTION('',(1.,0.,0.));
#4871=DIRECTION('center_axis',(-0.707106781186547,5.231318E-32,-0.707106781186548));
#4872=DIRECTION('ref_axis',(0.707106781186548,5.231318E-32,-0.707106781186547));
#4873=DIRECTION('center_axis',(0.,7.398201E-32,-1.));
#4874=DIRECTION('ref_axis',(0.707106781186548,0.707106781186548,5.2313180956811E-32));
#4875=DIRECTION('',(0.,0.,-1.));
#4876=DIRECTION('',(0.,0.,1.));
#4877=DIRECTION('center_axis',(0.,1.,0.));
#4878=DIRECTION('ref_axis',(0.,0.,-1.));
#4879=DIRECTION('center_axis',(-1.,0.,0.));
#4880=DIRECTION('ref_axis',(0.,0.,-1.));
#4881=DIRECTION('',(0.,1.,0.));
#4882=DIRECTION('center_axis',(0.,0.,1.));
#4883=DIRECTION('ref_axis',(0.,1.,0.));
#4884=DIRECTION('',(0.,1.,0.));
#4885=DIRECTION('center_axis',(1.,0.,0.));
#4886=DIRECTION('ref_axis',(0.,0.,1.));
#4887=DIRECTION('center_axis',(1.,0.,0.));
#4888=DIRECTION('ref_axis',(0.,0.,-1.));
#4889=DIRECTION('',(0.,0.,-1.));
#4890=DIRECTION('',(0.,1.,0.));
#4891=DIRECTION('center_axis',(1.,0.,0.));
#4892=DIRECTION('ref_axis',(0.,0.,-1.));
#4893=DIRECTION('',(0.,0.,-1.));
#4894=DIRECTION('',(0.,-1.,0.));
#4895=DIRECTION('',(0.,0.,1.));
#4896=DIRECTION('',(0.,-1.,0.));
#4897=DIRECTION('',(0.,0.,-1.));
#4898=DIRECTION('',(0.,-1.,0.));
#4899=DIRECTION('',(0.,0.,1.));
#4900=DIRECTION('',(0.,-1.,0.));
#4901=DIRECTION('',(0.,0.,-1.));
#4902=DIRECTION('',(0.,-1.,0.));
#4903=DIRECTION('',(0.,0.,-1.));
#4904=DIRECTION('',(0.,0.416654710493215,-0.909064822894284));
#4905=DIRECTION('',(0.,1.,0.));
#4906=DIRECTION('',(0.,0.,1.));
#4907=DIRECTION('',(0.,1.,0.));
#4908=DIRECTION('',(0.,0.,-1.));
#4909=DIRECTION('',(0.,1.,0.));
#4910=DIRECTION('',(0.,0.416654710493213,0.909064822894285));
#4911=DIRECTION('',(0.,0.,1.));
#4912=DIRECTION('',(0.,0.,1.));
#4913=DIRECTION('',(0.,-1.,0.));
#4914=DIRECTION('',(0.,0.,-1.));
#4915=DIRECTION('',(0.,-1.,0.));
#4916=DIRECTION('',(0.,0.,1.));
#4917=DIRECTION('',(0.,-1.,0.));
#4918=DIRECTION('center_axis',(1.,0.,0.));
#4919=DIRECTION('ref_axis',(0.,0.,-1.));
#4920=DIRECTION('',(0.,-1.,0.));
#4921=DIRECTION('',(0.,0.,1.));
#4922=DIRECTION('',(0.,1.,0.));
#4923=DIRECTION('',(0.,0.,1.));
#4924=DIRECTION('center_axis',(0.,-1.,0.));
#4925=DIRECTION('ref_axis',(0.,0.,-1.));
#4926=DIRECTION('',(-1.,0.,0.));
#4927=DIRECTION('',(1.,0.,0.));
#4928=DIRECTION('',(0.,0.,1.));
#4929=DIRECTION('center_axis',(-1.,0.,0.));
#4930=DIRECTION('ref_axis',(0.,0.,1.));
#4931=DIRECTION('',(0.,1.,0.));
#4932=DIRECTION('',(0.,-1.,0.));
#4933=DIRECTION('',(0.,0.,1.));
#4934=DIRECTION('center_axis',(0.,1.,0.));
#4935=DIRECTION('ref_axis',(0.,0.,1.));
#4936=DIRECTION('',(1.,0.,0.));
#4937=DIRECTION('',(-1.,0.,0.));
#4938=DIRECTION('center_axis',(1.,0.,0.));
#4939=DIRECTION('ref_axis',(0.,0.,-1.));
#4940=DIRECTION('',(0.,-1.,0.));
#4941=DIRECTION('',(0.,0.,1.));
#4942=DIRECTION('',(0.,1.,0.));
#4943=DIRECTION('',(0.,0.,1.));
#4944=DIRECTION('center_axis',(0.,-1.,0.));
#4945=DIRECTION('ref_axis',(0.,0.,-1.));
#4946=DIRECTION('',(-1.,0.,0.));
#4947=DIRECTION('',(1.,0.,0.));
#4948=DIRECTION('',(0.,0.,1.));
#4949=DIRECTION('center_axis',(-1.,0.,0.));
#4950=DIRECTION('ref_axis',(0.,0.,1.));
#4951=DIRECTION('',(0.,1.,0.));
#4952=DIRECTION('',(0.,-1.,0.));
#4953=DIRECTION('',(0.,0.,1.));
#4954=DIRECTION('center_axis',(0.,1.,0.));
#4955=DIRECTION('ref_axis',(0.,0.,1.));
#4956=DIRECTION('',(1.,0.,0.));
#4957=DIRECTION('',(-1.,0.,0.));
#4958=DIRECTION('center_axis',(1.,0.,0.));
#4959=DIRECTION('ref_axis',(0.,0.,-1.));
#4960=DIRECTION('',(0.,-1.,0.));
#4961=DIRECTION('',(0.,0.,1.));
#4962=DIRECTION('',(0.,1.,0.));
#4963=DIRECTION('',(0.,0.,1.));
#4964=DIRECTION('center_axis',(0.,-1.,0.));
#4965=DIRECTION('ref_axis',(0.,0.,-1.));
#4966=DIRECTION('',(-1.,0.,0.));
#4967=DIRECTION('',(1.,0.,0.));
#4968=DIRECTION('',(0.,0.,1.));
#4969=DIRECTION('center_axis',(-1.,0.,0.));
#4970=DIRECTION('ref_axis',(0.,0.,1.));
#4971=DIRECTION('',(0.,1.,0.));
#4972=DIRECTION('',(0.,-1.,0.));
#4973=DIRECTION('',(0.,0.,1.));
#4974=DIRECTION('center_axis',(0.,1.,0.));
#4975=DIRECTION('ref_axis',(0.,0.,1.));
#4976=DIRECTION('',(1.,0.,0.));
#4977=DIRECTION('',(-1.,0.,0.));
#4978=DIRECTION('center_axis',(1.,0.,0.));
#4979=DIRECTION('ref_axis',(0.,0.,-1.));
#4980=DIRECTION('',(0.,1.,0.));
#4981=DIRECTION('',(0.,0.,-1.));
#4982=DIRECTION('',(0.,1.,0.));
#4983=DIRECTION('',(0.,-0.416654710493213,-0.909064822894285));
#4984=DIRECTION('',(0.,-1.,0.));
#4985=DIRECTION('',(0.,0.,1.));
#4986=DIRECTION('center_axis',(0.,0.,1.));
#4987=DIRECTION('ref_axis',(1.,0.,0.));
#4988=DIRECTION('',(1.,0.,0.));
#4989=DIRECTION('',(1.,0.,0.));
#4990=DIRECTION('',(1.,0.,0.));
#4991=DIRECTION('',(-1.,0.,0.));
#4992=DIRECTION('center_axis',(1.,0.,0.));
#4993=DIRECTION('ref_axis',(0.,0.,-1.));
#4994=DIRECTION('',(0.,1.,0.));
#4995=DIRECTION('',(0.,0.,1.));
#4996=DIRECTION('center_axis',(0.,0.,-1.));
#4997=DIRECTION('ref_axis',(-1.,0.,0.));
#4998=DIRECTION('',(-1.,0.,0.));
#4999=DIRECTION('',(0.,1.,0.));
#5000=DIRECTION('center_axis',(0.,0.,-1.));
#5001=DIRECTION('ref_axis',(-1.,0.,0.));
#5002=DIRECTION('',(0.,1.,0.));
#5003=DIRECTION('',(1.,0.,0.));
#5004=DIRECTION('center_axis',(-1.,0.,0.));
#5005=DIRECTION('ref_axis',(0.,0.,1.));
#5006=DIRECTION('',(0.,0.,1.));
#5007=DIRECTION('center_axis',(-1.,0.,0.));
#5008=DIRECTION('ref_axis',(0.,0.,1.));
#5009=DIRECTION('',(0.,0.,-1.));
#5010=DIRECTION('center_axis',(0.,0.,1.));
#5011=DIRECTION('ref_axis',(-1.,0.,0.));
#5012=DIRECTION('',(-1.,0.,0.));
#5013=DIRECTION('',(1.,0.,0.));
#5014=DIRECTION('',(0.,-1.,0.));
#5015=DIRECTION('center_axis',(0.,0.,1.));
#5016=DIRECTION('ref_axis',(-1.,0.,0.));
#5017=DIRECTION('',(-1.,0.,0.));
#5018=DIRECTION('',(0.,-1.,0.));
#5019=DIRECTION('',(1.,0.,0.));
#5020=DIRECTION('center_axis',(1.,0.,0.));
#5021=DIRECTION('ref_axis',(0.,0.,1.));
#5022=DIRECTION('',(0.,0.,1.));
#5023=DIRECTION('',(0.,0.,-1.));
#5024=DIRECTION('center_axis',(-1.,0.,0.));
#5025=DIRECTION('ref_axis',(0.,0.,-1.));
#5026=DIRECTION('',(0.,0.,-1.));
#5027=DIRECTION('',(0.,0.,1.));
#5028=DIRECTION('',(0.,1.,0.));
#5029=DIRECTION('',(0.,1.,0.));
#5030=DIRECTION('center_axis',(0.,0.909064822894284,0.416654710493215));
#5031=DIRECTION('ref_axis',(0.,-0.416654710493215,0.909064822894284));
#5032=DIRECTION('',(1.,0.,0.));
#5033=DIRECTION('',(0.,-0.416654710493215,0.909064822894284));
#5034=DIRECTION('',(1.,0.,0.));
#5035=DIRECTION('center_axis',(0.,0.,-1.));
#5036=DIRECTION('ref_axis',(-1.,0.,0.));
#5037=DIRECTION('',(1.,0.,0.));
#5038=DIRECTION('',(1.,0.,0.));
#5039=DIRECTION('center_axis',(0.,1.,0.));
#5040=DIRECTION('ref_axis',(0.,0.,1.));
#5041=DIRECTION('',(0.,0.,1.));
#5042=DIRECTION('center_axis',(0.,0.,-1.));
#5043=DIRECTION('ref_axis',(-1.,0.,0.));
#5044=DIRECTION('',(-1.,0.,0.));
#5045=DIRECTION('',(0.,1.,0.));
#5046=DIRECTION('',(1.,0.,0.));
#5047=DIRECTION('center_axis',(0.,0.,-1.));
#5048=DIRECTION('ref_axis',(-1.,0.,0.));
#5049=DIRECTION('',(-1.,0.,0.));
#5050=DIRECTION('',(1.,0.,0.));
#5051=DIRECTION('',(0.,1.,0.));
#5052=DIRECTION('center_axis',(-1.,0.,0.));
#5053=DIRECTION('ref_axis',(0.,0.,1.));
#5054=DIRECTION('',(0.,0.,1.));
#5055=DIRECTION('',(0.,0.,1.));
#5056=DIRECTION('',(0.,-1.,0.));
#5057=DIRECTION('',(0.,-1.,0.));
#5058=DIRECTION('center_axis',(1.,0.,0.));
#5059=DIRECTION('ref_axis',(0.,0.,-1.));
#5060=DIRECTION('',(0.,0.,-1.));
#5061=DIRECTION('',(0.,0.,-1.));
#5062=DIRECTION('center_axis',(0.,-0.909064822894284,0.416654710493213));
#5063=DIRECTION('ref_axis',(0.,-0.416654710493213,-0.909064822894284));
#5064=DIRECTION('',(1.,0.,0.));
#5065=DIRECTION('',(1.,0.,0.));
#5066=DIRECTION('center_axis',(0.,-1.,0.));
#5067=DIRECTION('ref_axis',(0.,0.,-1.));
#5068=DIRECTION('center_axis',(0.,0.,-1.));
#5069=DIRECTION('ref_axis',(-1.,0.,0.));
#5070=DIRECTION('',(1.,0.,0.));
#5071=DIRECTION('',(0.,1.,0.));
#5072=DIRECTION('',(1.,0.,0.));
#5073=DIRECTION('center_axis',(-1.,0.,0.));
#5074=DIRECTION('ref_axis',(0.,0.,1.));
#5075=DIRECTION('',(0.,0.,1.));
#5076=DIRECTION('',(0.,-1.,0.));
#5077=DIRECTION('',(0.,0.,-1.));
#5078=DIRECTION('',(0.,1.,0.));
#5079=DIRECTION('center_axis',(1.,0.,0.));
#5080=DIRECTION('ref_axis',(0.,0.,-1.));
#5081=DIRECTION('',(0.,0.,-1.));
#5082=DIRECTION('',(0.,1.,0.));
#5083=DIRECTION('',(0.,0.,1.));
#5084=DIRECTION('',(0.,1.,0.));
#5085=DIRECTION('center_axis',(1.,0.,0.));
#5086=DIRECTION('ref_axis',(0.,0.,-1.));
#5087=DIRECTION('',(0.,0.,-1.));
#5088=DIRECTION('',(0.,1.,0.));
#5089=DIRECTION('',(0.,0.,1.));
#5090=DIRECTION('',(0.,1.,0.));
#5091=DIRECTION('center_axis',(-1.,0.,0.));
#5092=DIRECTION('ref_axis',(0.,0.,1.));
#5093=DIRECTION('',(0.,0.,1.));
#5094=DIRECTION('',(0.,-1.,0.));
#5095=DIRECTION('',(0.,0.,-1.));
#5096=DIRECTION('',(0.,1.,0.));
#5097=DIRECTION('center_axis',(-1.,0.,0.));
#5098=DIRECTION('ref_axis',(0.,0.,1.));
#5099=DIRECTION('',(0.,0.,1.));
#5100=DIRECTION('',(0.,-1.,0.));
#5101=DIRECTION('',(0.,0.,-1.));
#5102=DIRECTION('',(0.,1.,0.));
#5103=DIRECTION('',(0.,0.,1.));
#5104=DIRECTION('',(0.,-1.,0.));
#5105=DIRECTION('',(0.,0.,-1.));
#5106=DIRECTION('',(0.,-1.,0.));
#5107=DIRECTION('center_axis',(1.,0.,0.));
#5108=DIRECTION('ref_axis',(0.,0.,-1.));
#5109=DIRECTION('',(0.,0.,1.));
#5110=DIRECTION('',(0.,1.,0.));
#5111=DIRECTION('',(0.,0.,-1.));
#5112=DIRECTION('',(0.,-1.,0.));
#5113=DIRECTION('',(0.,0.,1.));
#5114=DIRECTION('',(0.,1.,0.));
#5115=DIRECTION('',(0.,0.,-1.));
#5116=DIRECTION('',(0.,1.,0.));
#5117=DIRECTION('center_axis',(0.,-0.909064822894284,0.416654710493213));
#5118=DIRECTION('ref_axis',(0.,-0.416654710493213,-0.909064822894284));
#5119=DIRECTION('',(1.,0.,0.));
#5120=DIRECTION('',(0.,-0.416654710493213,-0.909064822894285));
#5121=DIRECTION('',(1.,0.,0.));
#5122=DIRECTION('center_axis',(0.,0.,1.));
#5123=DIRECTION('ref_axis',(1.,0.,0.));
#5124=DIRECTION('',(1.,0.,0.));
#5125=DIRECTION('center_axis',(0.,0.,1.));
#5126=DIRECTION('ref_axis',(1.,0.,0.));
#5127=DIRECTION('',(1.,0.,0.));
#5128=DIRECTION('',(0.,-1.,0.));
#5129=DIRECTION('center_axis',(0.,1.,0.));
#5130=DIRECTION('ref_axis',(0.,0.,1.));
#5131=DIRECTION('center_axis',(0.,1.,0.));
#5132=DIRECTION('ref_axis',(0.,0.,1.));
#5133=DIRECTION('',(0.,0.,1.));
#5134=DIRECTION('center_axis',(0.,-1.,0.));
#5135=DIRECTION('ref_axis',(0.,0.,-1.));
#5136=DIRECTION('',(1.,0.,0.));
#5137=DIRECTION('center_axis',(0.,-1.,0.));
#5138=DIRECTION('ref_axis',(0.,0.,-1.));
#5139=DIRECTION('',(1.,0.,0.));
#5140=DIRECTION('',(0.,0.,-1.));
#5141=DIRECTION('center_axis',(0.,0.,1.));
#5142=DIRECTION('ref_axis',(1.,0.,0.));
#5143=DIRECTION('',(1.,0.,0.));
#5144=DIRECTION('center_axis',(0.,0.,1.));
#5145=DIRECTION('ref_axis',(1.,0.,0.));
#5146=DIRECTION('',(0.,-1.,0.));
#5147=DIRECTION('center_axis',(0.,1.,0.));
#5148=DIRECTION('ref_axis',(0.,0.,1.));
#5149=DIRECTION('',(1.,0.,0.));
#5150=DIRECTION('center_axis',(0.,0.909064822894284,0.416654710493215));
#5151=DIRECTION('ref_axis',(0.,-0.416654710493215,0.909064822894284));
#5152=DIRECTION('center_axis',(0.,1.,0.));
#5153=DIRECTION('ref_axis',(0.,0.,1.));
#5154=DIRECTION('',(1.,0.,0.));
#5155=DIRECTION('',(1.,0.,0.));
#5156=DIRECTION('center_axis',(0.,-1.,0.));
#5157=DIRECTION('ref_axis',(0.,0.,-1.));
#5158=DIRECTION('',(1.,0.,0.));
#5159=DIRECTION('',(1.,0.,0.));
#5160=DIRECTION('center_axis',(0.,0.,-1.));
#5161=DIRECTION('ref_axis',(-1.,0.,0.));
#5162=DIRECTION('',(1.,0.,0.));
#5163=DIRECTION('center_axis',(0.,0.,-1.));
#5164=DIRECTION('ref_axis',(-1.,0.,0.));
#5165=DIRECTION('',(1.,0.,0.));
#5166=DIRECTION('center_axis',(0.,-1.,0.));
#5167=DIRECTION('ref_axis',(0.,0.,-1.));
#5168=DIRECTION('',(1.,0.,0.));
#5169=DIRECTION('',(-1.,0.,0.));
#5170=DIRECTION('',(1.,0.,0.));
#5171=DIRECTION('center_axis',(1.,0.,0.));
#5172=DIRECTION('ref_axis',(0.,0.,-1.));
#5173=DIRECTION('',(0.,0.,1.));
#5174=DIRECTION('',(0.,1.,0.));
#5175=DIRECTION('',(0.,0.,-1.));
#5176=DIRECTION('',(0.,1.,0.));
#5177=DIRECTION('',(0.,0.,1.));
#5178=DIRECTION('',(0.,1.,0.));
#5179=DIRECTION('',(0.,0.,-1.));
#5180=DIRECTION('',(0.,0.,-1.));
#5181=DIRECTION('',(0.,0.,1.));
#5182=DIRECTION('',(0.,1.,0.));
#5183=DIRECTION('',(0.,0.,-1.));
#5184=DIRECTION('',(0.,1.,0.));
#5185=DIRECTION('',(0.,0.,1.));
#5186=DIRECTION('',(0.,1.,0.));
#5187=DIRECTION('',(0.,0.,-1.));
#5188=DIRECTION('',(0.,1.,0.));
#5189=DIRECTION('center_axis',(0.,-1.,0.));
#5190=DIRECTION('ref_axis',(0.,0.,-1.));
#5191=DIRECTION('',(1.,0.,0.));
#5192=DIRECTION('center_axis',(0.,-1.,0.));
#5193=DIRECTION('ref_axis',(0.,0.,-1.));
#5194=DIRECTION('center_axis',(0.,1.,0.));
#5195=DIRECTION('ref_axis',(0.,0.,1.));
#5196=DIRECTION('',(1.,0.,0.));
#5197=DIRECTION('center_axis',(0.,1.,0.));
#5198=DIRECTION('ref_axis',(0.,0.,1.));
#5199=DIRECTION('',(1.,0.,0.));
#5200=DIRECTION('',(1.,0.,0.));
#5201=DIRECTION('',(-1.,0.,0.));
#5202=DIRECTION('center_axis',(0.,0.,-1.));
#5203=DIRECTION('ref_axis',(-1.,0.,0.));
#5204=DIRECTION('',(1.,0.,0.));
#5205=DIRECTION('center_axis',(0.,-1.,0.));
#5206=DIRECTION('ref_axis',(0.,0.,-1.));
#5207=DIRECTION('',(1.,0.,0.));
#5208=DIRECTION('center_axis',(0.,0.,-1.));
#5209=DIRECTION('ref_axis',(-1.,0.,0.));
#5210=DIRECTION('',(1.,0.,0.));
#5211=DIRECTION('center_axis',(0.,1.,0.));
#5212=DIRECTION('ref_axis',(0.,0.,1.));
#5213=DIRECTION('',(1.,0.,0.));
#5214=DIRECTION('center_axis',(0.,0.,-1.));
#5215=DIRECTION('ref_axis',(-1.,0.,0.));
#5216=DIRECTION('center_axis',(0.,1.,0.));
#5217=DIRECTION('ref_axis',(0.,0.,1.));
#5218=DIRECTION('',(1.,0.,0.));
#5219=DIRECTION('',(0.,0.,-1.));
#5220=DIRECTION('',(-1.,0.,0.));
#5221=DIRECTION('center_axis',(0.,0.,1.));
#5222=DIRECTION('ref_axis',(1.,0.,0.));
#5223=DIRECTION('',(1.,0.,0.));
#5224=DIRECTION('',(0.,1.,0.));
#5225=DIRECTION('center_axis',(0.,0.,1.));
#5226=DIRECTION('ref_axis',(1.,0.,0.));
#5227=DIRECTION('',(1.,0.,0.));
#5228=DIRECTION('',(0.707106781186548,0.707106781186548,0.));
#5229=DIRECTION('',(1.,0.,0.));
#5230=DIRECTION('',(0.986393923832144,0.164398987305358,0.));
#5231=DIRECTION('',(0.,-1.,0.));
#5232=DIRECTION('',(0.986393923832144,-0.164398987305357,0.));
#5233=DIRECTION('',(1.,0.,0.));
#5234=DIRECTION('',(0.707106781186548,-0.707106781186548,0.));
#5235=DIRECTION('',(1.,0.,0.));
#5236=DIRECTION('center_axis',(0.,1.,0.));
#5237=DIRECTION('ref_axis',(0.,0.,1.));
#5238=DIRECTION('',(0.,0.,1.));
#5239=DIRECTION('',(-1.,0.,0.));
#5240=DIRECTION('center_axis',(0.,0.,1.));
#5241=DIRECTION('ref_axis',(1.,0.,0.));
#5242=DIRECTION('center_axis',(0.,1.,0.));
#5243=DIRECTION('ref_axis',(0.,0.,1.));
#5244=DIRECTION('',(-1.,0.,0.));
#5245=DIRECTION('',(0.,0.,1.));
#5246=DIRECTION('center_axis',(-0.707106781186548,0.707106781186548,0.));
#5247=DIRECTION('ref_axis',(0.,0.,1.));
#5248=DIRECTION('',(-0.707106781186548,-0.707106781186548,0.));
#5249=DIRECTION('',(0.,0.,1.));
#5250=DIRECTION('center_axis',(0.,1.,0.));
#5251=DIRECTION('ref_axis',(0.,0.,1.));
#5252=DIRECTION('',(-1.,0.,0.));
#5253=DIRECTION('',(0.,0.,1.));
#5254=DIRECTION('center_axis',(0.707106781186548,0.707106781186548,0.));
#5255=DIRECTION('ref_axis',(0.,0.,-1.));
#5256=DIRECTION('',(0.,0.,1.));
#5257=DIRECTION('',(-0.707106781186546,0.707106781186549,0.));
#5258=DIRECTION('center_axis',(0.,1.,0.));
#5259=DIRECTION('ref_axis',(0.,0.,1.));
#5260=DIRECTION('',(0.,0.,1.));
#5261=DIRECTION('',(-1.,0.,0.));
#5262=DIRECTION('center_axis',(0.164398987305357,0.986393923832144,0.));
#5263=DIRECTION('ref_axis',(0.,0.,1.));
#5264=DIRECTION('',(0.,0.,-1.));
#5265=DIRECTION('',(-0.986393923832144,0.164398987305357,0.));
#5266=DIRECTION('center_axis',(0.,1.,0.));
#5267=DIRECTION('ref_axis',(0.,0.,1.));
#5268=DIRECTION('',(-1.,0.,0.));
#5269=DIRECTION('',(0.,0.,1.));
#5270=DIRECTION('center_axis',(-0.164398987305358,0.986393923832144,0.));
#5271=DIRECTION('ref_axis',(0.,0.,1.));
#5272=DIRECTION('',(0.,0.,1.));
#5273=DIRECTION('',(-0.986393923832144,-0.164398987305358,0.));
#5274=DIRECTION('center_axis',(-1.,0.,0.));
#5275=DIRECTION('ref_axis',(0.,1.,0.));
#5276=DIRECTION('',(0.,-1.,0.));
#5277=DIRECTION('center_axis',(1.,0.,0.));
#5278=DIRECTION('ref_axis',(0.,-1.,0.));
#5279=DIRECTION('',(0.,1.,0.));
#5280=DIRECTION('center_axis',(0.,-1.,0.));
#5281=DIRECTION('ref_axis',(0.,0.,-1.));
#5282=DIRECTION('',(1.,0.,0.));
#5283=DIRECTION('',(0.,0.,1.));
#5284=DIRECTION('',(-1.,0.,0.));
#5285=DIRECTION('center_axis',(0.,0.,1.));
#5286=DIRECTION('ref_axis',(1.,0.,0.));
#5287=DIRECTION('',(-1.,0.,0.));
#5288=DIRECTION('',(0.,1.,0.));
#5289=DIRECTION('',(-1.,0.,0.));
#5290=DIRECTION('center_axis',(0.,-1.,0.));
#5291=DIRECTION('ref_axis',(0.,0.,-1.));
#5292=DIRECTION('',(1.,0.,0.));
#5293=DIRECTION('',(0.,0.,1.));
#5294=DIRECTION('center_axis',(1.,0.,0.));
#5295=DIRECTION('ref_axis',(0.,-1.,0.));
#5296=DIRECTION('',(0.,-1.,0.));
#5297=DIRECTION('',(0.,0.,1.));
#5298=DIRECTION('',(0.,1.,0.));
#5299=DIRECTION('',(0.,0.,-1.));
#5300=DIRECTION('center_axis',(-1.,0.,0.));
#5301=DIRECTION('ref_axis',(0.,1.,0.));
#5302=DIRECTION('',(0.,-1.,0.));
#5303=DIRECTION('',(0.,0.,-1.));
#5304=DIRECTION('center_axis',(-0.164398987305357,-0.986393923832144,0.));
#5305=DIRECTION('ref_axis',(0.,0.,-1.));
#5306=DIRECTION('',(0.986393923832144,-0.164398987305357,0.));
#5307=DIRECTION('',(0.,0.,1.));
#5308=DIRECTION('',(-0.986393923832144,0.164398987305357,0.));
#5309=DIRECTION('center_axis',(0.,-1.,0.));
#5310=DIRECTION('ref_axis',(0.,0.,-1.));
#5311=DIRECTION('',(1.,0.,0.));
#5312=DIRECTION('center_axis',(0.,0.,1.));
#5313=DIRECTION('ref_axis',(1.,0.,0.));
#5314=DIRECTION('center_axis',(0.,0.,1.));
#5315=DIRECTION('ref_axis',(1.,0.,0.));
#5316=DIRECTION('',(-0.707106781186548,-0.707106781186548,0.));
#5317=DIRECTION('',(-1.,0.,0.));
#5318=DIRECTION('',(-0.986393923832144,-0.164398987305358,0.));
#5319=DIRECTION('',(-1.,0.,0.));
#5320=DIRECTION('',(-0.707106781186548,0.707106781186548,0.));
#5321=DIRECTION('',(-1.,0.,0.));
#5322=DIRECTION('center_axis',(0.707106781186549,-0.707106781186547,0.));
#5323=DIRECTION('ref_axis',(0.,0.,-1.));
#5324=DIRECTION('',(0.707106781186546,0.707106781186549,0.));
#5325=DIRECTION('',(0.,0.,1.));
#5326=DIRECTION('center_axis',(0.,-1.,0.));
#5327=DIRECTION('ref_axis',(0.,0.,-1.));
#5328=DIRECTION('',(1.,0.,0.));
#5329=DIRECTION('',(0.,0.,1.));
#5330=DIRECTION('center_axis',(0.164398987305358,-0.986393923832144,0.));
#5331=DIRECTION('ref_axis',(0.,0.,-1.));
#5332=DIRECTION('',(0.986393923832144,0.164398987305358,0.));
#5333=DIRECTION('center_axis',(0.,-1.,0.));
#5334=DIRECTION('ref_axis',(0.,0.,-1.));
#5335=DIRECTION('',(0.,0.,1.));
#5336=DIRECTION('',(1.,0.,0.));
#5337=DIRECTION('center_axis',(-0.707106781186548,-0.707106781186548,0.));
#5338=DIRECTION('ref_axis',(0.,0.,1.));
#5339=DIRECTION('',(0.,0.,1.));
#5340=DIRECTION('',(0.707106781186548,-0.707106781186548,0.));
#5341=DIRECTION('center_axis',(0.,-1.,0.));
#5342=DIRECTION('ref_axis',(0.,0.,-1.));
#5343=DIRECTION('',(1.,0.,0.));
#5344=DIRECTION('center_axis',(0.,1.,0.));
#5345=DIRECTION('ref_axis',(0.,0.,1.));
#5346=DIRECTION('',(1.,0.,0.));
#5347=DIRECTION('',(0.,0.,1.));
#5348=DIRECTION('',(-1.,0.,0.));
#5349=DIRECTION('center_axis',(0.,-1.,0.));
#5350=DIRECTION('ref_axis',(0.,0.,-1.));
#5351=DIRECTION('',(-1.,0.,0.));
#5352=DIRECTION('',(0.,0.,-1.));
#5353=DIRECTION('',(1.,0.,0.));
#5354=DIRECTION('center_axis',(0.,0.,1.));
#5355=DIRECTION('ref_axis',(1.,0.,0.));
#5356=DIRECTION('',(1.,0.,0.));
#5357=DIRECTION('',(0.,1.,0.));
#5358=DIRECTION('center_axis',(0.,0.,1.));
#5359=DIRECTION('ref_axis',(1.,0.,0.));
#5360=DIRECTION('',(0.,-1.,0.));
#5361=DIRECTION('',(-1.,0.,0.));
#5362=DIRECTION('',(-0.70710678118655,0.707106781186545,0.));
#5363=DIRECTION('',(-1.,0.,0.));
#5364=DIRECTION('',(-0.986393923832144,0.164398987305357,0.));
#5365=DIRECTION('',(0.,1.,0.));
#5366=DIRECTION('',(0.986393923832144,0.164398987305357,0.));
#5367=DIRECTION('',(1.,0.,0.));
#5368=DIRECTION('',(0.707106781186549,0.707106781186546,0.));
#5369=DIRECTION('',(1.,0.,0.));
#5370=DIRECTION('center_axis',(1.,0.,0.));
#5371=DIRECTION('ref_axis',(0.,-1.,0.));
#5372=DIRECTION('',(0.,-1.,0.));
#5373=DIRECTION('',(0.,0.,1.));
#5374=DIRECTION('',(0.,0.,-1.));
#5375=DIRECTION('center_axis',(-1.,0.,0.));
#5376=DIRECTION('ref_axis',(0.,1.,0.));
#5377=DIRECTION('',(0.,0.,1.));
#5378=DIRECTION('center_axis',(0.164398987305357,-0.986393923832144,0.));
#5379=DIRECTION('ref_axis',(0.,0.,-1.));
#5380=DIRECTION('',(-0.986393923832144,-0.164398987305357,0.));
#5381=DIRECTION('',(0.,0.,1.));
#5382=DIRECTION('center_axis',(0.,0.,1.));
#5383=DIRECTION('ref_axis',(1.,0.,0.));
#5384=DIRECTION('center_axis',(0.,0.,1.));
#5385=DIRECTION('ref_axis',(1.,0.,0.));
#5386=DIRECTION('',(-1.,0.,0.));
#5387=DIRECTION('',(-0.707106781186547,-0.707106781186548,0.));
#5388=DIRECTION('',(-1.,0.,0.));
#5389=DIRECTION('',(0.986393923832144,-0.164398987305357,0.));
#5390=DIRECTION('',(1.,0.,0.));
#5391=DIRECTION('',(0.70710678118655,-0.707106781186545,0.));
#5392=DIRECTION('center_axis',(0.,1.,0.));
#5393=DIRECTION('ref_axis',(0.,0.,1.));
#5394=DIRECTION('center_axis',(0.164398987305357,0.986393923832144,0.));
#5395=DIRECTION('ref_axis',(0.,0.,1.));
#5396=DIRECTION('',(0.,0.,1.));
#5397=DIRECTION('center_axis',(0.,1.,0.));
#5398=DIRECTION('ref_axis',(0.,0.,1.));
#5399=DIRECTION('',(0.,0.,1.));
#5400=DIRECTION('center_axis',(0.707106781186547,0.707106781186548,0.));
#5401=DIRECTION('ref_axis',(0.,0.,-1.));
#5402=DIRECTION('center_axis',(0.,-1.,0.));
#5403=DIRECTION('ref_axis',(0.,0.,-1.));
#5404=DIRECTION('',(0.,0.,1.));
#5405=DIRECTION('center_axis',(0.707106781186547,-0.707106781186548,0.));
#5406=DIRECTION('ref_axis',(0.,0.,-1.));
#5407=DIRECTION('',(0.,0.,1.));
#5408=DIRECTION('center_axis',(0.,-1.,0.));
#5409=DIRECTION('ref_axis',(0.,0.,-1.));
#5410=CARTESIAN_POINT('',(0.,0.,0.));
#5411=CARTESIAN_POINT('Origin',(1.375,-3.5,2.55));
#5412=CARTESIAN_POINT('',(-0.8,-3.5,1.95000000000001));
#5413=CARTESIAN_POINT('',(-0.8,-3.5,2.55));
#5414=CARTESIAN_POINT('',(-0.8,-3.5,1.95000000000001));
#5415=CARTESIAN_POINT('',(0.8,-3.5,1.95000000000001));
#5416=CARTESIAN_POINT('',(0.8,-3.5,1.95000000000001));
#5417=CARTESIAN_POINT('',(0.8,-3.5,2.55000000000001));
#5418=CARTESIAN_POINT('',(0.8,-3.5,2.55000000000001));
#5419=CARTESIAN_POINT('',(-0.8,-3.5,2.55));
#5420=CARTESIAN_POINT('Origin',(-1.375,-4.25,2.75000000000001));
#5421=CARTESIAN_POINT('',(-1.375,-3.975,2.55000000000001));
#5422=CARTESIAN_POINT('',(-1.375,-2.9,2.55000000000001));
#5423=CARTESIAN_POINT('',(-1.375,-3.975,2.55));
#5424=CARTESIAN_POINT('',(-1.375,-2.9,2.75000000000001));
#5425=CARTESIAN_POINT('',(-1.375,-2.9,2.75000000000001));
#5426=CARTESIAN_POINT('',(-1.375,-3.975,2.75000000000001));
#5427=CARTESIAN_POINT('',(-1.375,-3.975,2.75000000000001));
#5428=CARTESIAN_POINT('',(-1.375,-4.25,2.15000000000001));
#5429=CARTESIAN_POINT('',(-1.375,-4.25,2.15000000000001));
#5430=CARTESIAN_POINT('',(-1.375,-3.975,2.15000000000001));
#5431=CARTESIAN_POINT('',(-1.375,-4.25,2.15000000000001));
#5432=CARTESIAN_POINT('',(-1.375,-3.975,2.15000000000001));
#5433=CARTESIAN_POINT('Origin',(-1.935363E-16,-4.857226E-16,2.55));
#5434=CARTESIAN_POINT('',(0.8,-3.975,2.55000000000001));
#5435=CARTESIAN_POINT('',(0.8,-3.975,2.55000000000001));
#5436=CARTESIAN_POINT('',(0.874999999999999,-3.975,2.55));
#5437=CARTESIAN_POINT('',(0.8,-3.975,2.55));
#5438=CARTESIAN_POINT('',(0.874999999999999,-4.0249,2.55));
#5439=CARTESIAN_POINT('',(0.874999999999999,-3.975,2.55));
#5440=CARTESIAN_POINT('',(-0.875000000000001,-4.0249,2.55));
#5441=CARTESIAN_POINT('',(0.874999999999999,-4.0249,2.55));
#5442=CARTESIAN_POINT('',(-0.875000000000001,-3.975,2.55));
#5443=CARTESIAN_POINT('',(-0.875000000000001,-4.0249,2.55));
#5444=CARTESIAN_POINT('',(-0.8,-3.975,2.55000000000001));
#5445=CARTESIAN_POINT('',(-0.875000000000001,-3.975,2.55));
#5446=CARTESIAN_POINT('',(-0.8,-3.975,2.55));
#5447=CARTESIAN_POINT('Origin',(1.375,-4.25,2.55000000000001));
#5448=CARTESIAN_POINT('',(1.375,2.9,2.55000000000001));
#5449=CARTESIAN_POINT('',(1.375,3.975,2.55000000000001));
#5450=CARTESIAN_POINT('',(1.375,2.9,2.55000000000001));
#5451=CARTESIAN_POINT('',(1.375,2.9,2.75000000000001));
#5452=CARTESIAN_POINT('',(1.375,2.9,2.75000000000001));
#5453=CARTESIAN_POINT('',(1.375,3.975,2.75000000000001));
#5454=CARTESIAN_POINT('',(1.375,3.975,2.75000000000001));
#5455=CARTESIAN_POINT('',(1.375,4.25,2.15000000000001));
#5456=CARTESIAN_POINT('',(1.375,4.25,2.15000000000001));
#5457=CARTESIAN_POINT('',(1.375,3.975,2.15000000000001));
#5458=CARTESIAN_POINT('',(1.375,4.25,2.15000000000001));
#5459=CARTESIAN_POINT('',(1.375,3.975,2.55000000000001));
#5460=CARTESIAN_POINT('Origin',(-1.375,-4.25,2.75000000000001));
#5461=CARTESIAN_POINT('',(-1.375,2.9,2.55));
#5462=CARTESIAN_POINT('',(-1.375,3.975,2.55000000000001));
#5463=CARTESIAN_POINT('',(-1.375,2.9,2.55000000000001));
#5464=CARTESIAN_POINT('',(-1.375,3.975,2.15000000000001));
#5465=CARTESIAN_POINT('',(-1.375,3.975,2.15000000000001));
#5466=CARTESIAN_POINT('',(-1.375,4.25,2.15000000000001));
#5467=CARTESIAN_POINT('',(-1.375,4.25,2.15000000000001));
#5468=CARTESIAN_POINT('',(-1.375,3.975,2.75000000000001));
#5469=CARTESIAN_POINT('',(-1.375,3.975,2.75000000000001));
#5470=CARTESIAN_POINT('',(-1.375,2.9,2.75000000000001));
#5471=CARTESIAN_POINT('',(-1.375,2.9,2.75000000000001));
#5472=CARTESIAN_POINT('',(-1.375,2.9,2.55));
#5473=CARTESIAN_POINT('Origin',(-1.41486842105263,3.67236842105263,1.55));
#5474=CARTESIAN_POINT('',(-0.9,4.225,1.55));
#5475=CARTESIAN_POINT('',(-0.9,4.025,1.55));
#5476=CARTESIAN_POINT('',(-0.9,4.225,1.55000000000001));
#5477=CARTESIAN_POINT('',(-0.875000000000001,4.025,1.55));
#5478=CARTESIAN_POINT('',(-0.875000000000001,4.025,1.55));
#5479=CARTESIAN_POINT('',(-0.875000000000001,4.225,1.55));
#5480=CARTESIAN_POINT('',(-0.875000000000001,4.025,1.55));
#5481=CARTESIAN_POINT('',(-0.9,4.225,1.55));
#5482=CARTESIAN_POINT('Origin',(1.41486842105263,-3.67236842105263,1.55));
#5483=CARTESIAN_POINT('',(0.9,-4.225,1.55));
#5484=CARTESIAN_POINT('',(0.9,-4.025,1.55));
#5485=CARTESIAN_POINT('',(0.9,-4.225,1.55000000000001));
#5486=CARTESIAN_POINT('',(0.874999999999999,-4.025,1.55));
#5487=CARTESIAN_POINT('',(0.874999999999999,-4.025,1.55));
#5488=CARTESIAN_POINT('',(0.874999999999999,-4.225,1.55));
#5489=CARTESIAN_POINT('',(0.874999999999999,-4.025,1.55));
#5490=CARTESIAN_POINT('',(0.9,-4.225,1.55));
#5491=CARTESIAN_POINT('Origin',(1.05,2.025,2.75));
#5492=CARTESIAN_POINT('',(1.,2.025,2.55));
#5493=CARTESIAN_POINT('',(1.,2.025,2.75));
#5494=CARTESIAN_POINT('',(1.,2.025,2.55));
#5495=CARTESIAN_POINT('',(1.05,2.025,2.55));
#5496=CARTESIAN_POINT('',(1.05,2.025,2.55));
#5497=CARTESIAN_POINT('',(1.05,2.025,2.75));
#5498=CARTESIAN_POINT('',(1.05,2.025,2.75));
#5499=CARTESIAN_POINT('',(1.,2.025,2.75));
#5500=CARTESIAN_POINT('Origin',(-1.935363E-16,-4.857226E-16,2.55));
#5501=CARTESIAN_POINT('',(-0.8,3.975,2.55000000000001));
#5502=CARTESIAN_POINT('',(-0.875000000000001,3.975,2.55));
#5503=CARTESIAN_POINT('',(-0.8,3.975,2.55));
#5504=CARTESIAN_POINT('',(-0.875000000000001,4.0249,2.55));
#5505=CARTESIAN_POINT('',(-0.875000000000001,3.975,2.55));
#5506=CARTESIAN_POINT('',(0.874999999999999,4.0249,2.55));
#5507=CARTESIAN_POINT('',(-0.875000000000001,4.0249,2.55));
#5508=CARTESIAN_POINT('',(0.874999999999999,3.975,2.55));
#5509=CARTESIAN_POINT('',(0.874999999999999,4.0249,2.55));
#5510=CARTESIAN_POINT('',(0.8,3.975,2.55000000000001));
#5511=CARTESIAN_POINT('',(0.874999999999999,3.975,2.55));
#5512=CARTESIAN_POINT('',(0.8,3.525,2.55));
#5513=CARTESIAN_POINT('',(0.8,3.525,2.55000000000001));
#5514=CARTESIAN_POINT('',(0.75,3.525,2.55));
#5515=CARTESIAN_POINT('',(0.75,3.525,2.55));
#5516=CARTESIAN_POINT('',(0.75,3.825,2.55));
#5517=CARTESIAN_POINT('',(0.75,3.525,2.55));
#5518=CARTESIAN_POINT('',(0.65,3.925,2.55));
#5519=CARTESIAN_POINT('Origin',(0.65,3.825,2.55));
#5520=CARTESIAN_POINT('',(-0.65,3.925,2.55));
#5521=CARTESIAN_POINT('',(-0.65,3.925,2.55));
#5522=CARTESIAN_POINT('',(-0.75,3.825,2.55));
#5523=CARTESIAN_POINT('Origin',(-0.65,3.825,2.55));
#5524=CARTESIAN_POINT('',(-0.75,3.525,2.55));
#5525=CARTESIAN_POINT('',(-0.75,3.525,2.55));
#5526=CARTESIAN_POINT('',(-0.8,3.525,2.55));
#5527=CARTESIAN_POINT('',(-0.8,3.525,2.55));
#5528=CARTESIAN_POINT('',(-0.8,3.525,2.55));
#5529=CARTESIAN_POINT('Origin',(0.,4.225,0.250000000000001));
#5530=CARTESIAN_POINT('',(0.848528137423857,-4.025,0.550000000000001));
#5531=CARTESIAN_POINT('',(-0.848528137423857,-4.025,0.550000000000001));
#5532=CARTESIAN_POINT('Origin',(0.,-4.025,0.250000000000001));
#5533=CARTESIAN_POINT('',(0.848528137423857,-4.225,0.550000000000001));
#5534=CARTESIAN_POINT('',(0.848528137423857,-4.225,0.55));
#5535=CARTESIAN_POINT('',(-0.848528137423857,-4.225,0.550000000000001));
#5536=CARTESIAN_POINT('Origin',(0.,-4.225,0.250000000000001));
#5537=CARTESIAN_POINT('',(-0.848528137423857,-4.025,0.55));
#5538=CARTESIAN_POINT('Origin',(0.,4.225,0.250000000000001));
#5539=CARTESIAN_POINT('',(-0.848528137423857,4.025,0.550000000000001));
#5540=CARTESIAN_POINT('',(0.848528137423857,4.025,0.550000000000001));
#5541=CARTESIAN_POINT('Origin',(0.,4.025,0.250000000000001));
#5542=CARTESIAN_POINT('',(-0.848528137423857,4.225,0.550000000000001));
#5543=CARTESIAN_POINT('',(-0.848528137423857,4.225,0.550000000000001));
#5544=CARTESIAN_POINT('',(0.848528137423857,4.225,0.550000000000001));
#5545=CARTESIAN_POINT('Origin',(0.,4.225,0.250000000000001));
#5546=CARTESIAN_POINT('',(0.848528137423857,4.025,0.550000000000001));
#5547=CARTESIAN_POINT('Origin',(-6.245005E-16,4.025,1.55));
#5548=CARTESIAN_POINT('',(1.725,4.025,0.550000000000001));
#5549=CARTESIAN_POINT('',(1.725,4.025,0.550000000000001));
#5550=CARTESIAN_POINT('',(1.725,4.025,1.55));
#5551=CARTESIAN_POINT('',(1.725,4.025,1.55));
#5552=CARTESIAN_POINT('',(0.9,4.025,1.55));
#5553=CARTESIAN_POINT('',(0.9,4.025,1.55000000000001));
#5554=CARTESIAN_POINT('',(0.874999999999999,4.025,1.55));
#5555=CARTESIAN_POINT('',(0.9,4.025,1.55));
#5556=CARTESIAN_POINT('',(0.874999999999999,4.025,2.5499));
#5557=CARTESIAN_POINT('',(0.874999999999999,4.025,1.55));
#5558=CARTESIAN_POINT('',(-0.875000000000001,4.025,2.5499));
#5559=CARTESIAN_POINT('',(0.874999999999999,4.025,2.5499));
#5560=CARTESIAN_POINT('',(-0.875000000000001,4.025,2.5499));
#5561=CARTESIAN_POINT('',(-1.725,4.025,1.55));
#5562=CARTESIAN_POINT('',(-1.725,4.025,1.55000000000001));
#5563=CARTESIAN_POINT('',(-1.725,4.025,0.550000000000001));
#5564=CARTESIAN_POINT('',(-1.725,4.025,0.550000000000001));
#5565=CARTESIAN_POINT('',(-0.848528137423857,4.025,0.550000000000001));
#5566=CARTESIAN_POINT('Origin',(1.725,4.225,0.550000000000001));
#5567=CARTESIAN_POINT('',(1.725,4.225,0.550000000000001));
#5568=CARTESIAN_POINT('',(0.848528137423858,4.225,0.550000000000001));
#5569=CARTESIAN_POINT('',(1.725,4.225,0.550000000000001));
#5570=CARTESIAN_POINT('Origin',(0.,-4.025,1.55));
#5571=CARTESIAN_POINT('',(-1.725,-4.025,0.550000000000001));
#5572=CARTESIAN_POINT('',(-1.725,-4.025,0.550000000000001));
#5573=CARTESIAN_POINT('',(-1.725,-4.025,1.55));
#5574=CARTESIAN_POINT('',(-1.725,-4.025,1.55));
#5575=CARTESIAN_POINT('',(-0.9,-4.025,1.55));
#5576=CARTESIAN_POINT('',(-0.9,-4.025,1.55000000000001));
#5577=CARTESIAN_POINT('',(-0.875000000000001,-4.025,1.55));
#5578=CARTESIAN_POINT('',(-0.9,-4.025,1.55));
#5579=CARTESIAN_POINT('',(-0.875000000000001,-4.025,2.5499));
#5580=CARTESIAN_POINT('',(-0.875000000000001,-4.025,1.55));
#5581=CARTESIAN_POINT('',(0.874999999999999,-4.025,2.5499));
#5582=CARTESIAN_POINT('',(-0.875000000000001,-4.025,2.5499));
#5583=CARTESIAN_POINT('',(0.874999999999999,-4.025,2.5499));
#5584=CARTESIAN_POINT('',(1.725,-4.025,1.55));
#5585=CARTESIAN_POINT('',(1.725,-4.025,1.55000000000001));
#5586=CARTESIAN_POINT('',(1.725,-4.025,0.550000000000001));
#5587=CARTESIAN_POINT('',(1.725,-4.025,0.550000000000001));
#5588=CARTESIAN_POINT('',(0.848528137423857,-4.025,0.550000000000001));
#5589=CARTESIAN_POINT('Origin',(-1.725,-4.225,0.550000000000001));
#5590=CARTESIAN_POINT('',(-1.725,-4.225,0.550000000000001));
#5591=CARTESIAN_POINT('',(-0.848528137423858,-4.225,0.550000000000001));
#5592=CARTESIAN_POINT('',(-1.725,-4.225,0.550000000000001));
#5593=CARTESIAN_POINT('Origin',(-1.525,-2.69,2.65));
#5594=CARTESIAN_POINT('',(-1.525,-2.89,2.75));
#5595=CARTESIAN_POINT('',(-1.725,-2.69,2.75));
#5596=CARTESIAN_POINT('Origin',(-1.525,-2.69,2.75));
#5597=CARTESIAN_POINT('',(-1.725,-2.69,2.55));
#5598=CARTESIAN_POINT('',(-1.725,-2.69,2.75));
#5599=CARTESIAN_POINT('',(-1.525,-2.89,2.55));
#5600=CARTESIAN_POINT('Origin',(-1.525,-2.69,2.55));
#5601=CARTESIAN_POINT('',(-1.525,-2.89,2.55));
#5602=CARTESIAN_POINT('Origin',(-1.725,-4.225,2.55));
#5603=CARTESIAN_POINT('',(-1.725,2.69,2.75));
#5604=CARTESIAN_POINT('',(-1.725,-2.69,2.75));
#5605=CARTESIAN_POINT('',(-1.725,2.69,2.55));
#5606=CARTESIAN_POINT('',(-1.725,2.69,2.55));
#5607=CARTESIAN_POINT('',(-1.725,-2.69,2.55));
#5608=CARTESIAN_POINT('Origin',(-1.525,2.69,2.65));
#5609=CARTESIAN_POINT('',(-1.525,2.89,2.55));
#5610=CARTESIAN_POINT('Origin',(-1.525,2.69,2.55));
#5611=CARTESIAN_POINT('',(-1.525,2.89,2.75));
#5612=CARTESIAN_POINT('Origin',(-1.525,2.69,2.75));
#5613=CARTESIAN_POINT('',(-1.525,2.89,2.75));
#5614=CARTESIAN_POINT('Origin',(-1.16,-3.725,2.75));
#5615=CARTESIAN_POINT('',(-1.16,-3.925,2.55));
#5616=CARTESIAN_POINT('',(-1.36,-3.725,2.55));
#5617=CARTESIAN_POINT('Origin',(-1.16,-3.725,2.55));
#5618=CARTESIAN_POINT('',(-1.16,-3.925,2.75));
#5619=CARTESIAN_POINT('',(-1.16,-3.925,2.55));
#5620=CARTESIAN_POINT('',(-1.36,-3.725,2.75));
#5621=CARTESIAN_POINT('Origin',(-1.16,-3.725,2.75));
#5622=CARTESIAN_POINT('',(-1.36,-3.725,2.75));
#5623=CARTESIAN_POINT('Origin',(-0.875000000000001,-3.925,2.75));
#5624=CARTESIAN_POINT('',(-0.875000000000001,-3.925,2.55));
#5625=CARTESIAN_POINT('',(-0.875000000000001,-3.925,2.55));
#5626=CARTESIAN_POINT('',(-0.875000000000001,-3.925,2.75));
#5627=CARTESIAN_POINT('',(-0.875000000000001,-3.925,2.75));
#5628=CARTESIAN_POINT('',(-1.16,-3.925,2.75));
#5629=CARTESIAN_POINT('Origin',(-1.16,3.725,2.75));
#5630=CARTESIAN_POINT('',(-1.36,3.725,2.55));
#5631=CARTESIAN_POINT('',(-1.16,3.925,2.55));
#5632=CARTESIAN_POINT('Origin',(-1.16,3.725,2.55));
#5633=CARTESIAN_POINT('',(-1.36,3.725,2.75));
#5634=CARTESIAN_POINT('',(-1.36,3.725,2.55));
#5635=CARTESIAN_POINT('',(-1.16,3.925,2.75));
#5636=CARTESIAN_POINT('Origin',(-1.16,3.725,2.75));
#5637=CARTESIAN_POINT('',(-1.16,3.925,2.75));
#5638=CARTESIAN_POINT('Origin',(-1.36,2.89,2.75));
#5639=CARTESIAN_POINT('',(-1.36,2.89,2.55));
#5640=CARTESIAN_POINT('',(-1.36,2.89,2.55));
#5641=CARTESIAN_POINT('',(-1.36,2.89,2.75));
#5642=CARTESIAN_POINT('',(-1.36,2.89,2.75));
#5643=CARTESIAN_POINT('',(-1.36,3.725,2.75));
#5644=CARTESIAN_POINT('Origin',(1.16,-3.725,2.75));
#5645=CARTESIAN_POINT('',(1.36,-3.725,2.55));
#5646=CARTESIAN_POINT('',(1.16,-3.925,2.55));
#5647=CARTESIAN_POINT('Origin',(1.16,-3.725,2.55));
#5648=CARTESIAN_POINT('',(1.36,-3.725,2.75));
#5649=CARTESIAN_POINT('',(1.36,-3.725,2.55));
#5650=CARTESIAN_POINT('',(1.16,-3.925,2.75));
#5651=CARTESIAN_POINT('Origin',(1.16,-3.725,2.75));
#5652=CARTESIAN_POINT('',(1.16,-3.925,2.75));
#5653=CARTESIAN_POINT('Origin',(1.36,-2.89,2.75));
#5654=CARTESIAN_POINT('',(1.36,-2.89,2.55));
#5655=CARTESIAN_POINT('',(1.36,-2.89,2.55));
#5656=CARTESIAN_POINT('',(1.36,-2.89,2.75));
#5657=CARTESIAN_POINT('',(1.36,-2.89,2.75));
#5658=CARTESIAN_POINT('',(1.36,-3.725,2.75));
#5659=CARTESIAN_POINT('Origin',(1.16,3.725,2.75));
#5660=CARTESIAN_POINT('',(1.16,3.925,2.55));
#5661=CARTESIAN_POINT('',(1.36,3.725,2.55));
#5662=CARTESIAN_POINT('Origin',(1.16,3.725,2.55));
#5663=CARTESIAN_POINT('',(1.16,3.925,2.75));
#5664=CARTESIAN_POINT('',(1.16,3.925,2.55));
#5665=CARTESIAN_POINT('',(1.36,3.725,2.75));
#5666=CARTESIAN_POINT('Origin',(1.16,3.725,2.75));
#5667=CARTESIAN_POINT('',(1.36,3.725,2.75));
#5668=CARTESIAN_POINT('Origin',(0.874999999999999,3.925,2.75));
#5669=CARTESIAN_POINT('',(0.874999999999999,3.925,2.55));
#5670=CARTESIAN_POINT('',(0.874999999999999,3.925,2.55));
#5671=CARTESIAN_POINT('',(0.874999999999999,3.925,2.75));
#5672=CARTESIAN_POINT('',(0.874999999999999,3.925,2.75));
#5673=CARTESIAN_POINT('',(1.16,3.925,2.75));
#5674=CARTESIAN_POINT('Origin',(1.525,-2.69,1.65));
#5675=CARTESIAN_POINT('',(1.725,-2.69,2.55));
#5676=CARTESIAN_POINT('',(1.525,-2.89,2.55));
#5677=CARTESIAN_POINT('Origin',(1.525,-2.69,2.55));
#5678=CARTESIAN_POINT('',(1.725,-2.69,2.75));
#5679=CARTESIAN_POINT('',(1.725,-2.69,2.55));
#5680=CARTESIAN_POINT('',(1.525,-2.89,2.75));
#5681=CARTESIAN_POINT('Origin',(1.525,-2.69,2.75));
#5682=CARTESIAN_POINT('',(1.525,-2.89,2.75));
#5683=CARTESIAN_POINT('Origin',(1.725,-4.225,0.550000000000001));
#5684=CARTESIAN_POINT('',(1.725,2.69,2.55));
#5685=CARTESIAN_POINT('',(1.725,2.69,2.55));
#5686=CARTESIAN_POINT('',(1.725,2.69,2.75));
#5687=CARTESIAN_POINT('',(1.725,2.69,2.75));
#5688=CARTESIAN_POINT('',(1.725,2.69,2.75));
#5689=CARTESIAN_POINT('Origin',(1.525,2.69,1.65));
#5690=CARTESIAN_POINT('',(1.525,2.89,2.75));
#5691=CARTESIAN_POINT('Origin',(1.525,2.69,2.75));
#5692=CARTESIAN_POINT('',(1.525,2.89,2.55));
#5693=CARTESIAN_POINT('Origin',(1.525,2.69,2.55));
#5694=CARTESIAN_POINT('',(1.525,2.89,2.55));
#5695=CARTESIAN_POINT('Origin',(1.36,3.925,2.75));
#5696=CARTESIAN_POINT('',(1.36,2.89,2.75));
#5697=CARTESIAN_POINT('',(1.36,2.89,2.75));
#5698=CARTESIAN_POINT('',(1.36,2.89,2.55));
#5699=CARTESIAN_POINT('',(1.36,2.89,2.75));
#5700=CARTESIAN_POINT('',(1.36,3.725,2.55));
#5701=CARTESIAN_POINT('Origin',(1.36,2.89,2.75));
#5702=CARTESIAN_POINT('',(1.36,2.89,2.55));
#5703=CARTESIAN_POINT('',(1.525,2.89,2.75));
#5704=CARTESIAN_POINT('Origin',(0.874999999999999,4.225,2.75));
#5705=CARTESIAN_POINT('',(0.874999999999999,4.0249,2.75));
#5706=CARTESIAN_POINT('',(0.874999999999999,4.225,2.5499));
#5707=CARTESIAN_POINT('Origin',(0.874999999999999,4.0249,2.5499));
#5708=CARTESIAN_POINT('',(0.874999999999999,3.925,2.75));
#5709=CARTESIAN_POINT('',(0.874999999999999,3.975,2.55));
#5710=CARTESIAN_POINT('Origin',(0.874999999999999,4.0249,2.5499));
#5711=CARTESIAN_POINT('',(0.874999999999999,4.225,1.55));
#5712=CARTESIAN_POINT('',(0.874999999999999,4.225,1.55));
#5713=CARTESIAN_POINT('',(0.874999999999999,4.225,2.5499));
#5714=CARTESIAN_POINT('Origin',(1.41486842105263,3.67236842105263,1.55));
#5715=CARTESIAN_POINT('',(0.9,4.225,1.55));
#5716=CARTESIAN_POINT('',(0.9,4.025,1.55000000000001));
#5717=CARTESIAN_POINT('',(0.874999999999999,4.225,1.55));
#5718=CARTESIAN_POINT('Origin',(0.874999999999999,-3.925,2.75));
#5719=CARTESIAN_POINT('',(0.874999999999999,-4.225,2.5499));
#5720=CARTESIAN_POINT('',(0.874999999999999,-4.0249,2.75));
#5721=CARTESIAN_POINT('Origin',(0.874999999999999,-4.0249,2.5499));
#5722=CARTESIAN_POINT('',(0.874999999999999,-4.225,1.55));
#5723=CARTESIAN_POINT('Origin',(0.874999999999999,-4.0249,2.5499));
#5724=CARTESIAN_POINT('',(0.874999999999999,-3.925,2.55));
#5725=CARTESIAN_POINT('',(0.874999999999999,-3.925,2.55));
#5726=CARTESIAN_POINT('',(0.874999999999999,-3.925,2.75));
#5727=CARTESIAN_POINT('',(0.874999999999999,-3.925,2.75));
#5728=CARTESIAN_POINT('',(0.874999999999999,-4.0249,2.75));
#5729=CARTESIAN_POINT('Origin',(1.36,-3.925,2.75));
#5730=CARTESIAN_POINT('',(0.874999999999999,-3.925,2.75));
#5731=CARTESIAN_POINT('',(1.16,-3.925,2.55));
#5732=CARTESIAN_POINT('Origin',(1.725,-2.89,2.75));
#5733=CARTESIAN_POINT('',(1.36,-2.89,2.75));
#5734=CARTESIAN_POINT('',(1.525,-2.89,2.55));
#5735=CARTESIAN_POINT('Origin',(-0.875000000000001,3.925,2.75));
#5736=CARTESIAN_POINT('',(-0.875000000000001,4.225,2.5499));
#5737=CARTESIAN_POINT('',(-0.875000000000001,4.0249,2.75));
#5738=CARTESIAN_POINT('Origin',(-0.875000000000001,4.0249,2.5499));
#5739=CARTESIAN_POINT('',(-0.875000000000001,4.225,1.55));
#5740=CARTESIAN_POINT('Origin',(-0.875000000000001,4.0249,2.5499));
#5741=CARTESIAN_POINT('',(-0.875000000000001,3.925,2.55));
#5742=CARTESIAN_POINT('',(-0.875000000000001,3.925,2.55));
#5743=CARTESIAN_POINT('',(-0.875000000000001,3.925,2.75));
#5744=CARTESIAN_POINT('',(-0.875000000000001,3.925,2.75));
#5745=CARTESIAN_POINT('',(-0.875000000000001,4.0249,2.75));
#5746=CARTESIAN_POINT('Origin',(-1.36,3.925,2.75));
#5747=CARTESIAN_POINT('',(-0.875000000000001,3.925,2.75));
#5748=CARTESIAN_POINT('',(-1.16,3.925,2.55));
#5749=CARTESIAN_POINT('Origin',(-1.725,2.89,2.75));
#5750=CARTESIAN_POINT('',(-1.36,2.89,2.75));
#5751=CARTESIAN_POINT('',(-1.525,2.89,2.55));
#5752=CARTESIAN_POINT('Origin',(-1.36,-3.925,2.75));
#5753=CARTESIAN_POINT('',(-1.36,-2.89,2.75));
#5754=CARTESIAN_POINT('',(-1.36,-2.89,2.75));
#5755=CARTESIAN_POINT('',(-1.36,-2.89,2.55));
#5756=CARTESIAN_POINT('',(-1.36,-2.89,2.75));
#5757=CARTESIAN_POINT('',(-1.36,-3.725,2.55));
#5758=CARTESIAN_POINT('Origin',(-1.36,-2.89,2.75));
#5759=CARTESIAN_POINT('',(-1.36,-2.89,2.55));
#5760=CARTESIAN_POINT('',(-1.525,-2.89,2.75));
#5761=CARTESIAN_POINT('Origin',(-0.875000000000001,-4.225,2.75));
#5762=CARTESIAN_POINT('',(-0.875000000000001,-4.0249,2.75));
#5763=CARTESIAN_POINT('',(-0.875000000000001,-4.225,2.5499));
#5764=CARTESIAN_POINT('Origin',(-0.875000000000001,-4.0249,2.5499));
#5765=CARTESIAN_POINT('',(-0.875000000000001,-3.925,2.75));
#5766=CARTESIAN_POINT('',(-0.875000000000001,-3.975,2.55));
#5767=CARTESIAN_POINT('Origin',(-0.875000000000001,-4.0249,2.5499));
#5768=CARTESIAN_POINT('',(-0.875000000000001,-4.225,1.55));
#5769=CARTESIAN_POINT('',(-0.875000000000001,-4.225,1.55));
#5770=CARTESIAN_POINT('',(-0.875000000000001,-4.225,2.5499));
#5771=CARTESIAN_POINT('Origin',(-1.41486842105263,-3.67236842105263,1.55));
#5772=CARTESIAN_POINT('',(-0.9,-4.225,1.55));
#5773=CARTESIAN_POINT('',(-0.9,-4.025,1.55000000000001));
#5774=CARTESIAN_POINT('',(-0.875000000000001,-4.225,1.55));
#5775=CARTESIAN_POINT('Origin',(1.725,-4.225,0.550000000000001));
#5776=CARTESIAN_POINT('',(1.725,-4.225,1.55));
#5777=CARTESIAN_POINT('',(1.725,-4.225,1.55000000000001));
#5778=CARTESIAN_POINT('',(1.725,-4.225,0.550000000000001));
#5779=CARTESIAN_POINT('',(1.725,-4.225,1.55));
#5780=CARTESIAN_POINT('',(1.725,-4.225,0.550000000000001));
#5781=CARTESIAN_POINT('Origin',(1.725,-4.225,0.550000000000001));
#5782=CARTESIAN_POINT('',(1.725,4.225,1.55));
#5783=CARTESIAN_POINT('',(1.725,4.025,1.55000000000001));
#5784=CARTESIAN_POINT('',(1.725,4.225,0.550000000000001));
#5785=CARTESIAN_POINT('Origin',(-6.245005E-16,4.225,1.55));
#5786=CARTESIAN_POINT('',(-1.725,4.225,0.550000000000001));
#5787=CARTESIAN_POINT('',(-1.725,4.225,0.550000000000001));
#5788=CARTESIAN_POINT('',(-1.725,4.225,1.55));
#5789=CARTESIAN_POINT('',(-1.725,4.225,1.55));
#5790=CARTESIAN_POINT('',(-0.9,4.225,1.55000000000001));
#5791=CARTESIAN_POINT('',(-0.875000000000001,4.225,2.5499));
#5792=CARTESIAN_POINT('',(1.725,4.225,1.55000000000001));
#5793=CARTESIAN_POINT('Origin',(0.,-4.0249,2.5499));
#5794=CARTESIAN_POINT('',(-0.875000000000001,-4.0249,2.75));
#5795=CARTESIAN_POINT('',(0.874999999999999,-4.225,2.5499));
#5796=CARTESIAN_POINT('Origin',(0.,-4.0249,2.5499));
#5797=CARTESIAN_POINT('Origin',(-1.725,-4.225,2.55));
#5798=CARTESIAN_POINT('',(-1.725,-4.225,1.55));
#5799=CARTESIAN_POINT('',(-1.725,-4.025,1.55000000000001));
#5800=CARTESIAN_POINT('',(-1.725,-4.225,0.550000000000001));
#5801=CARTESIAN_POINT('Origin',(1.05,2.025,2.75));
#5802=CARTESIAN_POINT('',(-1.,2.025,2.55));
#5803=CARTESIAN_POINT('',(-1.,2.025,2.75));
#5804=CARTESIAN_POINT('',(-1.,2.025,2.55));
#5805=CARTESIAN_POINT('',(-1.05,2.025,2.75));
#5806=CARTESIAN_POINT('',(-1.05,2.025,2.75));
#5807=CARTESIAN_POINT('',(-1.05,2.025,2.55));
#5808=CARTESIAN_POINT('',(-1.05,2.025,2.75));
#5809=CARTESIAN_POINT('',(-1.,2.025,2.55));
#5810=CARTESIAN_POINT('Origin',(-1.05,2.025,2.75));
#5811=CARTESIAN_POINT('',(-1.05,-2.025,2.55));
#5812=CARTESIAN_POINT('',(-1.05,2.025,2.55));
#5813=CARTESIAN_POINT('',(-1.05,-2.025,2.75));
#5814=CARTESIAN_POINT('',(-1.05,-2.025,2.75));
#5815=CARTESIAN_POINT('',(-1.05,-2.025,2.75));
#5816=CARTESIAN_POINT('Origin',(-1.05,-2.025,2.75));
#5817=CARTESIAN_POINT('',(1.05,-2.025,2.55));
#5818=CARTESIAN_POINT('',(-1.05,-2.025,2.55));
#5819=CARTESIAN_POINT('',(1.05,-2.025,2.75));
#5820=CARTESIAN_POINT('',(1.05,-2.025,2.75));
#5821=CARTESIAN_POINT('',(1.05,-2.025,2.75));
#5822=CARTESIAN_POINT('Origin',(1.05,-2.025,2.75));
#5823=CARTESIAN_POINT('',(1.05,2.025,2.55));
#5824=CARTESIAN_POINT('',(1.05,2.025,2.75));
#5825=CARTESIAN_POINT('Origin',(-2.192457E-16,-4.857226E-16,2.75));
#5826=CARTESIAN_POINT('',(0.874999999999999,4.0249,2.75));
#5827=CARTESIAN_POINT('',(1.,2.025,2.75));
#5828=CARTESIAN_POINT('Origin',(-5.551115E-16,4.0249,2.5499));
#5829=CARTESIAN_POINT('Origin',(-5.551115E-16,4.0249,2.5499));
#5830=CARTESIAN_POINT('Origin',(1.725,4.225,0.550000000000001));
#5831=CARTESIAN_POINT('',(-1.725,4.225,0.550000000000001));
#5832=CARTESIAN_POINT('Origin',(0.,-4.225,1.55));
#5833=CARTESIAN_POINT('',(1.725,-4.225,0.550000000000001));
#5834=CARTESIAN_POINT('',(0.9,-4.225,1.55000000000001));
#5835=CARTESIAN_POINT('',(-1.725,-4.225,1.55000000000001));
#5836=CARTESIAN_POINT('Origin',(-1.725,-4.225,2.55));
#5837=CARTESIAN_POINT('',(-1.725,4.225,1.55000000000001));
#5838=CARTESIAN_POINT('Origin',(-1.725,-4.225,0.550000000000001));
#5839=CARTESIAN_POINT('Origin',(0.,4.25,1.55000000000001));
#5840=CARTESIAN_POINT('',(-0.9,3.975,1.55000000000001));
#5841=CARTESIAN_POINT('',(-0.9,4.025,1.55000000000001));
#5842=CARTESIAN_POINT('',(-1.75,3.975,1.55000000000001));
#5843=CARTESIAN_POINT('',(-1.75,3.975,1.55000000000001));
#5844=CARTESIAN_POINT('',(-1.75,4.25,1.55000000000001));
#5845=CARTESIAN_POINT('',(-1.75,3.975,1.55000000000001));
#5846=CARTESIAN_POINT('',(-0.9,4.25,1.55000000000001));
#5847=CARTESIAN_POINT('',(-1.75,4.25,1.55000000000001));
#5848=CARTESIAN_POINT('',(-0.9,4.25,1.55000000000001));
#5849=CARTESIAN_POINT('Origin',(0.,-3.975,1.55000000000001));
#5850=CARTESIAN_POINT('',(0.9,-3.975,1.55000000000001));
#5851=CARTESIAN_POINT('',(0.9,-4.025,1.55000000000001));
#5852=CARTESIAN_POINT('',(1.75,-3.975,1.55000000000001));
#5853=CARTESIAN_POINT('',(0.9,-3.975,1.55000000000001));
#5854=CARTESIAN_POINT('',(1.75,-4.25,1.55000000000001));
#5855=CARTESIAN_POINT('',(1.75,-3.975,1.55000000000001));
#5856=CARTESIAN_POINT('',(0.9,-4.25,1.55000000000001));
#5857=CARTESIAN_POINT('',(0.9,-4.25,1.55000000000001));
#5858=CARTESIAN_POINT('',(0.9,-4.25,1.55000000000001));
#5859=CARTESIAN_POINT('Origin',(0.,-2.9,2.55));
#5860=CARTESIAN_POINT('',(-0.875000000000001,3.975,2.55));
#5861=CARTESIAN_POINT('',(-1.75,2.9,2.55));
#5862=CARTESIAN_POINT('',(-1.75,2.9,2.55));
#5863=CARTESIAN_POINT('',(-1.75,-2.9,2.55));
#5864=CARTESIAN_POINT('',(-1.75,2.9,2.55));
#5865=CARTESIAN_POINT('',(-1.75,-2.9,2.55));
#5866=CARTESIAN_POINT('',(-1.375,-3.975,2.55));
#5867=CARTESIAN_POINT('Origin',(0.,-2.9,2.55));
#5868=CARTESIAN_POINT('',(1.,0.025,2.55));
#5869=CARTESIAN_POINT('',(1.,2.025,2.55));
#5870=CARTESIAN_POINT('',(-1.,0.025,2.55));
#5871=CARTESIAN_POINT('',(1.,0.025,2.55));
#5872=CARTESIAN_POINT('',(-1.,0.025,2.55));
#5873=CARTESIAN_POINT('Origin',(-1.365,3.525,0.900000000000001));
#5874=CARTESIAN_POINT('',(0.8,3.525,1.95000000000001));
#5875=CARTESIAN_POINT('',(0.8,3.525,1.95000000000001));
#5876=CARTESIAN_POINT('',(-0.8,3.525,1.95000000000001));
#5877=CARTESIAN_POINT('',(-0.8,3.525,1.95000000000001));
#5878=CARTESIAN_POINT('',(-0.8,3.525,2.55));
#5879=CARTESIAN_POINT('',(-0.75,3.525,2.));
#5880=CARTESIAN_POINT('',(-0.75,3.525,2.55));
#5881=CARTESIAN_POINT('',(0.75,3.525,2.));
#5882=CARTESIAN_POINT('',(-0.75,3.525,2.));
#5883=CARTESIAN_POINT('',(0.75,3.525,2.));
#5884=CARTESIAN_POINT('Origin',(-1.,0.775000000000001,4.75));
#5885=CARTESIAN_POINT('',(1.,0.775000000000001,4.75));
#5886=CARTESIAN_POINT('',(1.,0.525,4.5));
#5887=CARTESIAN_POINT('',(1.,0.775000000000001,4.75));
#5888=CARTESIAN_POINT('',(-1.,0.775000000000001,4.75));
#5889=CARTESIAN_POINT('',(-1.,0.775000000000001,4.75));
#5890=CARTESIAN_POINT('',(-1.,0.525,4.5));
#5891=CARTESIAN_POINT('',(-1.,0.525,4.5));
#5892=CARTESIAN_POINT('',(-1.,0.525,4.5));
#5893=CARTESIAN_POINT('Origin',(-1.,0.525,4.5));
#5894=CARTESIAN_POINT('',(1.,0.275000000000001,4.75));
#5895=CARTESIAN_POINT('',(1.,0.525,4.5));
#5896=CARTESIAN_POINT('',(-1.,0.275000000000001,4.75));
#5897=CARTESIAN_POINT('',(-1.,0.275,4.75));
#5898=CARTESIAN_POINT('',(1.,0.275000000000001,4.75));
#5899=CARTESIAN_POINT('Origin',(-1.,0.275000000000001,4.75));
#5900=CARTESIAN_POINT('',(1.,0.025,4.5));
#5901=CARTESIAN_POINT('',(1.,0.275,4.75));
#5902=CARTESIAN_POINT('',(-1.,0.025,4.5));
#5903=CARTESIAN_POINT('',(-1.,0.025,4.5));
#5904=CARTESIAN_POINT('',(1.,0.025,4.5));
#5905=CARTESIAN_POINT('Origin',(-1.,1.275,4.75));
#5906=CARTESIAN_POINT('',(1.,1.275,4.75));
#5907=CARTESIAN_POINT('',(1.,1.025,4.5));
#5908=CARTESIAN_POINT('',(1.,1.275,4.75));
#5909=CARTESIAN_POINT('',(-1.,1.275,4.75));
#5910=CARTESIAN_POINT('',(-1.,1.275,4.75));
#5911=CARTESIAN_POINT('',(-1.,1.025,4.5));
#5912=CARTESIAN_POINT('',(-1.,1.025,4.5));
#5913=CARTESIAN_POINT('',(-1.,1.025,4.5));
#5914=CARTESIAN_POINT('Origin',(-1.,1.025,4.5));
#5915=CARTESIAN_POINT('',(1.,1.025,4.5));
#5916=CARTESIAN_POINT('',(-1.,0.775,4.75));
#5917=CARTESIAN_POINT('Origin',(-1.,1.775,4.75));
#5918=CARTESIAN_POINT('',(1.,1.775,4.75));
#5919=CARTESIAN_POINT('',(1.,1.525,4.5));
#5920=CARTESIAN_POINT('',(1.,1.775,4.75));
#5921=CARTESIAN_POINT('',(-1.,1.775,4.75));
#5922=CARTESIAN_POINT('',(-1.,1.775,4.75));
#5923=CARTESIAN_POINT('',(-1.,1.525,4.5));
#5924=CARTESIAN_POINT('',(-1.,1.525,4.5));
#5925=CARTESIAN_POINT('',(-1.,1.525,4.5));
#5926=CARTESIAN_POINT('Origin',(-1.,1.525,4.5));
#5927=CARTESIAN_POINT('',(1.,1.525,4.5));
#5928=CARTESIAN_POINT('',(-1.,1.275,4.75));
#5929=CARTESIAN_POINT('Origin',(-1.,2.025,4.5));
#5930=CARTESIAN_POINT('',(1.,2.025,4.5));
#5931=CARTESIAN_POINT('',(1.,2.025,4.5));
#5932=CARTESIAN_POINT('',(-1.,2.025,4.5));
#5933=CARTESIAN_POINT('',(-1.,2.025,4.5));
#5934=CARTESIAN_POINT('',(-1.,1.775,4.75));
#5935=CARTESIAN_POINT('Origin',(1.,0.025,2.55));
#5936=CARTESIAN_POINT('',(-1.,0.025,2.55));
#5937=CARTESIAN_POINT('',(1.,0.025,2.55));
#5938=CARTESIAN_POINT('Origin',(-1.,0.025,2.55));
#5939=CARTESIAN_POINT('',(-1.,2.025,2.75));
#5940=CARTESIAN_POINT('Origin',(-1.,2.025,2.55));
#5941=CARTESIAN_POINT('',(1.,2.025,2.75));
#5942=CARTESIAN_POINT('Origin',(1.,2.025,2.55));
#5943=CARTESIAN_POINT('Origin',(-0.65,3.825,2.1375));
#5944=CARTESIAN_POINT('',(-0.65,3.925,2.1));
#5945=CARTESIAN_POINT('',(-0.65,3.925,2.55));
#5946=CARTESIAN_POINT('',(-0.75,3.825,2.));
#5947=CARTESIAN_POINT('Origin',(-0.65,3.825,2.1));
#5948=CARTESIAN_POINT('',(-0.75,3.825,2.));
#5949=CARTESIAN_POINT('Origin',(0.375,3.825,2.1));
#5950=CARTESIAN_POINT('',(0.75,3.825,2.));
#5951=CARTESIAN_POINT('',(0.75,3.825,2.));
#5952=CARTESIAN_POINT('',(0.65,3.925,2.1));
#5953=CARTESIAN_POINT('',(-0.65,3.925,2.1));
#5954=CARTESIAN_POINT('Origin',(0.65,3.825,2.1));
#5955=CARTESIAN_POINT('Origin',(0.65,3.825,2.4125));
#5956=CARTESIAN_POINT('',(0.75,3.825,2.55));
#5957=CARTESIAN_POINT('',(0.65,3.925,2.1));
#5958=CARTESIAN_POINT('Origin',(-1.051989E-16,3.925,2.275));
#5959=CARTESIAN_POINT('Origin',(0.75,3.525,2.55));
#5960=CARTESIAN_POINT('',(0.75,3.525,2.));
#5961=CARTESIAN_POINT('Origin',(0.75,3.525,2.));
#5962=CARTESIAN_POINT('',(-0.75,3.525,2.));
#5963=CARTESIAN_POINT('Origin',(-0.75,3.525,2.));
#5964=CARTESIAN_POINT('Origin',(0.8,-4.25,1.95000000000001));
#5965=CARTESIAN_POINT('',(0.8,3.975,1.95000000000001));
#5966=CARTESIAN_POINT('',(0.8,3.975,2.55000000000001));
#5967=CARTESIAN_POINT('',(0.8,3.525,1.95000000000001));
#5968=CARTESIAN_POINT('Origin',(1.75,2.862294E-16,1.0457490106049));
#5969=CARTESIAN_POINT('',(1.75,-0.349999999999999,0.3));
#5970=CARTESIAN_POINT('',(1.75,-0.349999999999999,-7.472655E-17));
#5971=CARTESIAN_POINT('',(1.75,-0.349999999999999,0.3));
#5972=CARTESIAN_POINT('',(1.75,0.35,0.3));
#5973=CARTESIAN_POINT('',(1.75,0.35,0.3));
#5974=CARTESIAN_POINT('',(1.75,0.35,8.21992E-16));
#5975=CARTESIAN_POINT('',(1.75,0.35,8.881784E-16));
#5976=CARTESIAN_POINT('',(1.75,2.15,3.12784E-15));
#5977=CARTESIAN_POINT('',(1.75,2.15,3.12784E-15));
#5978=CARTESIAN_POINT('',(1.75,2.15,0.3));
#5979=CARTESIAN_POINT('',(1.75,2.15,0.3));
#5980=CARTESIAN_POINT('',(1.75,2.85,0.3));
#5981=CARTESIAN_POINT('',(1.75,2.85,0.3));
#5982=CARTESIAN_POINT('',(1.75,2.85,4.024558E-15));
#5983=CARTESIAN_POINT('',(1.75,2.85,4.107825E-15));
#5984=CARTESIAN_POINT('',(1.75,3.975,-4.302114E-15));
#5985=CARTESIAN_POINT('',(1.75,3.975,5.465713E-15));
#5986=CARTESIAN_POINT('',(1.75,3.975,1.55000000000001));
#5987=CARTESIAN_POINT('',(1.75,3.975,1.55000000000001));
#5988=CARTESIAN_POINT('',(1.75,4.25,1.55000000000001));
#5989=CARTESIAN_POINT('',(1.75,4.25,1.55000000000001));
#5990=CARTESIAN_POINT('',(1.75,4.25,2.15000000000001));
#5991=CARTESIAN_POINT('',(1.75,4.25,2.15000000000001));
#5992=CARTESIAN_POINT('',(1.75,3.975,2.75000000000001));
#5993=CARTESIAN_POINT('',(1.75,3.975,2.75000000000001));
#5994=CARTESIAN_POINT('',(1.75,2.9,2.75000000000001));
#5995=CARTESIAN_POINT('',(1.75,2.9,2.75000000000001));
#5996=CARTESIAN_POINT('',(1.75,2.9,2.55));
#5997=CARTESIAN_POINT('',(1.75,2.9,2.55));
#5998=CARTESIAN_POINT('',(1.75,-2.9,2.55));
#5999=CARTESIAN_POINT('',(1.75,-2.9,2.55));
#6000=CARTESIAN_POINT('',(1.75,-2.9,2.75000000000001));
#6001=CARTESIAN_POINT('',(1.75,-2.9,2.75000000000001));
#6002=CARTESIAN_POINT('',(1.75,-3.975,2.75000000000001));
#6003=CARTESIAN_POINT('',(1.75,-3.975,2.75000000000001));
#6004=CARTESIAN_POINT('',(1.75,-4.25,2.15000000000001));
#6005=CARTESIAN_POINT('',(1.75,-4.25,2.15000000000001));
#6006=CARTESIAN_POINT('',(1.75,-4.25,1.55000000000001));
#6007=CARTESIAN_POINT('',(1.75,-3.975,-4.718448E-15));
#6008=CARTESIAN_POINT('',(1.75,-3.975,-4.662937E-15));
#6009=CARTESIAN_POINT('',(1.75,-2.85,-3.277293E-15));
#6010=CARTESIAN_POINT('',(1.75,-2.85,-3.277293E-15));
#6011=CARTESIAN_POINT('',(1.75,-2.85,0.3));
#6012=CARTESIAN_POINT('',(1.75,-2.85,0.3));
#6013=CARTESIAN_POINT('',(1.75,-2.15,0.3));
#6014=CARTESIAN_POINT('',(1.75,-2.15,0.3));
#6015=CARTESIAN_POINT('',(1.75,-2.15,-2.380574E-15));
#6016=CARTESIAN_POINT('',(1.75,-2.15,-2.331468E-15));
#6017=CARTESIAN_POINT('',(1.75,-0.349999999999999,-7.472655E-17));
#6018=CARTESIAN_POINT('Origin',(0.4,0.35,-0.450000000000006));
#6019=CARTESIAN_POINT('',(0.4,0.35,-5.828671E-15));
#6020=CARTESIAN_POINT('',(0.4,-0.35,-5.828671E-15));
#6021=CARTESIAN_POINT('',(0.4,0.35,0.));
#6022=CARTESIAN_POINT('',(0.4,0.35,-0.450000000000006));
#6023=CARTESIAN_POINT('',(0.4,0.35,-0.450000000000006));
#6024=CARTESIAN_POINT('',(0.4,-0.35,-0.450000000000006));
#6025=CARTESIAN_POINT('',(0.4,-0.35,-0.450000000000006));
#6026=CARTESIAN_POINT('',(0.4,-0.35,-0.450000000000006));
#6027=CARTESIAN_POINT('Origin',(0.4,-0.35,-0.450000000000006));
#6028=CARTESIAN_POINT('',(-0.4,-0.35,-5.828671E-15));
#6029=CARTESIAN_POINT('',(0.4,-0.35,0.));
#6030=CARTESIAN_POINT('',(-0.4,-0.35,-0.450000000000006));
#6031=CARTESIAN_POINT('',(-0.4,-0.35,-0.450000000000006));
#6032=CARTESIAN_POINT('',(-0.4,-0.35,-0.450000000000006));
#6033=CARTESIAN_POINT('Origin',(-0.4,-0.35,-0.450000000000006));
#6034=CARTESIAN_POINT('',(-0.4,0.35,-5.828671E-15));
#6035=CARTESIAN_POINT('',(-0.4,-0.35,0.));
#6036=CARTESIAN_POINT('',(-0.4,0.35,-0.450000000000006));
#6037=CARTESIAN_POINT('',(-0.4,0.35,-0.450000000000006));
#6038=CARTESIAN_POINT('',(-0.4,0.35,-0.450000000000006));
#6039=CARTESIAN_POINT('Origin',(-0.4,0.35,-0.450000000000006));
#6040=CARTESIAN_POINT('',(-0.4,0.35,0.));
#6041=CARTESIAN_POINT('',(0.4,0.35,-0.450000000000006));
#6042=CARTESIAN_POINT('Origin',(0.4,2.55,-0.450000000000006));
#6043=CARTESIAN_POINT('',(0.4,2.55,-5.828671E-15));
#6044=CARTESIAN_POINT('',(0.4,1.85,-5.828671E-15));
#6045=CARTESIAN_POINT('',(0.4,2.55,0.));
#6046=CARTESIAN_POINT('',(0.4,2.55,-0.450000000000006));
#6047=CARTESIAN_POINT('',(0.4,2.55,-0.450000000000006));
#6048=CARTESIAN_POINT('',(0.4,1.85,-0.450000000000006));
#6049=CARTESIAN_POINT('',(0.4,1.85,-0.450000000000006));
#6050=CARTESIAN_POINT('',(0.4,1.85,-0.450000000000006));
#6051=CARTESIAN_POINT('Origin',(0.4,1.85,-0.450000000000006));
#6052=CARTESIAN_POINT('',(-0.4,1.85,-5.828671E-15));
#6053=CARTESIAN_POINT('',(0.4,1.85,0.));
#6054=CARTESIAN_POINT('',(-0.4,1.85,-0.450000000000006));
#6055=CARTESIAN_POINT('',(-0.4,1.85,-0.450000000000006));
#6056=CARTESIAN_POINT('',(-0.4,1.85,-0.450000000000006));
#6057=CARTESIAN_POINT('Origin',(-0.4,1.85,-0.450000000000006));
#6058=CARTESIAN_POINT('',(-0.4,2.55,-5.828671E-15));
#6059=CARTESIAN_POINT('',(-0.4,1.85,0.));
#6060=CARTESIAN_POINT('',(-0.4,2.55,-0.450000000000006));
#6061=CARTESIAN_POINT('',(-0.4,2.55,-0.450000000000006));
#6062=CARTESIAN_POINT('',(-0.4,2.55,-0.450000000000006));
#6063=CARTESIAN_POINT('Origin',(-0.4,2.55,-0.450000000000006));
#6064=CARTESIAN_POINT('',(-0.4,2.55,0.));
#6065=CARTESIAN_POINT('',(0.4,2.55,-0.450000000000006));
#6066=CARTESIAN_POINT('Origin',(0.4,-1.85,-0.450000000000006));
#6067=CARTESIAN_POINT('',(0.4,-1.85,-5.828671E-15));
#6068=CARTESIAN_POINT('',(0.4,-2.55,-5.828671E-15));
#6069=CARTESIAN_POINT('',(0.4,-1.85,0.));
#6070=CARTESIAN_POINT('',(0.4,-1.85,-0.450000000000006));
#6071=CARTESIAN_POINT('',(0.4,-1.85,-0.450000000000006));
#6072=CARTESIAN_POINT('',(0.4,-2.55,-0.450000000000006));
#6073=CARTESIAN_POINT('',(0.4,-2.55,-0.450000000000006));
#6074=CARTESIAN_POINT('',(0.4,-2.55,-0.450000000000006));
#6075=CARTESIAN_POINT('Origin',(0.4,-2.55,-0.450000000000006));
#6076=CARTESIAN_POINT('',(-0.4,-2.55,-5.828671E-15));
#6077=CARTESIAN_POINT('',(0.4,-2.55,0.));
#6078=CARTESIAN_POINT('',(-0.4,-2.55,-0.450000000000006));
#6079=CARTESIAN_POINT('',(-0.4,-2.55,-0.450000000000006));
#6080=CARTESIAN_POINT('',(-0.4,-2.55,-0.450000000000006));
#6081=CARTESIAN_POINT('Origin',(-0.4,-2.55,-0.450000000000006));
#6082=CARTESIAN_POINT('',(-0.4,-1.85,-5.828671E-15));
#6083=CARTESIAN_POINT('',(-0.4,-2.55,0.));
#6084=CARTESIAN_POINT('',(-0.4,-1.85,-0.450000000000006));
#6085=CARTESIAN_POINT('',(-0.4,-1.85,-0.450000000000006));
#6086=CARTESIAN_POINT('',(-0.4,-1.85,-0.450000000000006));
#6087=CARTESIAN_POINT('Origin',(-0.4,-1.85,-0.450000000000006));
#6088=CARTESIAN_POINT('',(-0.4,-1.85,0.));
#6089=CARTESIAN_POINT('',(0.4,-1.85,-0.450000000000006));
#6090=CARTESIAN_POINT('Origin',(1.375,-4.25,2.55000000000001));
#6091=CARTESIAN_POINT('',(1.375,-3.975,2.55000000000001));
#6092=CARTESIAN_POINT('',(1.375,-2.9,2.55000000000001));
#6093=CARTESIAN_POINT('',(1.375,-3.975,2.55000000000001));
#6094=CARTESIAN_POINT('',(1.375,-3.975,2.15000000000001));
#6095=CARTESIAN_POINT('',(1.375,-3.975,2.55000000000001));
#6096=CARTESIAN_POINT('',(1.375,-4.25,2.15000000000001));
#6097=CARTESIAN_POINT('',(1.375,-4.25,2.15000000000001));
#6098=CARTESIAN_POINT('',(1.375,-3.975,2.75000000000001));
#6099=CARTESIAN_POINT('',(1.375,-3.975,2.75000000000001));
#6100=CARTESIAN_POINT('',(1.375,-2.9,2.75000000000001));
#6101=CARTESIAN_POINT('',(1.375,-2.9,2.75000000000001));
#6102=CARTESIAN_POINT('',(1.375,-2.9,2.55000000000001));
#6103=CARTESIAN_POINT('Origin',(0.,-2.9,2.55));
#6104=CARTESIAN_POINT('',(0.874999999999999,-3.975,2.55));
#6105=CARTESIAN_POINT('',(1.375,-2.9,2.55));
#6106=CARTESIAN_POINT('',(1.375,2.9,2.55));
#6107=CARTESIAN_POINT('',(1.375,3.975,2.55));
#6108=CARTESIAN_POINT('Origin',(0.8,-4.25,1.95000000000001));
#6109=CARTESIAN_POINT('',(0.8,-3.975,1.95000000000001));
#6110=CARTESIAN_POINT('',(0.8,-3.975,1.95000000000001));
#6111=CARTESIAN_POINT('',(0.8,-3.975,1.95000000000001));
#6112=CARTESIAN_POINT('Origin',(-0.8,-4.25,1.95000000000001));
#6113=CARTESIAN_POINT('',(-0.8,3.975,1.95000000000001));
#6114=CARTESIAN_POINT('',(0.8,3.975,1.95000000000001));
#6115=CARTESIAN_POINT('',(-0.8,3.525,1.95000000000001));
#6116=CARTESIAN_POINT('Origin',(-0.8,-4.25,1.95000000000001));
#6117=CARTESIAN_POINT('',(-0.8,-3.975,1.95000000000001));
#6118=CARTESIAN_POINT('',(-0.8,-3.975,1.95000000000001));
#6119=CARTESIAN_POINT('',(-0.8,-3.975,1.95000000000001));
#6120=CARTESIAN_POINT('Origin',(-0.8,-4.25,2.55000000000001));
#6121=CARTESIAN_POINT('',(-0.8,3.975,1.95000000000001));
#6122=CARTESIAN_POINT('Origin',(-0.8,-4.25,2.55000000000001));
#6123=CARTESIAN_POINT('',(-0.8,-3.975,2.55000000000001));
#6124=CARTESIAN_POINT('Origin',(0.8,4.25,2.15000000000001));
#6125=CARTESIAN_POINT('',(0.9,3.975,2.15000000000001));
#6126=CARTESIAN_POINT('',(1.375,3.975,2.15000000000001));
#6127=CARTESIAN_POINT('',(0.9,4.25,2.15000000000001));
#6128=CARTESIAN_POINT('',(0.9,4.25,2.15000000000001));
#6129=CARTESIAN_POINT('',(0.9,4.25,2.15000000000001));
#6130=CARTESIAN_POINT('Origin',(-0.9,4.25,2.15000000000001));
#6131=CARTESIAN_POINT('',(-0.9,3.975,2.15000000000001));
#6132=CARTESIAN_POINT('',(-0.9,3.975,2.15000000000001));
#6133=CARTESIAN_POINT('',(-0.9,4.25,2.15000000000001));
#6134=CARTESIAN_POINT('',(-0.9,4.25,2.15000000000001));
#6135=CARTESIAN_POINT('',(-1.375,4.25,2.15000000000001));
#6136=CARTESIAN_POINT('Origin',(-0.9,4.25,2.15000000000001));
#6137=CARTESIAN_POINT('',(-0.9,3.975,1.55000000000001));
#6138=CARTESIAN_POINT('',(-0.9,4.25,2.15000000000001));
#6139=CARTESIAN_POINT('Origin',(0.9,4.25,1.55000000000001));
#6140=CARTESIAN_POINT('',(0.9,3.975,1.55000000000001));
#6141=CARTESIAN_POINT('',(0.9,3.975,2.15000000000001));
#6142=CARTESIAN_POINT('',(0.9,4.25,1.55000000000001));
#6143=CARTESIAN_POINT('',(0.9,4.25,1.55000000000001));
#6144=CARTESIAN_POINT('',(0.9,4.225,1.55000000000001));
#6145=CARTESIAN_POINT('',(0.9,3.975,1.55000000000001));
#6146=CARTESIAN_POINT('Origin',(0.,3.975,2.75000000000001));
#6147=CARTESIAN_POINT('',(-1.75,4.25,2.15000000000001));
#6148=CARTESIAN_POINT('',(-1.75,4.25,2.15000000000001));
#6149=CARTESIAN_POINT('',(-1.75,3.975,2.75000000000001));
#6150=CARTESIAN_POINT('',(-1.75,4.25,2.15000000000001));
#6151=CARTESIAN_POINT('',(-1.75,3.975,2.75000000000001));
#6152=CARTESIAN_POINT('Origin',(0.,4.25,1.55000000000001));
#6153=CARTESIAN_POINT('',(0.9,4.25,1.55000000000001));
#6154=CARTESIAN_POINT('',(0.9,3.975,1.55000000000001));
#6155=CARTESIAN_POINT('Origin',(0.,4.25,2.15000000000001));
#6156=CARTESIAN_POINT('',(-1.75,4.25,1.55000000000001));
#6157=CARTESIAN_POINT('Origin',(0.8,-4.25,2.15000000000001));
#6158=CARTESIAN_POINT('',(0.9,-3.975,2.15000000000001));
#6159=CARTESIAN_POINT('',(1.375,-3.975,2.15000000000001));
#6160=CARTESIAN_POINT('',(0.9,-4.25,2.15000000000001));
#6161=CARTESIAN_POINT('',(0.9,-4.25,2.15000000000001));
#6162=CARTESIAN_POINT('',(0.9,-4.25,2.15000000000001));
#6163=CARTESIAN_POINT('Origin',(-0.9,-4.25,2.15000000000001));
#6164=CARTESIAN_POINT('',(-0.9,-3.975,2.15000000000001));
#6165=CARTESIAN_POINT('',(-0.9,-3.975,2.15000000000001));
#6166=CARTESIAN_POINT('',(-0.9,-4.25,2.15000000000001));
#6167=CARTESIAN_POINT('',(-1.375,-4.25,2.15000000000001));
#6168=CARTESIAN_POINT('',(-0.9,-4.25,2.15000000000001));
#6169=CARTESIAN_POINT('Origin',(-0.9,-4.25,2.15000000000001));
#6170=CARTESIAN_POINT('',(-0.9,-3.975,1.55000000000001));
#6171=CARTESIAN_POINT('',(-0.9,-3.975,1.55000000000001));
#6172=CARTESIAN_POINT('',(-0.9,-4.25,1.55000000000001));
#6173=CARTESIAN_POINT('',(-0.9,-4.25,1.55000000000001));
#6174=CARTESIAN_POINT('',(-0.9,-4.225,1.55000000000001));
#6175=CARTESIAN_POINT('',(-0.9,-3.975,1.55000000000001));
#6176=CARTESIAN_POINT('Origin',(0.9,-4.25,1.55000000000001));
#6177=CARTESIAN_POINT('',(0.9,-3.975,2.15000000000001));
#6178=CARTESIAN_POINT('',(0.9,-4.25,2.15000000000001));
#6179=CARTESIAN_POINT('Origin',(0.,-4.25,2.15000000000001));
#6180=CARTESIAN_POINT('',(1.375,-4.25,2.15000000000001));
#6181=CARTESIAN_POINT('',(1.375,-3.975,2.75000000000001));
#6182=CARTESIAN_POINT('Origin',(0.,-4.25,1.55000000000001));
#6183=CARTESIAN_POINT('Origin',(0.,-3.975,1.55000000000001));
#6184=CARTESIAN_POINT('',(-1.75,-4.25,1.55000000000001));
#6185=CARTESIAN_POINT('',(-1.75,-4.25,1.55000000000001));
#6186=CARTESIAN_POINT('',(-1.75,-3.975,1.55000000000001));
#6187=CARTESIAN_POINT('',(-1.75,-4.25,1.55000000000001));
#6188=CARTESIAN_POINT('',(-1.75,-3.975,1.55000000000001));
#6189=CARTESIAN_POINT('Origin',(-0.85,-4.25,-0.450000000000005));
#6190=CARTESIAN_POINT('',(-0.85,2.7,-0.75));
#6191=CARTESIAN_POINT('',(-0.85,2.7,-0.450000000000005));
#6192=CARTESIAN_POINT('',(-0.85,2.7,-0.75));
#6193=CARTESIAN_POINT('',(-0.85,3.65,-0.750000000000005));
#6194=CARTESIAN_POINT('',(-0.85,3.65,-0.750000000000004));
#6195=CARTESIAN_POINT('',(-0.85,3.65,-0.450000000000005));
#6196=CARTESIAN_POINT('',(-0.85,3.65,-0.450000000000005));
#6197=CARTESIAN_POINT('',(-0.85,2.7,-0.450000000000005));
#6198=CARTESIAN_POINT('Origin',(0.85,-4.25,-0.750000000000005));
#6199=CARTESIAN_POINT('',(0.85,2.7,-0.450000000000005));
#6200=CARTESIAN_POINT('',(0.85,2.7,-0.75));
#6201=CARTESIAN_POINT('',(0.85,2.7,-0.450000000000005));
#6202=CARTESIAN_POINT('',(0.85,3.65,-0.450000000000005));
#6203=CARTESIAN_POINT('',(0.85,2.7,-0.450000000000005));
#6204=CARTESIAN_POINT('',(0.85,3.65,-0.750000000000005));
#6205=CARTESIAN_POINT('',(0.85,3.65,-0.750000000000005));
#6206=CARTESIAN_POINT('',(0.85,2.7,-0.75));
#6207=CARTESIAN_POINT('Origin',(0.85,-4.25,-0.750000000000005));
#6208=CARTESIAN_POINT('',(0.85,-3.65,-0.450000000000005));
#6209=CARTESIAN_POINT('',(0.85,-3.65,-0.750000000000004));
#6210=CARTESIAN_POINT('',(0.85,-3.65,-0.450000000000005));
#6211=CARTESIAN_POINT('',(0.85,-2.7,-0.450000000000006));
#6212=CARTESIAN_POINT('',(0.85,-3.65,-0.450000000000005));
#6213=CARTESIAN_POINT('',(0.85,-2.7,-0.750000000000005));
#6214=CARTESIAN_POINT('',(0.85,-2.7,-0.750000000000004));
#6215=CARTESIAN_POINT('',(0.85,-3.65,-0.750000000000004));
#6216=CARTESIAN_POINT('Origin',(-0.85,-4.25,-0.450000000000005));
#6217=CARTESIAN_POINT('',(-0.85,-3.65,-0.750000000000004));
#6218=CARTESIAN_POINT('',(-0.85,-3.65,-0.450000000000005));
#6219=CARTESIAN_POINT('',(-0.85,-3.65,-0.750000000000004));
#6220=CARTESIAN_POINT('',(-0.85,-2.7,-0.750000000000005));
#6221=CARTESIAN_POINT('',(-0.85,-2.7,-0.75));
#6222=CARTESIAN_POINT('',(-0.85,-2.7,-0.450000000000005));
#6223=CARTESIAN_POINT('',(-0.85,-2.7,-0.450000000000005));
#6224=CARTESIAN_POINT('',(-0.85,-3.65,-0.450000000000005));
#6225=CARTESIAN_POINT('Origin',(1.45,-4.25,-4.440892E-15));
#6226=CARTESIAN_POINT('',(1.45,2.7,-0.75));
#6227=CARTESIAN_POINT('',(1.45,2.7,-0.450000000000006));
#6228=CARTESIAN_POINT('',(1.45,2.7,-0.75));
#6229=CARTESIAN_POINT('',(1.45,3.65,-0.750000000000005));
#6230=CARTESIAN_POINT('',(1.45,3.65,-0.750000000000004));
#6231=CARTESIAN_POINT('',(1.45,3.65,-4.440892E-15));
#6232=CARTESIAN_POINT('',(1.45,3.65,-4.440892E-15));
#6233=CARTESIAN_POINT('',(1.45,-3.65,-4.440892E-15));
#6234=CARTESIAN_POINT('',(1.45,-3.65,0.));
#6235=CARTESIAN_POINT('',(1.45,-3.65,-0.750000000000004));
#6236=CARTESIAN_POINT('',(1.45,-3.65,-0.750000000000004));
#6237=CARTESIAN_POINT('',(1.45,-2.7,-0.750000000000005));
#6238=CARTESIAN_POINT('',(1.45,-2.7,-0.75));
#6239=CARTESIAN_POINT('',(1.45,-2.7,-0.450000000000006));
#6240=CARTESIAN_POINT('',(1.45,-2.7,-0.450000000000006));
#6241=CARTESIAN_POINT('',(1.45,2.7,-0.450000000000006));
#6242=CARTESIAN_POINT('Origin',(-1.45,-4.25,-0.750000000000005));
#6243=CARTESIAN_POINT('',(-1.45,-2.7,-0.750000000000005));
#6244=CARTESIAN_POINT('',(-1.45,-2.7,-0.450000000000006));
#6245=CARTESIAN_POINT('',(-1.45,-2.7,-0.750000000000005));
#6246=CARTESIAN_POINT('',(-1.45,-3.65,-0.750000000000004));
#6247=CARTESIAN_POINT('',(-1.45,-3.65,-0.750000000000004));
#6248=CARTESIAN_POINT('',(-1.45,-3.65,-4.302114E-15));
#6249=CARTESIAN_POINT('',(-1.45,-3.65,-4.32987E-15));
#6250=CARTESIAN_POINT('',(-1.45,3.65,-4.302114E-15));
#6251=CARTESIAN_POINT('',(-1.45,3.65,0.));
#6252=CARTESIAN_POINT('',(-1.45,3.65,-0.750000000000005));
#6253=CARTESIAN_POINT('',(-1.45,3.65,-0.750000000000005));
#6254=CARTESIAN_POINT('',(-1.45,2.7,-0.75));
#6255=CARTESIAN_POINT('',(-1.45,2.7,-0.75));
#6256=CARTESIAN_POINT('',(-1.45,2.7,-0.450000000000006));
#6257=CARTESIAN_POINT('',(-1.45,2.7,-0.450000000000006));
#6258=CARTESIAN_POINT('',(-1.45,-2.7,-0.450000000000006));
#6259=CARTESIAN_POINT('Origin',(0.,-4.25,2.15000000000001));
#6260=CARTESIAN_POINT('',(-1.75,-3.975,2.75000000000001));
#6261=CARTESIAN_POINT('',(-1.75,-3.975,2.75000000000001));
#6262=CARTESIAN_POINT('',(-1.75,-4.25,2.15000000000001));
#6263=CARTESIAN_POINT('',(-1.75,-3.975,2.75000000000001));
#6264=CARTESIAN_POINT('',(-1.75,-4.25,2.15000000000001));
#6265=CARTESIAN_POINT('Origin',(0.,-3.975,2.75000000000001));
#6266=CARTESIAN_POINT('',(1.375,-2.9,2.75000000000001));
#6267=CARTESIAN_POINT('Origin',(0.,-3.975,2.75000000000001));
#6268=CARTESIAN_POINT('',(-1.75,-2.9,2.75000000000001));
#6269=CARTESIAN_POINT('',(-1.75,-2.9,2.75000000000001));
#6270=CARTESIAN_POINT('',(-1.75,-2.9,2.75000000000001));
#6271=CARTESIAN_POINT('Origin',(0.,-2.9,2.75000000000001));
#6272=CARTESIAN_POINT('Origin',(0.,-2.9,2.75000000000001));
#6273=CARTESIAN_POINT('',(-1.75,-2.9,2.55));
#6274=CARTESIAN_POINT('Origin',(0.,2.9,2.55));
#6275=CARTESIAN_POINT('',(1.375,2.9,2.75000000000001));
#6276=CARTESIAN_POINT('Origin',(0.,2.9,2.55));
#6277=CARTESIAN_POINT('',(-1.75,2.9,2.75000000000001));
#6278=CARTESIAN_POINT('',(-1.75,2.9,2.75000000000001));
#6279=CARTESIAN_POINT('',(-1.75,2.9,2.75000000000001));
#6280=CARTESIAN_POINT('Origin',(0.,2.9,2.75000000000001));
#6281=CARTESIAN_POINT('',(1.375,3.975,2.75000000000001));
#6282=CARTESIAN_POINT('Origin',(0.,2.9,2.75000000000001));
#6283=CARTESIAN_POINT('',(-1.75,3.975,2.75000000000001));
#6284=CARTESIAN_POINT('Origin',(0.,4.25,2.15000000000001));
#6285=CARTESIAN_POINT('',(1.375,4.25,2.15000000000001));
#6286=CARTESIAN_POINT('Origin',(0.,3.975,2.75000000000001));
#6287=CARTESIAN_POINT('Origin',(0.,-2.7,-0.450000000000006));
#6288=CARTESIAN_POINT('',(0.85,-2.7,-0.450000000000006));
#6289=CARTESIAN_POINT('',(0.85,-2.7,-0.75));
#6290=CARTESIAN_POINT('Origin',(0.,2.7,-0.75));
#6291=CARTESIAN_POINT('',(0.85,2.7,-0.75));
#6292=CARTESIAN_POINT('',(0.85,2.7,-0.450000000000006));
#6293=CARTESIAN_POINT('Origin',(0.,-2.7,-0.75));
#6294=CARTESIAN_POINT('',(0.85,-3.65,-0.750000000000004));
#6295=CARTESIAN_POINT('Origin',(0.,3.65,-0.750000000000004));
#6296=CARTESIAN_POINT('',(0.85,3.65,-0.750000000000004));
#6297=CARTESIAN_POINT('Origin',(0.,-3.65,-0.750000000000004));
#6298=CARTESIAN_POINT('',(-0.85,-3.65,-0.450000000000005));
#6299=CARTESIAN_POINT('',(1.45,-3.65,-4.302114E-15));
#6300=CARTESIAN_POINT('',(-1.45,-3.65,-0.750000000000004));
#6301=CARTESIAN_POINT('Origin',(-1.75,1.561251E-16,1.04574901060489));
#6302=CARTESIAN_POINT('',(-1.75,-0.35,0.));
#6303=CARTESIAN_POINT('',(-1.75,-0.35,0.3));
#6304=CARTESIAN_POINT('',(-1.75,-0.35,0.));
#6305=CARTESIAN_POINT('',(-1.75,-2.15,0.));
#6306=CARTESIAN_POINT('',(-1.75,-2.15,-4.302114E-15));
#6307=CARTESIAN_POINT('',(-1.75,-2.15,0.3));
#6308=CARTESIAN_POINT('',(-1.75,-2.15,0.3));
#6309=CARTESIAN_POINT('',(-1.75,-2.85,0.3));
#6310=CARTESIAN_POINT('',(-1.75,-2.85,0.3));
#6311=CARTESIAN_POINT('',(-1.75,-2.85,0.));
#6312=CARTESIAN_POINT('',(-1.75,-2.85,0.));
#6313=CARTESIAN_POINT('',(-1.75,-3.975,-4.718448E-15));
#6314=CARTESIAN_POINT('',(-1.75,-3.975,-4.302114E-15));
#6315=CARTESIAN_POINT('',(-1.75,-3.975,1.55000000000001));
#6316=CARTESIAN_POINT('',(-1.75,-4.25,2.15000000000001));
#6317=CARTESIAN_POINT('',(-1.75,3.975,-4.302114E-15));
#6318=CARTESIAN_POINT('',(-1.75,3.975,-4.302114E-15));
#6319=CARTESIAN_POINT('',(-1.75,2.85,0.));
#6320=CARTESIAN_POINT('',(-1.75,2.85,-4.302114E-15));
#6321=CARTESIAN_POINT('',(-1.75,2.85,0.3));
#6322=CARTESIAN_POINT('',(-1.75,2.85,0.3));
#6323=CARTESIAN_POINT('',(-1.75,2.15,0.3));
#6324=CARTESIAN_POINT('',(-1.75,2.15,0.3));
#6325=CARTESIAN_POINT('',(-1.75,2.15,0.));
#6326=CARTESIAN_POINT('',(-1.75,2.15,0.));
#6327=CARTESIAN_POINT('',(-1.75,0.35,0.));
#6328=CARTESIAN_POINT('',(-1.75,0.35,-4.302114E-15));
#6329=CARTESIAN_POINT('',(-1.75,0.35,0.3));
#6330=CARTESIAN_POINT('',(-1.75,0.35,0.3));
#6331=CARTESIAN_POINT('',(-1.75,-0.35,0.3));
#6332=CARTESIAN_POINT('Origin',(0.,-3.975,-4.718448E-15));
#6333=CARTESIAN_POINT('',(-1.75,-3.975,-4.718448E-15));
#6334=CARTESIAN_POINT('Origin',(0.,-4.25,1.55000000000001));
#6335=CARTESIAN_POINT('Origin',(0.,3.975,1.55000000000001));
#6336=CARTESIAN_POINT('',(-1.75,3.975,-4.302114E-15));
#6337=CARTESIAN_POINT('Origin',(0.,3.65,-4.302114E-15));
#6338=CARTESIAN_POINT('',(-1.45,3.65,-0.750000000000004));
#6339=CARTESIAN_POINT('',(-1.45,3.65,-4.302114E-15));
#6340=CARTESIAN_POINT('',(0.85,3.65,-0.450000000000005));
#6341=CARTESIAN_POINT('Origin',(0.,3.65,-0.750000000000004));
#6342=CARTESIAN_POINT('',(-1.45,2.7,-0.75));
#6343=CARTESIAN_POINT('Origin',(0.,2.7,-0.75));
#6344=CARTESIAN_POINT('',(-1.45,2.7,-0.450000000000006));
#6345=CARTESIAN_POINT('Origin',(0.,2.7,-0.450000000000006));
#6346=CARTESIAN_POINT('',(-1.45,-2.7,-0.450000000000006));
#6347=CARTESIAN_POINT('Origin',(0.,-2.7,-0.450000000000006));
#6348=CARTESIAN_POINT('',(-1.45,-2.7,-0.75));
#6349=CARTESIAN_POINT('Origin',(0.,-2.7,-0.75));
#6350=CARTESIAN_POINT('Origin',(1.15,2.85,0.));
#6351=CARTESIAN_POINT('',(2.25,2.85,0.3));
#6352=CARTESIAN_POINT('',(1.75,2.85,0.3));
#6353=CARTESIAN_POINT('',(2.25,2.85,0.));
#6354=CARTESIAN_POINT('',(2.25,2.85,0.3));
#6355=CARTESIAN_POINT('',(2.25,2.85,0.));
#6356=CARTESIAN_POINT('Origin',(-0.02700880957483,-0.092337810512235,0.3));
#6357=CARTESIAN_POINT('',(2.25,2.15,0.3));
#6358=CARTESIAN_POINT('',(1.75,2.15,0.3));
#6359=CARTESIAN_POINT('',(2.25,2.15,0.3));
#6360=CARTESIAN_POINT('Origin',(-0.02700880957483,-0.092337810512235,0.3));
#6361=CARTESIAN_POINT('',(-2.85,2.85,0.3));
#6362=CARTESIAN_POINT('',(-2.85,2.85,0.3));
#6363=CARTESIAN_POINT('',(-2.95,2.75,0.3));
#6364=CARTESIAN_POINT('',(-2.95,2.75,0.3));
#6365=CARTESIAN_POINT('',(-5.15,2.75,0.3));
#6366=CARTESIAN_POINT('',(-5.15,2.75,0.3));
#6367=CARTESIAN_POINT('',(-5.65,2.66666666666667,0.3));
#6368=CARTESIAN_POINT('',(-5.65,2.66666666666667,0.3));
#6369=CARTESIAN_POINT('',(-5.65,2.33333333333333,0.3));
#6370=CARTESIAN_POINT('',(-5.65,2.66666666666667,0.3));
#6371=CARTESIAN_POINT('',(-5.15,2.25,0.3));
#6372=CARTESIAN_POINT('',(-5.65,2.33333333333334,0.3));
#6373=CARTESIAN_POINT('',(-2.95,2.25,0.3));
#6374=CARTESIAN_POINT('',(-5.15,2.25,0.3));
#6375=CARTESIAN_POINT('',(-2.85,2.15,0.3));
#6376=CARTESIAN_POINT('',(-2.95,2.25,0.3));
#6377=CARTESIAN_POINT('',(-2.85,2.15,0.3));
#6378=CARTESIAN_POINT('Origin',(-2.85,2.15,0.));
#6379=CARTESIAN_POINT('',(-2.85,2.15,0.));
#6380=CARTESIAN_POINT('',(-2.85,2.15,0.));
#6381=CARTESIAN_POINT('',(-1.75,2.15,0.));
#6382=CARTESIAN_POINT('Origin',(-0.027008809574829,-0.092337810512235,0.));
#6383=CARTESIAN_POINT('Origin',(-2.85,2.85,0.));
#6384=CARTESIAN_POINT('',(-2.85,2.85,0.));
#6385=CARTESIAN_POINT('',(-1.75,2.85,0.));
#6386=CARTESIAN_POINT('',(-2.85,2.85,0.));
#6387=CARTESIAN_POINT('Origin',(-2.95,2.75,0.));
#6388=CARTESIAN_POINT('',(-2.95,2.75,0.));
#6389=CARTESIAN_POINT('',(-2.85,2.85,0.));
#6390=CARTESIAN_POINT('',(-2.95,2.75,0.));
#6391=CARTESIAN_POINT('Origin',(-5.15,2.75,0.));
#6392=CARTESIAN_POINT('',(-5.15,2.75,0.));
#6393=CARTESIAN_POINT('',(-2.95,2.75,0.));
#6394=CARTESIAN_POINT('',(-5.15,2.75,0.));
#6395=CARTESIAN_POINT('Origin',(-2.95,2.25,0.));
#6396=CARTESIAN_POINT('',(-2.95,2.25,0.));
#6397=CARTESIAN_POINT('',(-2.95,2.25,0.));
#6398=CARTESIAN_POINT('',(-2.85,2.15,0.));
#6399=CARTESIAN_POINT('Origin',(-5.15,2.25,0.));
#6400=CARTESIAN_POINT('',(-5.15,2.25,0.));
#6401=CARTESIAN_POINT('',(-5.15,2.25,0.));
#6402=CARTESIAN_POINT('',(-2.95,2.25,0.));
#6403=CARTESIAN_POINT('Origin',(-5.75,2.35,0.));
#6404=CARTESIAN_POINT('',(-5.65,2.33333333333333,0.));
#6405=CARTESIAN_POINT('',(-5.65,2.33333333333333,0.3));
#6406=CARTESIAN_POINT('',(-5.15,2.25,0.));
#6407=CARTESIAN_POINT('Origin',(1.15,2.15,0.));
#6408=CARTESIAN_POINT('',(2.25,2.15,0.));
#6409=CARTESIAN_POINT('',(2.25,2.15,0.));
#6410=CARTESIAN_POINT('',(2.25,2.15,0.));
#6411=CARTESIAN_POINT('Origin',(-5.75,2.65,0.));
#6412=CARTESIAN_POINT('',(-5.65,2.66666666666667,0.));
#6413=CARTESIAN_POINT('',(-5.65,2.66666666666667,0.));
#6414=CARTESIAN_POINT('',(-5.15,2.75,0.));
#6415=CARTESIAN_POINT('Origin',(2.25,2.15,0.3));
#6416=CARTESIAN_POINT('',(2.25,2.85,0.));
#6417=CARTESIAN_POINT('Origin',(-5.65,2.66666666666667,0.3));
#6418=CARTESIAN_POINT('',(-5.65,2.33333333333333,0.));
#6419=CARTESIAN_POINT('Origin',(-1.15,-2.15,0.));
#6420=CARTESIAN_POINT('',(-2.85,-2.15,0.));
#6421=CARTESIAN_POINT('',(-2.85,-2.15,0.));
#6422=CARTESIAN_POINT('',(-2.85,-2.15,0.3));
#6423=CARTESIAN_POINT('',(-2.85,-2.15,0.));
#6424=CARTESIAN_POINT('',(-1.75,-2.15,0.3));
#6425=CARTESIAN_POINT('Origin',(-0.02700880957483,-0.092337810512235,0.3));
#6426=CARTESIAN_POINT('',(2.25,-2.85,0.3));
#6427=CARTESIAN_POINT('',(2.25,-2.85,0.3));
#6428=CARTESIAN_POINT('',(2.25,-2.15,0.3));
#6429=CARTESIAN_POINT('',(2.25,-2.85,0.3));
#6430=CARTESIAN_POINT('',(2.25,-2.15,0.3));
#6431=CARTESIAN_POINT('Origin',(2.85,-2.85,0.));
#6432=CARTESIAN_POINT('',(2.25,-2.85,0.));
#6433=CARTESIAN_POINT('',(1.75,-2.85,0.));
#6434=CARTESIAN_POINT('',(2.25,-2.85,0.));
#6435=CARTESIAN_POINT('Origin',(-5.65,-2.33333333333334,0.3));
#6436=CARTESIAN_POINT('',(-5.65,-2.33333333333334,0.3));
#6437=CARTESIAN_POINT('',(-5.65,-2.66666666666667,0.3));
#6438=CARTESIAN_POINT('',(-5.65,-2.33333333333334,0.3));
#6439=CARTESIAN_POINT('',(-5.65,-2.33333333333334,0.));
#6440=CARTESIAN_POINT('',(-5.65,-2.33333333333334,0.));
#6441=CARTESIAN_POINT('',(-5.65,-2.66666666666667,0.));
#6442=CARTESIAN_POINT('',(-5.65,-2.66666666666667,0.));
#6443=CARTESIAN_POINT('',(-5.65,-2.66666666666667,0.3));
#6444=CARTESIAN_POINT('Origin',(2.25,-2.85,0.3));
#6445=CARTESIAN_POINT('',(2.25,-2.15,0.));
#6446=CARTESIAN_POINT('',(2.25,-2.15,0.));
#6447=CARTESIAN_POINT('',(2.25,-2.15,0.3));
#6448=CARTESIAN_POINT('Origin',(-5.15,-2.75,0.));
#6449=CARTESIAN_POINT('',(-5.15,-2.75,0.));
#6450=CARTESIAN_POINT('',(-5.65,-2.66666666666667,0.));
#6451=CARTESIAN_POINT('',(-5.15,-2.75,0.3));
#6452=CARTESIAN_POINT('',(-5.15,-2.75,0.));
#6453=CARTESIAN_POINT('',(-5.15,-2.75,0.3));
#6454=CARTESIAN_POINT('Origin',(2.85,-2.15,0.));
#6455=CARTESIAN_POINT('',(1.75,-2.15,0.));
#6456=CARTESIAN_POINT('Origin',(-0.027008809574829,-0.092337810512235,0.));
#6457=CARTESIAN_POINT('Origin',(-0.02700880957483,-0.092337810512235,0.3));
#6458=CARTESIAN_POINT('',(-2.95,-2.25,0.3));
#6459=CARTESIAN_POINT('',(-2.85,-2.15,0.3));
#6460=CARTESIAN_POINT('',(-5.15,-2.25,0.3));
#6461=CARTESIAN_POINT('',(-2.95,-2.25,0.3));
#6462=CARTESIAN_POINT('',(-5.15,-2.25,0.3));
#6463=CARTESIAN_POINT('',(-2.95,-2.75,0.3));
#6464=CARTESIAN_POINT('',(-2.95,-2.75,0.3));
#6465=CARTESIAN_POINT('',(-2.85,-2.85,0.3));
#6466=CARTESIAN_POINT('',(-2.85,-2.85,0.3));
#6467=CARTESIAN_POINT('',(-1.75,-2.85,0.3));
#6468=CARTESIAN_POINT('Origin',(-2.85,-2.15,0.));
#6469=CARTESIAN_POINT('',(-2.95,-2.25,0.));
#6470=CARTESIAN_POINT('',(-2.95,-2.25,0.));
#6471=CARTESIAN_POINT('',(-2.95,-2.25,0.));
#6472=CARTESIAN_POINT('Origin',(-2.95,-2.25,0.));
#6473=CARTESIAN_POINT('',(-5.15,-2.25,0.));
#6474=CARTESIAN_POINT('',(-5.15,-2.25,0.));
#6475=CARTESIAN_POINT('',(-5.15,-2.25,0.));
#6476=CARTESIAN_POINT('Origin',(-5.15,-2.25,0.));
#6477=CARTESIAN_POINT('',(-5.65,-2.33333333333334,0.));
#6478=CARTESIAN_POINT('Origin',(-1.15,-2.85,0.));
#6479=CARTESIAN_POINT('',(-2.85,-2.85,0.));
#6480=CARTESIAN_POINT('',(-2.85,-2.85,0.));
#6481=CARTESIAN_POINT('',(-2.85,-2.85,0.));
#6482=CARTESIAN_POINT('Origin',(-2.85,-2.85,0.));
#6483=CARTESIAN_POINT('',(-2.95,-2.75,0.));
#6484=CARTESIAN_POINT('',(-2.95,-2.75,0.));
#6485=CARTESIAN_POINT('',(-2.95,-2.75,0.));
#6486=CARTESIAN_POINT('Origin',(-2.95,-2.75,0.));
#6487=CARTESIAN_POINT('',(-5.15,-2.75,0.));
#6488=CARTESIAN_POINT('Origin',(-2.85,-0.350000000000001,0.));
#6489=CARTESIAN_POINT('',(-2.85,-0.350000000000001,0.3));
#6490=CARTESIAN_POINT('',(-2.85,-0.350000000000001,0.3));
#6491=CARTESIAN_POINT('',(-2.85,-0.350000000000001,0.));
#6492=CARTESIAN_POINT('',(-2.85,-0.350000000000001,0.));
#6493=CARTESIAN_POINT('',(-1.75,-0.35,0.));
#6494=CARTESIAN_POINT('Origin',(2.85,0.350000000000001,0.));
#6495=CARTESIAN_POINT('',(2.25,0.35,0.3));
#6496=CARTESIAN_POINT('',(2.25,0.350000000000001,0.3));
#6497=CARTESIAN_POINT('',(2.25,0.35,0.));
#6498=CARTESIAN_POINT('',(2.25,0.350000000000001,0.3));
#6499=CARTESIAN_POINT('',(1.75,0.35,0.));
#6500=CARTESIAN_POINT('Origin',(-0.02700880957483,-0.092337810512235,0.3));
#6501=CARTESIAN_POINT('',(2.25,-0.349999999999999,0.3));
#6502=CARTESIAN_POINT('',(1.75,-0.349999999999999,0.3));
#6503=CARTESIAN_POINT('',(2.25,-0.349999999999999,0.3));
#6504=CARTESIAN_POINT('Origin',(-0.027008809574829,-0.092337810512235,0.));
#6505=CARTESIAN_POINT('',(2.25,-0.349999999999999,0.));
#6506=CARTESIAN_POINT('',(2.25,0.35,0.));
#6507=CARTESIAN_POINT('',(2.25,-0.349999999999999,0.));
#6508=CARTESIAN_POINT('',(-2.95,-0.250000000000001,0.));
#6509=CARTESIAN_POINT('',(-2.85,-0.350000000000001,0.));
#6510=CARTESIAN_POINT('',(-5.15,-0.250000000000003,0.));
#6511=CARTESIAN_POINT('',(-2.95,-0.250000000000002,0.));
#6512=CARTESIAN_POINT('',(-5.65,-0.166666666666671,0.));
#6513=CARTESIAN_POINT('',(-5.15,-0.250000000000003,0.));
#6514=CARTESIAN_POINT('',(-5.65,0.166666666666667,0.));
#6515=CARTESIAN_POINT('',(-5.65,-0.166666666666671,0.));
#6516=CARTESIAN_POINT('',(-5.15,0.25,0.));
#6517=CARTESIAN_POINT('',(-5.65,0.166666666666667,0.));
#6518=CARTESIAN_POINT('',(-2.95,0.25,0.));
#6519=CARTESIAN_POINT('',(-5.15,0.25,0.));
#6520=CARTESIAN_POINT('',(-2.85,0.35,0.));
#6521=CARTESIAN_POINT('',(-2.95,0.25,0.));
#6522=CARTESIAN_POINT('',(-2.85,0.35,0.));
#6523=CARTESIAN_POINT('Origin',(-5.65,0.166666666666667,0.3));
#6524=CARTESIAN_POINT('',(-5.65,0.166666666666667,0.3));
#6525=CARTESIAN_POINT('',(-5.65,-0.166666666666671,0.3));
#6526=CARTESIAN_POINT('',(-5.65,0.166666666666667,0.3));
#6527=CARTESIAN_POINT('',(-5.65,0.166666666666667,0.));
#6528=CARTESIAN_POINT('',(-5.65,-0.16666666666667,0.3));
#6529=CARTESIAN_POINT('Origin',(2.25,-0.349999999999999,0.3));
#6530=CARTESIAN_POINT('',(2.25,-0.349999999999999,0.));
#6531=CARTESIAN_POINT('Origin',(-5.15,0.25,0.));
#6532=CARTESIAN_POINT('',(-5.15,0.25,0.3));
#6533=CARTESIAN_POINT('',(-5.15,0.25,0.3));
#6534=CARTESIAN_POINT('',(-5.15,0.25,0.));
#6535=CARTESIAN_POINT('Origin',(-0.027008809574829,-0.092337810512235,0.));
#6536=CARTESIAN_POINT('Origin',(-0.02700880957483,-0.092337810512235,0.3));
#6537=CARTESIAN_POINT('',(-2.85,0.35,0.3));
#6538=CARTESIAN_POINT('',(-1.75,0.35,0.3));
#6539=CARTESIAN_POINT('',(-2.95,0.25,0.3));
#6540=CARTESIAN_POINT('',(-2.85,0.35,0.3));
#6541=CARTESIAN_POINT('',(-2.95,0.25,0.3));
#6542=CARTESIAN_POINT('',(-5.15,-0.250000000000003,0.3));
#6543=CARTESIAN_POINT('',(-5.65,-0.16666666666667,0.3));
#6544=CARTESIAN_POINT('',(-2.95,-0.250000000000001,0.3));
#6545=CARTESIAN_POINT('',(-5.15,-0.250000000000003,0.3));
#6546=CARTESIAN_POINT('',(-2.95,-0.250000000000001,0.3));
#6547=CARTESIAN_POINT('Origin',(1.15,-0.349999999999999,0.));
#6548=CARTESIAN_POINT('Origin',(-5.75,-0.150000000000003,0.));
#6549=CARTESIAN_POINT('',(-5.15,-0.250000000000003,0.));
#6550=CARTESIAN_POINT('Origin',(-5.15,-0.250000000000003,0.));
#6551=CARTESIAN_POINT('',(-2.95,-0.250000000000001,0.));
#6552=CARTESIAN_POINT('Origin',(-2.95,-0.250000000000001,0.));
#6553=CARTESIAN_POINT('Origin',(-1.15,0.35,0.));
#6554=CARTESIAN_POINT('',(-2.85,0.35,0.));
#6555=CARTESIAN_POINT('Origin',(-2.85,0.35,0.));
#6556=CARTESIAN_POINT('',(-2.95,0.25,0.));
#6557=CARTESIAN_POINT('Origin',(-2.95,0.25,0.));
#6558=UNCERTAINTY_MEASURE_WITH_UNIT(LENGTH_MEASURE(0.01),#6562,
'DISTANCE_ACCURACY_VALUE',
'Maximum model space distance between geometric entities at asserted c
onnectivities');
#6559=UNCERTAINTY_MEASURE_WITH_UNIT(LENGTH_MEASURE(0.01),#6562,
'DISTANCE_ACCURACY_VALUE',
'Maximum model space distance between geometric entities at asserted c
onnectivities');
#6560=(
GEOMETRIC_REPRESENTATION_CONTEXT(3)
GLOBAL_UNCERTAINTY_ASSIGNED_CONTEXT((#6558))
GLOBAL_UNIT_ASSIGNED_CONTEXT((#6562,#6564,#6565))
REPRESENTATION_CONTEXT('','3D')
);
#6561=(
GEOMETRIC_REPRESENTATION_CONTEXT(3)
GLOBAL_UNCERTAINTY_ASSIGNED_CONTEXT((#6559))
GLOBAL_UNIT_ASSIGNED_CONTEXT((#6562,#6564,#6565))
REPRESENTATION_CONTEXT('','3D')
);
#6562=(
LENGTH_UNIT()
NAMED_UNIT(*)
SI_UNIT(.MILLI.,.METRE.)
);
#6563=(
LENGTH_UNIT()
NAMED_UNIT(*)
SI_UNIT(.CENTI.,.METRE.)
);
#6564=(
NAMED_UNIT(*)
PLANE_ANGLE_UNIT()
SI_UNIT($,.RADIAN.)
);
#6565=(
NAMED_UNIT(*)
SI_UNIT($,.STERADIAN.)
SOLID_ANGLE_UNIT()
);
#6566=SHAPE_DEFINITION_REPRESENTATION(#6567,#6568);
#6567=PRODUCT_DEFINITION_SHAPE('',$,#6570);
#6568=SHAPE_REPRESENTATION('',(#4178),#6560);
#6569=PRODUCT_DEFINITION_CONTEXT('part definition',#6574,'design');
#6570=PRODUCT_DEFINITION('EG1270','EG1270',#6571,#6569);
#6571=PRODUCT_DEFINITION_FORMATION('',$,#6576);
#6572=PRODUCT_RELATED_PRODUCT_CATEGORY('EG1270','EG1270',(#6576));
#6573=APPLICATION_PROTOCOL_DEFINITION('international standard',
'automotive_design',2009,#6574);
#6574=APPLICATION_CONTEXT(
'Core Data for Automotive Mechanical Design Process');
#6575=PRODUCT_CONTEXT('part definition',#6574,'mechanical');
#6576=PRODUCT('EG1270','EG1270',$,(#6575));
#6577=PRESENTATION_STYLE_ASSIGNMENT((#6582));
#6578=PRESENTATION_STYLE_ASSIGNMENT((#6583));
#6579=PRESENTATION_STYLE_ASSIGNMENT((#6584));
#6580=PRESENTATION_STYLE_ASSIGNMENT((#6585));
#6581=PRESENTATION_STYLE_ASSIGNMENT((#6586));
#6582=SURFACE_STYLE_USAGE(.BOTH.,#6597);
#6583=SURFACE_STYLE_USAGE(.BOTH.,#6598);
#6584=SURFACE_STYLE_USAGE(.BOTH.,#6599);
#6585=SURFACE_STYLE_USAGE(.BOTH.,#6600);
#6586=SURFACE_STYLE_USAGE(.BOTH.,#6601);
#6587=SURFACE_STYLE_RENDERING_WITH_PROPERTIES($,#6617,(#6592));
#6588=SURFACE_STYLE_RENDERING_WITH_PROPERTIES($,#6618,(#6593));
#6589=SURFACE_STYLE_RENDERING_WITH_PROPERTIES($,#6619,(#6594));
#6590=SURFACE_STYLE_RENDERING_WITH_PROPERTIES($,#6620,(#6595));
#6591=SURFACE_STYLE_RENDERING_WITH_PROPERTIES($,#6621,(#6596));
#6592=SURFACE_STYLE_TRANSPARENT(0.);
#6593=SURFACE_STYLE_TRANSPARENT(0.);
#6594=SURFACE_STYLE_TRANSPARENT(0.);
#6595=SURFACE_STYLE_TRANSPARENT(0.);
#6596=SURFACE_STYLE_TRANSPARENT(0.);
#6597=SURFACE_SIDE_STYLE('',(#6602,#6587));
#6598=SURFACE_SIDE_STYLE('',(#6603,#6588));
#6599=SURFACE_SIDE_STYLE('',(#6604,#6589));
#6600=SURFACE_SIDE_STYLE('',(#6605,#6590));
#6601=SURFACE_SIDE_STYLE('',(#6606,#6591));
#6602=SURFACE_STYLE_FILL_AREA(#6607);
#6603=SURFACE_STYLE_FILL_AREA(#6608);
#6604=SURFACE_STYLE_FILL_AREA(#6609);
#6605=SURFACE_STYLE_FILL_AREA(#6610);
#6606=SURFACE_STYLE_FILL_AREA(#6611);
#6607=FILL_AREA_STYLE('',(#6612));
#6608=FILL_AREA_STYLE('',(#6613));
#6609=FILL_AREA_STYLE('',(#6614));
#6610=FILL_AREA_STYLE('',(#6615));
#6611=FILL_AREA_STYLE('',(#6616));
#6612=FILL_AREA_STYLE_COLOUR('',#6617);
#6613=FILL_AREA_STYLE_COLOUR('',#6618);
#6614=FILL_AREA_STYLE_COLOUR('',#6619);
#6615=FILL_AREA_STYLE_COLOUR('',#6620);
#6616=FILL_AREA_STYLE_COLOUR('',#6621);
#6617=COLOUR_RGB('',0.749019607843137,0.749019607843137,0.749019607843137);
#6618=COLOUR_RGB('',0.250980392156863,0.250980392156863,0.250980392156863);
#6619=COLOUR_RGB('',0.250980392156863,0.250980392156863,0.250980392156863);
#6620=COLOUR_RGB('',0.768627450980392,0.756862745098039,0.596078431372549);
#6621=COLOUR_RGB('',0.796078431372549,0.603921568627451,0.231372549019608);
ENDSEC;
END-ISO-10303-21;
