ISO-10303-21;
HEADER;
/* Generated by software containing ST-Developer
 * from STEP Tools, Inc. (www.steptools.com) 
 */

FILE_DESCRIPTION(
/* description */ (''),
/* implementation_level */ '2;1');

FILE_NAME(
/* name */ 'TFT-Enclouser-V2.0.step',
/* time_stamp */ '2026-04-11T14:07:53+05:30',
/* author */ (''),
/* organization */ (''),
/* preprocessor_version */ 'ST-DEVELOPER v20.1',
/* originating_system */ 'Autodesk Translation Framework v14.24.0.0',
/* authorisation */ '');

FILE_SCHEMA (('AUTOMOTIVE_DESIGN { 1 0 10303 214 3 1 1 }'));
ENDSEC;

DATA;
#10=MECHANICAL_DESIGN_GEOMETRIC_PRESENTATION_REPRESENTATION('',(#27,#28,
#29),#3308);
#11=ITEM_DEFINED_TRANSFORMATION($,$,#1970,#2160);
#12=ITEM_DEFINED_TRANSFORMATION($,$,#1971,#2161);
#13=(
REPRESENTATION_RELATIONSHIP($,$,#3322,#3321)
REPRESENTATION_RELATIONSHIP_WITH_TRANSFORMATION(#11)
SHAPE_REPRESENTATION_RELATIONSHIP()
);
#14=(
REPRESENTATION_RELATIONSHIP($,$,#3323,#3321)
REPRESENTATION_RELATIONSHIP_WITH_TRANSFORMATION(#12)
SHAPE_REPRESENTATION_RELATIONSHIP()
);
#15=CONTEXT_DEPENDENT_SHAPE_REPRESENTATION(#13,#3319);
#16=CONTEXT_DEPENDENT_SHAPE_REPRESENTATION(#14,#3320);
#17=NEXT_ASSEMBLY_USAGE_OCCURRENCE('BOX:1','BOX:1','BOX:1',#3325,#3326,
'BOX:1');
#18=NEXT_ASSEMBLY_USAGE_OCCURRENCE('CAP:1','CAP:1','CAP:1',#3325,#3327,
'CAP:1');
#19=B_SPLINE_CURVE_WITH_KNOTS('',3,(#2927,#2928,#2929,#2930,#2931,#2932,
#2933,#2934,#2935,#2936,#2937,#2938),.UNSPECIFIED.,.F.,.F.,(4,2,2,2,2,4),
(0.887737427289952,0.958751815795763,1.03645410064693,1.06246077125516,
1.07546410655928,1.08846744186339),.UNSPECIFIED.);
#20=B_SPLINE_CURVE_WITH_KNOTS('',3,(#2941,#2942,#2943,#2944,#2945,#2946,
#2947,#2948,#2949,#2950,#2951,#2952),.UNSPECIFIED.,.F.,.F.,(4,2,2,2,2,4),
(1.08846744186339,1.10147077716751,1.11447411247162,1.14048078307986,1.21818306793102,
1.28919745643683),.UNSPECIFIED.);
#21=ELLIPSE('',#2007,4.24264068711929,3.);
#22=ELLIPSE('',#2010,4.24264068711929,3.);
#23=SHAPE_REPRESENTATION_RELATIONSHIP('SRR','None',#3323,#25);
#24=SHAPE_REPRESENTATION_RELATIONSHIP('SRR','None',#3321,#26);
#25=ADVANCED_BREP_SHAPE_REPRESENTATION('',(#30),#3307);
#26=ADVANCED_BREP_SHAPE_REPRESENTATION('',(#31,#32),#3305);
#27=STYLED_ITEM('',(#3340),#30);
#28=STYLED_ITEM('',(#3340),#31);
#29=STYLED_ITEM('',(#3340),#32);
#30=MANIFOLD_SOLID_BREP('Body1',#1943);
#31=MANIFOLD_SOLID_BREP('Body2',#1944);
#32=MANIFOLD_SOLID_BREP('Body3',#1945);
#33=FACE_BOUND('',#251,.T.);
#34=FACE_BOUND('',#252,.T.);
#35=FACE_BOUND('',#253,.T.);
#36=FACE_BOUND('',#254,.T.);
#37=FACE_BOUND('',#256,.T.);
#38=FACE_BOUND('',#257,.T.);
#39=FACE_BOUND('',#258,.T.);
#40=FACE_BOUND('',#259,.T.);
#41=FACE_BOUND('',#272,.T.);
#42=FACE_BOUND('',#273,.T.);
#43=FACE_BOUND('',#274,.T.);
#44=FACE_BOUND('',#275,.T.);
#45=FACE_BOUND('',#294,.T.);
#46=FACE_BOUND('',#295,.T.);
#47=FACE_BOUND('',#298,.T.);
#48=FACE_BOUND('',#299,.T.);
#49=FACE_BOUND('',#302,.T.);
#50=FACE_BOUND('',#303,.T.);
#51=FACE_BOUND('',#304,.T.);
#52=FACE_BOUND('',#307,.T.);
#53=FACE_BOUND('',#310,.T.);
#54=FACE_BOUND('',#313,.T.);
#55=FACE_BOUND('',#316,.T.);
#56=FACE_BOUND('',#347,.T.);
#57=FACE_BOUND('',#355,.T.);
#58=FACE_BOUND('',#356,.T.);
#59=FACE_BOUND('',#357,.T.);
#60=FACE_BOUND('',#358,.T.);
#61=FACE_BOUND('',#359,.T.);
#62=FACE_BOUND('',#361,.T.);
#63=FACE_BOUND('',#362,.T.);
#64=FACE_BOUND('',#363,.T.);
#65=FACE_BOUND('',#364,.T.);
#66=FACE_BOUND('',#365,.T.);
#67=FACE_BOUND('',#369,.T.);
#68=FACE_BOUND('',#370,.T.);
#69=FACE_BOUND('',#371,.T.);
#70=FACE_BOUND('',#372,.T.);
#71=FACE_BOUND('',#373,.T.);
#72=PLANE('',#1987);
#73=PLANE('',#1991);
#74=PLANE('',#1995);
#75=PLANE('',#1999);
#76=PLANE('',#2000);
#77=PLANE('',#2001);
#78=PLANE('',#2008);
#79=PLANE('',#2012);
#80=PLANE('',#2013);
#81=PLANE('',#2014);
#82=PLANE('',#2015);
#83=PLANE('',#2016);
#84=PLANE('',#2017);
#85=PLANE('',#2018);
#86=PLANE('',#2019);
#87=PLANE('',#2024);
#88=PLANE('',#2025);
#89=PLANE('',#2026);
#90=PLANE('',#2027);
#91=PLANE('',#2028);
#92=PLANE('',#2035);
#93=PLANE('',#2038);
#94=PLANE('',#2041);
#95=PLANE('',#2044);
#96=PLANE('',#2053);
#97=PLANE('',#2054);
#98=PLANE('',#2055);
#99=PLANE('',#2056);
#100=PLANE('',#2057);
#101=PLANE('',#2061);
#102=PLANE('',#2066);
#103=PLANE('',#2071);
#104=PLANE('',#2076);
#105=PLANE('',#2080);
#106=PLANE('',#2083);
#107=PLANE('',#2086);
#108=PLANE('',#2089);
#109=PLANE('',#2090);
#110=PLANE('',#2098);
#111=PLANE('',#2100);
#112=PLANE('',#2106);
#113=PLANE('',#2108);
#114=PLANE('',#2111);
#115=PLANE('',#2113);
#116=PLANE('',#2116);
#117=PLANE('',#2117);
#118=PLANE('',#2118);
#119=PLANE('',#2119);
#120=PLANE('',#2132);
#121=PLANE('',#2139);
#122=PLANE('',#2143);
#123=PLANE('',#2147);
#124=PLANE('',#2148);
#125=PLANE('',#2151);
#126=PLANE('',#2152);
#127=PLANE('',#2153);
#128=PLANE('',#2154);
#129=PLANE('',#2155);
#130=PLANE('',#2156);
#131=PLANE('',#2157);
#132=PLANE('',#2158);
#133=PLANE('',#2159);
#134=FACE_OUTER_BOUND('',#238,.T.);
#135=FACE_OUTER_BOUND('',#239,.T.);
#136=FACE_OUTER_BOUND('',#240,.T.);
#137=FACE_OUTER_BOUND('',#241,.T.);
#138=FACE_OUTER_BOUND('',#242,.T.);
#139=FACE_OUTER_BOUND('',#243,.T.);
#140=FACE_OUTER_BOUND('',#244,.T.);
#141=FACE_OUTER_BOUND('',#245,.T.);
#142=FACE_OUTER_BOUND('',#246,.T.);
#143=FACE_OUTER_BOUND('',#247,.T.);
#144=FACE_OUTER_BOUND('',#248,.T.);
#145=FACE_OUTER_BOUND('',#249,.T.);
#146=FACE_OUTER_BOUND('',#250,.T.);
#147=FACE_OUTER_BOUND('',#255,.T.);
#148=FACE_OUTER_BOUND('',#260,.T.);
#149=FACE_OUTER_BOUND('',#261,.T.);
#150=FACE_OUTER_BOUND('',#262,.T.);
#151=FACE_OUTER_BOUND('',#263,.T.);
#152=FACE_OUTER_BOUND('',#264,.T.);
#153=FACE_OUTER_BOUND('',#265,.T.);
#154=FACE_OUTER_BOUND('',#266,.T.);
#155=FACE_OUTER_BOUND('',#267,.T.);
#156=FACE_OUTER_BOUND('',#268,.T.);
#157=FACE_OUTER_BOUND('',#269,.T.);
#158=FACE_OUTER_BOUND('',#270,.T.);
#159=FACE_OUTER_BOUND('',#271,.T.);
#160=FACE_OUTER_BOUND('',#276,.T.);
#161=FACE_OUTER_BOUND('',#277,.T.);
#162=FACE_OUTER_BOUND('',#278,.T.);
#163=FACE_OUTER_BOUND('',#279,.T.);
#164=FACE_OUTER_BOUND('',#280,.T.);
#165=FACE_OUTER_BOUND('',#281,.T.);
#166=FACE_OUTER_BOUND('',#282,.T.);
#167=FACE_OUTER_BOUND('',#283,.T.);
#168=FACE_OUTER_BOUND('',#284,.T.);
#169=FACE_OUTER_BOUND('',#285,.T.);
#170=FACE_OUTER_BOUND('',#286,.T.);
#171=FACE_OUTER_BOUND('',#287,.T.);
#172=FACE_OUTER_BOUND('',#288,.T.);
#173=FACE_OUTER_BOUND('',#289,.T.);
#174=FACE_OUTER_BOUND('',#290,.T.);
#175=FACE_OUTER_BOUND('',#291,.T.);
#176=FACE_OUTER_BOUND('',#292,.T.);
#177=FACE_OUTER_BOUND('',#293,.T.);
#178=FACE_OUTER_BOUND('',#296,.T.);
#179=FACE_OUTER_BOUND('',#297,.T.);
#180=FACE_OUTER_BOUND('',#300,.T.);
#181=FACE_OUTER_BOUND('',#301,.T.);
#182=FACE_OUTER_BOUND('',#305,.T.);
#183=FACE_OUTER_BOUND('',#306,.T.);
#184=FACE_OUTER_BOUND('',#308,.T.);
#185=FACE_OUTER_BOUND('',#309,.T.);
#186=FACE_OUTER_BOUND('',#311,.T.);
#187=FACE_OUTER_BOUND('',#312,.T.);
#188=FACE_OUTER_BOUND('',#314,.T.);
#189=FACE_OUTER_BOUND('',#315,.T.);
#190=FACE_OUTER_BOUND('',#317,.T.);
#191=FACE_OUTER_BOUND('',#318,.T.);
#192=FACE_OUTER_BOUND('',#319,.T.);
#193=FACE_OUTER_BOUND('',#320,.T.);
#194=FACE_OUTER_BOUND('',#321,.T.);
#195=FACE_OUTER_BOUND('',#322,.T.);
#196=FACE_OUTER_BOUND('',#323,.T.);
#197=FACE_OUTER_BOUND('',#324,.T.);
#198=FACE_OUTER_BOUND('',#325,.T.);
#199=FACE_OUTER_BOUND('',#326,.T.);
#200=FACE_OUTER_BOUND('',#327,.T.);
#201=FACE_OUTER_BOUND('',#328,.T.);
#202=FACE_OUTER_BOUND('',#329,.T.);
#203=FACE_OUTER_BOUND('',#330,.T.);
#204=FACE_OUTER_BOUND('',#331,.T.);
#205=FACE_OUTER_BOUND('',#332,.T.);
#206=FACE_OUTER_BOUND('',#333,.T.);
#207=FACE_OUTER_BOUND('',#334,.T.);
#208=FACE_OUTER_BOUND('',#335,.T.);
#209=FACE_OUTER_BOUND('',#336,.T.);
#210=FACE_OUTER_BOUND('',#337,.T.);
#211=FACE_OUTER_BOUND('',#338,.T.);
#212=FACE_OUTER_BOUND('',#339,.T.);
#213=FACE_OUTER_BOUND('',#340,.T.);
#214=FACE_OUTER_BOUND('',#341,.T.);
#215=FACE_OUTER_BOUND('',#342,.T.);
#216=FACE_OUTER_BOUND('',#343,.T.);
#217=FACE_OUTER_BOUND('',#344,.T.);
#218=FACE_OUTER_BOUND('',#345,.T.);
#219=FACE_OUTER_BOUND('',#346,.T.);
#220=FACE_OUTER_BOUND('',#348,.T.);
#221=FACE_OUTER_BOUND('',#349,.T.);
#222=FACE_OUTER_BOUND('',#350,.T.);
#223=FACE_OUTER_BOUND('',#351,.T.);
#224=FACE_OUTER_BOUND('',#352,.T.);
#225=FACE_OUTER_BOUND('',#353,.T.);
#226=FACE_OUTER_BOUND('',#354,.T.);
#227=FACE_OUTER_BOUND('',#360,.T.);
#228=FACE_OUTER_BOUND('',#366,.T.);
#229=FACE_OUTER_BOUND('',#367,.T.);
#230=FACE_OUTER_BOUND('',#368,.T.);
#231=FACE_OUTER_BOUND('',#374,.T.);
#232=FACE_OUTER_BOUND('',#375,.T.);
#233=FACE_OUTER_BOUND('',#376,.T.);
#234=FACE_OUTER_BOUND('',#377,.T.);
#235=FACE_OUTER_BOUND('',#378,.T.);
#236=FACE_OUTER_BOUND('',#379,.T.);
#237=FACE_OUTER_BOUND('',#380,.T.);
#238=EDGE_LOOP('',(#1265,#1266,#1267,#1268));
#239=EDGE_LOOP('',(#1269,#1270,#1271,#1272));
#240=EDGE_LOOP('',(#1273,#1274,#1275,#1276));
#241=EDGE_LOOP('',(#1277,#1278,#1279,#1280));
#242=EDGE_LOOP('',(#1281,#1282,#1283,#1284));
#243=EDGE_LOOP('',(#1285,#1286,#1287,#1288));
#244=EDGE_LOOP('',(#1289,#1290,#1291,#1292));
#245=EDGE_LOOP('',(#1293,#1294,#1295,#1296));
#246=EDGE_LOOP('',(#1297,#1298,#1299,#1300));
#247=EDGE_LOOP('',(#1301,#1302,#1303,#1304));
#248=EDGE_LOOP('',(#1305,#1306,#1307,#1308));
#249=EDGE_LOOP('',(#1309,#1310,#1311,#1312));
#250=EDGE_LOOP('',(#1313,#1314,#1315,#1316,#1317,#1318,#1319,#1320));
#251=EDGE_LOOP('',(#1321));
#252=EDGE_LOOP('',(#1322));
#253=EDGE_LOOP('',(#1323));
#254=EDGE_LOOP('',(#1324));
#255=EDGE_LOOP('',(#1325,#1326,#1327,#1328,#1329,#1330,#1331,#1332));
#256=EDGE_LOOP('',(#1333));
#257=EDGE_LOOP('',(#1334));
#258=EDGE_LOOP('',(#1335));
#259=EDGE_LOOP('',(#1336));
#260=EDGE_LOOP('',(#1337,#1338,#1339,#1340));
#261=EDGE_LOOP('',(#1341,#1342,#1343,#1344));
#262=EDGE_LOOP('',(#1345,#1346,#1347,#1348));
#263=EDGE_LOOP('',(#1349,#1350,#1351,#1352));
#264=EDGE_LOOP('',(#1353,#1354,#1355,#1356));
#265=EDGE_LOOP('',(#1357,#1358,#1359,#1360,#1361,#1362,#1363));
#266=EDGE_LOOP('',(#1364,#1365,#1366,#1367));
#267=EDGE_LOOP('',(#1368,#1369,#1370,#1371));
#268=EDGE_LOOP('',(#1372,#1373,#1374,#1375,#1376,#1377,#1378));
#269=EDGE_LOOP('',(#1379,#1380,#1381,#1382));
#270=EDGE_LOOP('',(#1383,#1384,#1385,#1386,#1387,#1388,#1389,#1390));
#271=EDGE_LOOP('',(#1391,#1392,#1393,#1394));
#272=EDGE_LOOP('',(#1395));
#273=EDGE_LOOP('',(#1396,#1397,#1398,#1399,#1400,#1401,#1402,#1403));
#274=EDGE_LOOP('',(#1404,#1405,#1406,#1407));
#275=EDGE_LOOP('',(#1408,#1409,#1410,#1411));
#276=EDGE_LOOP('',(#1412,#1413,#1414,#1415));
#277=EDGE_LOOP('',(#1416,#1417,#1418,#1419,#1420,#1421,#1422,#1423));
#278=EDGE_LOOP('',(#1424,#1425,#1426,#1427));
#279=EDGE_LOOP('',(#1428,#1429,#1430,#1431,#1432,#1433));
#280=EDGE_LOOP('',(#1434,#1435,#1436,#1437));
#281=EDGE_LOOP('',(#1438,#1439,#1440,#1441,#1442,#1443));
#282=EDGE_LOOP('',(#1444,#1445,#1446,#1447,#1448,#1449,#1450));
#283=EDGE_LOOP('',(#1451,#1452,#1453,#1454));
#284=EDGE_LOOP('',(#1455,#1456,#1457,#1458));
#285=EDGE_LOOP('',(#1459,#1460,#1461,#1462));
#286=EDGE_LOOP('',(#1463,#1464,#1465,#1466));
#287=EDGE_LOOP('',(#1467,#1468,#1469,#1470));
#288=EDGE_LOOP('',(#1471,#1472,#1473,#1474));
#289=EDGE_LOOP('',(#1475,#1476,#1477,#1478));
#290=EDGE_LOOP('',(#1479,#1480,#1481,#1482));
#291=EDGE_LOOP('',(#1483,#1484,#1485,#1486));
#292=EDGE_LOOP('',(#1487,#1488,#1489,#1490));
#293=EDGE_LOOP('',(#1491,#1492,#1493,#1494));
#294=EDGE_LOOP('',(#1495));
#295=EDGE_LOOP('',(#1496));
#296=EDGE_LOOP('',(#1497,#1498,#1499,#1500));
#297=EDGE_LOOP('',(#1501,#1502,#1503,#1504,#1505,#1506));
#298=EDGE_LOOP('',(#1507));
#299=EDGE_LOOP('',(#1508));
#300=EDGE_LOOP('',(#1509,#1510,#1511,#1512));
#301=EDGE_LOOP('',(#1513,#1514,#1515,#1516,#1517,#1518,#1519,#1520,#1521,
#1522,#1523));
#302=EDGE_LOOP('',(#1524));
#303=EDGE_LOOP('',(#1525,#1526,#1527,#1528));
#304=EDGE_LOOP('',(#1529,#1530,#1531,#1532));
#305=EDGE_LOOP('',(#1533,#1534,#1535,#1536));
#306=EDGE_LOOP('',(#1537));
#307=EDGE_LOOP('',(#1538));
#308=EDGE_LOOP('',(#1539,#1540,#1541,#1542));
#309=EDGE_LOOP('',(#1543));
#310=EDGE_LOOP('',(#1544));
#311=EDGE_LOOP('',(#1545,#1546,#1547,#1548));
#312=EDGE_LOOP('',(#1549));
#313=EDGE_LOOP('',(#1550));
#314=EDGE_LOOP('',(#1551,#1552,#1553,#1554));
#315=EDGE_LOOP('',(#1555));
#316=EDGE_LOOP('',(#1556));
#317=EDGE_LOOP('',(#1557,#1558,#1559,#1560));
#318=EDGE_LOOP('',(#1561));
#319=EDGE_LOOP('',(#1562,#1563,#1564,#1565));
#320=EDGE_LOOP('',(#1566));
#321=EDGE_LOOP('',(#1567,#1568,#1569,#1570));
#322=EDGE_LOOP('',(#1571));
#323=EDGE_LOOP('',(#1572,#1573,#1574,#1575));
#324=EDGE_LOOP('',(#1576));
#325=EDGE_LOOP('',(#1577,#1578,#1579,#1580));
#326=EDGE_LOOP('',(#1581,#1582,#1583,#1584));
#327=EDGE_LOOP('',(#1585,#1586,#1587,#1588));
#328=EDGE_LOOP('',(#1589,#1590,#1591,#1592));
#329=EDGE_LOOP('',(#1593,#1594,#1595,#1596,#1597,#1598,#1599,#1600,#1601,
#1602));
#330=EDGE_LOOP('',(#1603,#1604,#1605,#1606));
#331=EDGE_LOOP('',(#1607,#1608,#1609,#1610));
#332=EDGE_LOOP('',(#1611,#1612,#1613,#1614));
#333=EDGE_LOOP('',(#1615,#1616,#1617,#1618,#1619,#1620,#1621,#1622,#1623,
#1624));
#334=EDGE_LOOP('',(#1625,#1626,#1627,#1628));
#335=EDGE_LOOP('',(#1629,#1630,#1631,#1632));
#336=EDGE_LOOP('',(#1633,#1634,#1635,#1636,#1637,#1638,#1639,#1640));
#337=EDGE_LOOP('',(#1641,#1642,#1643,#1644));
#338=EDGE_LOOP('',(#1645,#1646,#1647,#1648));
#339=EDGE_LOOP('',(#1649,#1650,#1651,#1652));
#340=EDGE_LOOP('',(#1653,#1654,#1655,#1656));
#341=EDGE_LOOP('',(#1657,#1658,#1659,#1660));
#342=EDGE_LOOP('',(#1661,#1662,#1663,#1664));
#343=EDGE_LOOP('',(#1665,#1666,#1667,#1668));
#344=EDGE_LOOP('',(#1669,#1670,#1671,#1672));
#345=EDGE_LOOP('',(#1673,#1674,#1675,#1676));
#346=EDGE_LOOP('',(#1677,#1678,#1679,#1680));
#347=EDGE_LOOP('',(#1681));
#348=EDGE_LOOP('',(#1682,#1683,#1684,#1685));
#349=EDGE_LOOP('',(#1686,#1687,#1688,#1689));
#350=EDGE_LOOP('',(#1690,#1691,#1692,#1693));
#351=EDGE_LOOP('',(#1694,#1695,#1696,#1697));
#352=EDGE_LOOP('',(#1698,#1699,#1700,#1701));
#353=EDGE_LOOP('',(#1702,#1703,#1704,#1705));
#354=EDGE_LOOP('',(#1706,#1707,#1708,#1709,#1710,#1711,#1712,#1713));
#355=EDGE_LOOP('',(#1714,#1715,#1716,#1717));
#356=EDGE_LOOP('',(#1718));
#357=EDGE_LOOP('',(#1719));
#358=EDGE_LOOP('',(#1720));
#359=EDGE_LOOP('',(#1721));
#360=EDGE_LOOP('',(#1722,#1723,#1724,#1725,#1726,#1727,#1728,#1729));
#361=EDGE_LOOP('',(#1730,#1731,#1732,#1733));
#362=EDGE_LOOP('',(#1734));
#363=EDGE_LOOP('',(#1735));
#364=EDGE_LOOP('',(#1736));
#365=EDGE_LOOP('',(#1737));
#366=EDGE_LOOP('',(#1738,#1739,#1740,#1741));
#367=EDGE_LOOP('',(#1742,#1743,#1744,#1745,#1746));
#368=EDGE_LOOP('',(#1747,#1748,#1749,#1750,#1751,#1752,#1753,#1754));
#369=EDGE_LOOP('',(#1755));
#370=EDGE_LOOP('',(#1756));
#371=EDGE_LOOP('',(#1757));
#372=EDGE_LOOP('',(#1758));
#373=EDGE_LOOP('',(#1759,#1760,#1761,#1762,#1763,#1764,#1765,#1766,#1767,
#1768,#1769));
#374=EDGE_LOOP('',(#1770,#1771,#1772));
#375=EDGE_LOOP('',(#1773,#1774,#1775,#1776));
#376=EDGE_LOOP('',(#1777,#1778,#1779,#1780));
#377=EDGE_LOOP('',(#1781,#1782,#1783,#1784));
#378=EDGE_LOOP('',(#1785,#1786,#1787,#1788));
#379=EDGE_LOOP('',(#1789,#1790,#1791,#1792));
#380=EDGE_LOOP('',(#1793,#1794,#1795,#1796));
#381=LINE('',#2735,#561);
#382=LINE('',#2741,#562);
#383=LINE('',#2747,#563);
#384=LINE('',#2753,#564);
#385=LINE('',#2760,#565);
#386=LINE('',#2763,#566);
#387=LINE('',#2766,#567);
#388=LINE('',#2768,#568);
#389=LINE('',#2769,#569);
#390=LINE('',#2775,#570);
#391=LINE('',#2778,#571);
#392=LINE('',#2780,#572);
#393=LINE('',#2781,#573);
#394=LINE('',#2787,#574);
#395=LINE('',#2790,#575);
#396=LINE('',#2792,#576);
#397=LINE('',#2793,#577);
#398=LINE('',#2799,#578);
#399=LINE('',#2801,#579);
#400=LINE('',#2802,#580);
#401=LINE('',#2809,#581);
#402=LINE('',#2816,#582);
#403=LINE('',#2819,#583);
#404=LINE('',#2822,#584);
#405=LINE('',#2824,#585);
#406=LINE('',#2825,#586);
#407=LINE('',#2831,#587);
#408=LINE('',#2834,#588);
#409=LINE('',#2837,#589);
#410=LINE('',#2839,#590);
#411=LINE('',#2840,#591);
#412=LINE('',#2844,#592);
#413=LINE('',#2845,#593);
#414=LINE('',#2847,#594);
#415=LINE('',#2849,#595);
#416=LINE('',#2850,#596);
#417=LINE('',#2854,#597);
#418=LINE('',#2856,#598);
#419=LINE('',#2858,#599);
#420=LINE('',#2859,#600);
#421=LINE('',#2862,#601);
#422=LINE('',#2864,#602);
#423=LINE('',#2865,#603);
#424=LINE('',#2869,#604);
#425=LINE('',#2870,#605);
#426=LINE('',#2871,#606);
#427=LINE('',#2872,#607);
#428=LINE('',#2874,#608);
#429=LINE('',#2875,#609);
#430=LINE('',#2877,#610);
#431=LINE('',#2881,#611);
#432=LINE('',#2883,#612);
#433=LINE('',#2885,#613);
#434=LINE('',#2886,#614);
#435=LINE('',#2888,#615);
#436=LINE('',#2890,#616);
#437=LINE('',#2891,#617);
#438=LINE('',#2892,#618);
#439=LINE('',#2895,#619);
#440=LINE('',#2899,#620);
#441=LINE('',#2903,#621);
#442=LINE('',#2907,#622);
#443=LINE('',#2911,#623);
#444=LINE('',#2912,#624);
#445=LINE('',#2915,#625);
#446=LINE('',#2916,#626);
#447=LINE('',#2918,#627);
#448=LINE('',#2925,#628);
#449=LINE('',#2955,#629);
#450=LINE('',#2959,#630);
#451=LINE('',#2962,#631);
#452=LINE('',#2965,#632);
#453=LINE('',#2967,#633);
#454=LINE('',#2968,#634);
#455=LINE('',#2972,#635);
#456=LINE('',#2975,#636);
#457=LINE('',#2976,#637);
#458=LINE('',#2982,#638);
#459=LINE('',#2983,#639);
#460=LINE('',#2984,#640);
#461=LINE('',#2988,#641);
#462=LINE('',#2991,#642);
#463=LINE('',#2992,#643);
#464=LINE('',#2999,#644);
#465=LINE('',#3005,#645);
#466=LINE('',#3010,#646);
#467=LINE('',#3012,#647);
#468=LINE('',#3014,#648);
#469=LINE('',#3015,#649);
#470=LINE('',#3018,#650);
#471=LINE('',#3020,#651);
#472=LINE('',#3021,#652);
#473=LINE('',#3025,#653);
#474=LINE('',#3026,#654);
#475=LINE('',#3028,#655);
#476=LINE('',#3030,#656);
#477=LINE('',#3031,#657);
#478=LINE('',#3033,#658);
#479=LINE('',#3036,#659);
#480=LINE('',#3038,#660);
#481=LINE('',#3040,#661);
#482=LINE('',#3042,#662);
#483=LINE('',#3044,#663);
#484=LINE('',#3046,#664);
#485=LINE('',#3048,#665);
#486=LINE('',#3049,#666);
#487=LINE('',#3054,#667);
#488=LINE('',#3063,#668);
#489=LINE('',#3072,#669);
#490=LINE('',#3081,#670);
#491=LINE('',#3088,#671);
#492=LINE('',#3093,#672);
#493=LINE('',#3098,#673);
#494=LINE('',#3103,#674);
#495=LINE('',#3111,#675);
#496=LINE('',#3114,#676);
#497=LINE('',#3120,#677);
#498=LINE('',#3125,#678);
#499=LINE('',#3127,#679);
#500=LINE('',#3129,#680);
#501=LINE('',#3131,#681);
#502=LINE('',#3133,#682);
#503=LINE('',#3134,#683);
#504=LINE('',#3142,#684);
#505=LINE('',#3145,#685);
#506=LINE('',#3150,#686);
#507=LINE('',#3151,#687);
#508=LINE('',#3154,#688);
#509=LINE('',#3155,#689);
#510=LINE('',#3157,#690);
#511=LINE('',#3158,#691);
#512=LINE('',#3160,#692);
#513=LINE('',#3163,#693);
#514=LINE('',#3168,#694);
#515=LINE('',#3170,#695);
#516=LINE('',#3172,#696);
#517=LINE('',#3173,#697);
#518=LINE('',#3179,#698);
#519=LINE('',#3181,#699);
#520=LINE('',#3183,#700);
#521=LINE('',#3184,#701);
#522=LINE('',#3187,#702);
#523=LINE('',#3189,#703);
#524=LINE('',#3190,#704);
#525=LINE('',#3193,#705);
#526=LINE('',#3195,#706);
#527=LINE('',#3196,#707);
#528=LINE('',#3198,#708);
#529=LINE('',#3199,#709);
#530=LINE('',#3204,#710);
#531=LINE('',#3210,#711);
#532=LINE('',#3216,#712);
#533=LINE('',#3222,#713);
#534=LINE('',#3227,#714);
#535=LINE('',#3229,#715);
#536=LINE('',#3231,#716);
#537=LINE('',#3232,#717);
#538=LINE('',#3240,#718);
#539=LINE('',#3244,#719);
#540=LINE('',#3246,#720);
#541=LINE('',#3247,#721);
#542=LINE('',#3252,#722);
#543=LINE('',#3256,#723);
#544=LINE('',#3258,#724);
#545=LINE('',#3259,#725);
#546=LINE('',#3267,#726);
#547=LINE('',#3269,#727);
#548=LINE('',#3270,#728);
#549=LINE('',#3276,#729);
#550=LINE('',#3278,#730);
#551=LINE('',#3280,#731);
#552=LINE('',#3281,#732);
#553=LINE('',#3284,#733);
#554=LINE('',#3286,#734);
#555=LINE('',#3287,#735);
#556=LINE('',#3290,#736);
#557=LINE('',#3292,#737);
#558=LINE('',#3293,#738);
#559=LINE('',#3295,#739);
#560=LINE('',#3296,#740);
#561=VECTOR('',#2172,1.5);
#562=VECTOR('',#2179,1.5);
#563=VECTOR('',#2186,1.5);
#564=VECTOR('',#2193,1.5);
#565=VECTOR('',#2200,10.);
#566=VECTOR('',#2203,10.);
#567=VECTOR('',#2206,10.);
#568=VECTOR('',#2207,10.);
#569=VECTOR('',#2208,10.);
#570=VECTOR('',#2215,10.);
#571=VECTOR('',#2218,10.);
#572=VECTOR('',#2219,10.);
#573=VECTOR('',#2220,10.);
#574=VECTOR('',#2227,10.);
#575=VECTOR('',#2230,10.);
#576=VECTOR('',#2231,10.);
#577=VECTOR('',#2232,10.);
#578=VECTOR('',#2239,10.);
#579=VECTOR('',#2242,10.);
#580=VECTOR('',#2243,10.);
#581=VECTOR('',#2252,4.025);
#582=VECTOR('',#2259,10.);
#583=VECTOR('',#2262,10.);
#584=VECTOR('',#2265,10.);
#585=VECTOR('',#2266,10.);
#586=VECTOR('',#2267,10.);
#587=VECTOR('',#2272,10.);
#588=VECTOR('',#2275,10.);
#589=VECTOR('',#2278,10.);
#590=VECTOR('',#2279,10.);
#591=VECTOR('',#2280,10.);
#592=VECTOR('',#2283,10.);
#593=VECTOR('',#2284,10.);
#594=VECTOR('',#2285,10.);
#595=VECTOR('',#2286,10.);
#596=VECTOR('',#2287,10.);
#597=VECTOR('',#2290,10.);
#598=VECTOR('',#2291,10.);
#599=VECTOR('',#2292,10.);
#600=VECTOR('',#2293,10.);
#601=VECTOR('',#2296,10.);
#602=VECTOR('',#2297,10.);
#603=VECTOR('',#2298,10.);
#604=VECTOR('',#2301,10.);
#605=VECTOR('',#2302,10.);
#606=VECTOR('',#2303,10.);
#607=VECTOR('',#2304,10.);
#608=VECTOR('',#2307,10.);
#609=VECTOR('',#2308,10.);
#610=VECTOR('',#2311,10.);
#611=VECTOR('',#2314,10.);
#612=VECTOR('',#2315,10.);
#613=VECTOR('',#2316,10.);
#614=VECTOR('',#2317,10.);
#615=VECTOR('',#2318,10.);
#616=VECTOR('',#2319,10.);
#617=VECTOR('',#2320,10.);
#618=VECTOR('',#2321,10.);
#619=VECTOR('',#2322,10.);
#620=VECTOR('',#2325,10.);
#621=VECTOR('',#2328,10.);
#622=VECTOR('',#2331,10.);
#623=VECTOR('',#2336,10.);
#624=VECTOR('',#2337,10.);
#625=VECTOR('',#2340,10.);
#626=VECTOR('',#2341,10.);
#627=VECTOR('',#2344,10.);
#628=VECTOR('',#2353,1.6);
#629=VECTOR('',#2358,10.);
#630=VECTOR('',#2361,10.);
#631=VECTOR('',#2364,10.);
#632=VECTOR('',#2367,10.);
#633=VECTOR('',#2368,10.);
#634=VECTOR('',#2369,10.);
#635=VECTOR('',#2374,10.);
#636=VECTOR('',#2377,10.);
#637=VECTOR('',#2378,10.);
#638=VECTOR('',#2385,10.);
#639=VECTOR('',#2386,10.);
#640=VECTOR('',#2387,10.);
#641=VECTOR('',#2392,10.);
#642=VECTOR('',#2395,10.);
#643=VECTOR('',#2396,10.);
#644=VECTOR('',#2405,0.799999999999998);
#645=VECTOR('',#2412,0.800000000000003);
#646=VECTOR('',#2417,10.);
#647=VECTOR('',#2418,10.);
#648=VECTOR('',#2419,10.);
#649=VECTOR('',#2420,10.);
#650=VECTOR('',#2423,10.);
#651=VECTOR('',#2424,10.);
#652=VECTOR('',#2425,10.);
#653=VECTOR('',#2428,10.);
#654=VECTOR('',#2429,10.);
#655=VECTOR('',#2430,10.);
#656=VECTOR('',#2431,10.);
#657=VECTOR('',#2432,10.);
#658=VECTOR('',#2435,10.);
#659=VECTOR('',#2438,10.);
#660=VECTOR('',#2439,10.);
#661=VECTOR('',#2440,10.);
#662=VECTOR('',#2441,10.);
#663=VECTOR('',#2442,10.);
#664=VECTOR('',#2443,10.);
#665=VECTOR('',#2444,10.);
#666=VECTOR('',#2445,10.);
#667=VECTOR('',#2450,2.4);
#668=VECTOR('',#2461,2.4);
#669=VECTOR('',#2472,2.4);
#670=VECTOR('',#2483,2.4);
#671=VECTOR('',#2492,1.5);
#672=VECTOR('',#2499,1.5);
#673=VECTOR('',#2506,1.5);
#674=VECTOR('',#2513,1.5);
#675=VECTOR('',#2524,10.);
#676=VECTOR('',#2527,10.);
#677=VECTOR('',#2534,10.);
#678=VECTOR('',#2541,10.);
#679=VECTOR('',#2544,10.);
#680=VECTOR('',#2545,10.);
#681=VECTOR('',#2546,10.);
#682=VECTOR('',#2547,10.);
#683=VECTOR('',#2548,10.);
#684=VECTOR('',#2557,10.);
#685=VECTOR('',#2560,10.);
#686=VECTOR('',#2565,10.);
#687=VECTOR('',#2566,10.);
#688=VECTOR('',#2569,10.);
#689=VECTOR('',#2570,10.);
#690=VECTOR('',#2571,10.);
#691=VECTOR('',#2572,10.);
#692=VECTOR('',#2573,10.);
#693=VECTOR('',#2576,10.);
#694=VECTOR('',#2583,10.);
#695=VECTOR('',#2586,10.);
#696=VECTOR('',#2587,10.);
#697=VECTOR('',#2588,10.);
#698=VECTOR('',#2595,10.);
#699=VECTOR('',#2596,10.);
#700=VECTOR('',#2597,10.);
#701=VECTOR('',#2598,10.);
#702=VECTOR('',#2601,10.);
#703=VECTOR('',#2602,10.);
#704=VECTOR('',#2603,10.);
#705=VECTOR('',#2606,10.);
#706=VECTOR('',#2607,10.);
#707=VECTOR('',#2608,10.);
#708=VECTOR('',#2611,10.);
#709=VECTOR('',#2612,10.);
#710=VECTOR('',#2617,1.85);
#711=VECTOR('',#2624,1.85);
#712=VECTOR('',#2631,2.1);
#713=VECTOR('',#2638,2.1);
#714=VECTOR('',#2643,10.);
#715=VECTOR('',#2644,10.);
#716=VECTOR('',#2645,10.);
#717=VECTOR('',#2646,10.);
#718=VECTOR('',#2657,10.);
#719=VECTOR('',#2662,10.);
#720=VECTOR('',#2663,10.);
#721=VECTOR('',#2664,10.);
#722=VECTOR('',#2669,10.);
#723=VECTOR('',#2674,10.);
#724=VECTOR('',#2675,10.);
#725=VECTOR('',#2676,10.);
#726=VECTOR('',#2691,10.);
#727=VECTOR('',#2694,10.);
#728=VECTOR('',#2695,10.);
#729=VECTOR('',#2702,10.);
#730=VECTOR('',#2703,10.);
#731=VECTOR('',#2704,10.);
#732=VECTOR('',#2705,10.);
#733=VECTOR('',#2708,10.);
#734=VECTOR('',#2709,10.);
#735=VECTOR('',#2710,10.);
#736=VECTOR('',#2713,10.);
#737=VECTOR('',#2714,10.);
#738=VECTOR('',#2715,10.);
#739=VECTOR('',#2718,10.);
#740=VECTOR('',#2719,10.);
#741=CIRCLE('',#1973,1.5);
#742=CIRCLE('',#1974,1.5);
#743=CIRCLE('',#1976,1.5);
#744=CIRCLE('',#1977,1.5);
#745=CIRCLE('',#1979,1.5);
#746=CIRCLE('',#1980,1.5);
#747=CIRCLE('',#1982,1.5);
#748=CIRCLE('',#1983,1.5);
#749=CIRCLE('',#1985,5.99999999999998);
#750=CIRCLE('',#1986,5.99999999999998);
#751=CIRCLE('',#1989,5.99999999999999);
#752=CIRCLE('',#1990,5.99999999999999);
#753=CIRCLE('',#1993,5.99999999999997);
#754=CIRCLE('',#1994,5.99999999999997);
#755=CIRCLE('',#1997,5.99999999999998);
#756=CIRCLE('',#1998,5.99999999999998);
#757=CIRCLE('',#2003,4.025);
#758=CIRCLE('',#2004,4.025);
#759=CIRCLE('',#2006,3.);
#760=CIRCLE('',#2011,3.);
#761=CIRCLE('',#2020,1.65);
#762=CIRCLE('',#2021,1.65);
#763=CIRCLE('',#2022,1.65);
#764=CIRCLE('',#2023,1.65);
#765=CIRCLE('',#2030,1.6);
#766=CIRCLE('',#2031,1.6);
#767=CIRCLE('',#2033,12.5907509883728);
#768=CIRCLE('',#2034,12.5907509883728);
#769=CIRCLE('',#2037,1.65);
#770=CIRCLE('',#2040,1.65);
#771=CIRCLE('',#2043,1.65);
#772=CIRCLE('',#2046,1.65);
#773=CIRCLE('',#2048,0.799999999999998);
#774=CIRCLE('',#2049,0.799999999999998);
#775=CIRCLE('',#2051,0.800000000000003);
#776=CIRCLE('',#2052,0.800000000000003);
#777=CIRCLE('',#2059,2.4);
#778=CIRCLE('',#2060,2.4);
#779=CIRCLE('',#2062,1.5);
#780=CIRCLE('',#2064,2.4);
#781=CIRCLE('',#2065,2.4);
#782=CIRCLE('',#2067,1.5);
#783=CIRCLE('',#2069,2.4);
#784=CIRCLE('',#2070,2.4);
#785=CIRCLE('',#2072,1.5);
#786=CIRCLE('',#2074,2.4);
#787=CIRCLE('',#2075,2.4);
#788=CIRCLE('',#2077,1.5);
#789=CIRCLE('',#2079,1.5);
#790=CIRCLE('',#2082,1.5);
#791=CIRCLE('',#2085,1.5);
#792=CIRCLE('',#2088,1.5);
#793=CIRCLE('',#2091,2.99999999999999);
#794=CIRCLE('',#2092,12.5907696019972);
#795=CIRCLE('',#2094,2.99999999999999);
#796=CIRCLE('',#2096,12.5907696019972);
#797=CIRCLE('',#2097,12.5907696019972);
#798=CIRCLE('',#2099,2.99999999999998);
#799=CIRCLE('',#2102,2.99999999999998);
#800=CIRCLE('',#2104,12.5907696019984);
#801=CIRCLE('',#2105,12.5907696019984);
#802=CIRCLE('',#2107,2.99999999999997);
#803=CIRCLE('',#2110,2.99999999999997);
#804=CIRCLE('',#2112,2.99999999999999);
#805=CIRCLE('',#2115,2.99999999999999);
#806=CIRCLE('',#2121,1.85);
#807=CIRCLE('',#2122,1.85);
#808=CIRCLE('',#2124,1.85);
#809=CIRCLE('',#2125,1.85);
#810=CIRCLE('',#2127,2.1);
#811=CIRCLE('',#2128,2.1);
#812=CIRCLE('',#2130,2.1);
#813=CIRCLE('',#2131,2.1);
#814=CIRCLE('',#2134,5.99999999999998);
#815=CIRCLE('',#2135,5.99999999999998);
#816=CIRCLE('',#2137,5.99999999999999);
#817=CIRCLE('',#2138,5.99999999999999);
#818=CIRCLE('',#2141,5.99999999999997);
#819=CIRCLE('',#2142,5.99999999999997);
#820=CIRCLE('',#2145,5.99999999999999);
#821=CIRCLE('',#2146,5.99999999999999);
#822=CIRCLE('',#2150,12.5907696019972);
#823=VERTEX_POINT('',#2732);
#824=VERTEX_POINT('',#2734);
#825=VERTEX_POINT('',#2738);
#826=VERTEX_POINT('',#2740);
#827=VERTEX_POINT('',#2744);
#828=VERTEX_POINT('',#2746);
#829=VERTEX_POINT('',#2750);
#830=VERTEX_POINT('',#2752);
#831=VERTEX_POINT('',#2756);
#832=VERTEX_POINT('',#2757);
#833=VERTEX_POINT('',#2759);
#834=VERTEX_POINT('',#2761);
#835=VERTEX_POINT('',#2765);
#836=VERTEX_POINT('',#2767);
#837=VERTEX_POINT('',#2771);
#838=VERTEX_POINT('',#2773);
#839=VERTEX_POINT('',#2777);
#840=VERTEX_POINT('',#2779);
#841=VERTEX_POINT('',#2783);
#842=VERTEX_POINT('',#2785);
#843=VERTEX_POINT('',#2789);
#844=VERTEX_POINT('',#2791);
#845=VERTEX_POINT('',#2795);
#846=VERTEX_POINT('',#2797);
#847=VERTEX_POINT('',#2806);
#848=VERTEX_POINT('',#2808);
#849=VERTEX_POINT('',#2812);
#850=VERTEX_POINT('',#2813);
#851=VERTEX_POINT('',#2815);
#852=VERTEX_POINT('',#2817);
#853=VERTEX_POINT('',#2821);
#854=VERTEX_POINT('',#2823);
#855=VERTEX_POINT('',#2827);
#856=VERTEX_POINT('',#2828);
#857=VERTEX_POINT('',#2830);
#858=VERTEX_POINT('',#2832);
#859=VERTEX_POINT('',#2836);
#860=VERTEX_POINT('',#2838);
#861=VERTEX_POINT('',#2842);
#862=VERTEX_POINT('',#2843);
#863=VERTEX_POINT('',#2846);
#864=VERTEX_POINT('',#2848);
#865=VERTEX_POINT('',#2852);
#866=VERTEX_POINT('',#2853);
#867=VERTEX_POINT('',#2855);
#868=VERTEX_POINT('',#2857);
#869=VERTEX_POINT('',#2861);
#870=VERTEX_POINT('',#2863);
#871=VERTEX_POINT('',#2867);
#872=VERTEX_POINT('',#2868);
#873=VERTEX_POINT('',#2879);
#874=VERTEX_POINT('',#2880);
#875=VERTEX_POINT('',#2882);
#876=VERTEX_POINT('',#2884);
#877=VERTEX_POINT('',#2887);
#878=VERTEX_POINT('',#2889);
#879=VERTEX_POINT('',#2893);
#880=VERTEX_POINT('',#2894);
#881=VERTEX_POINT('',#2896);
#882=VERTEX_POINT('',#2898);
#883=VERTEX_POINT('',#2901);
#884=VERTEX_POINT('',#2902);
#885=VERTEX_POINT('',#2904);
#886=VERTEX_POINT('',#2906);
#887=VERTEX_POINT('',#2910);
#888=VERTEX_POINT('',#2914);
#889=VERTEX_POINT('',#2922);
#890=VERTEX_POINT('',#2924);
#891=VERTEX_POINT('',#2926);
#892=VERTEX_POINT('',#2939);
#893=VERTEX_POINT('',#2954);
#894=VERTEX_POINT('',#2956);
#895=VERTEX_POINT('',#2958);
#896=VERTEX_POINT('',#2960);
#897=VERTEX_POINT('',#2964);
#898=VERTEX_POINT('',#2966);
#899=VERTEX_POINT('',#2970);
#900=VERTEX_POINT('',#2974);
#901=VERTEX_POINT('',#2980);
#902=VERTEX_POINT('',#2981);
#903=VERTEX_POINT('',#2986);
#904=VERTEX_POINT('',#2990);
#905=VERTEX_POINT('',#2996);
#906=VERTEX_POINT('',#2998);
#907=VERTEX_POINT('',#3002);
#908=VERTEX_POINT('',#3004);
#909=VERTEX_POINT('',#3008);
#910=VERTEX_POINT('',#3009);
#911=VERTEX_POINT('',#3011);
#912=VERTEX_POINT('',#3013);
#913=VERTEX_POINT('',#3017);
#914=VERTEX_POINT('',#3019);
#915=VERTEX_POINT('',#3023);
#916=VERTEX_POINT('',#3024);
#917=VERTEX_POINT('',#3027);
#918=VERTEX_POINT('',#3029);
#919=VERTEX_POINT('',#3035);
#920=VERTEX_POINT('',#3037);
#921=VERTEX_POINT('',#3039);
#922=VERTEX_POINT('',#3041);
#923=VERTEX_POINT('',#3043);
#924=VERTEX_POINT('',#3045);
#925=VERTEX_POINT('',#3047);
#926=VERTEX_POINT('',#3051);
#927=VERTEX_POINT('',#3053);
#928=VERTEX_POINT('',#3057);
#929=VERTEX_POINT('',#3060);
#930=VERTEX_POINT('',#3062);
#931=VERTEX_POINT('',#3066);
#932=VERTEX_POINT('',#3069);
#933=VERTEX_POINT('',#3071);
#934=VERTEX_POINT('',#3075);
#935=VERTEX_POINT('',#3078);
#936=VERTEX_POINT('',#3080);
#937=VERTEX_POINT('',#3084);
#938=VERTEX_POINT('',#3087);
#939=VERTEX_POINT('',#3092);
#940=VERTEX_POINT('',#3097);
#941=VERTEX_POINT('',#3102);
#942=VERTEX_POINT('',#3107);
#943=VERTEX_POINT('',#3109);
#944=VERTEX_POINT('',#3113);
#945=VERTEX_POINT('',#3117);
#946=VERTEX_POINT('',#3119);
#947=VERTEX_POINT('',#3123);
#948=VERTEX_POINT('',#3128);
#949=VERTEX_POINT('',#3130);
#950=VERTEX_POINT('',#3132);
#951=VERTEX_POINT('',#3138);
#952=VERTEX_POINT('',#3139);
#953=VERTEX_POINT('',#3141);
#954=VERTEX_POINT('',#3143);
#955=VERTEX_POINT('',#3147);
#956=VERTEX_POINT('',#3148);
#957=VERTEX_POINT('',#3153);
#958=VERTEX_POINT('',#3156);
#959=VERTEX_POINT('',#3159);
#960=VERTEX_POINT('',#3162);
#961=VERTEX_POINT('',#3166);
#962=VERTEX_POINT('',#3171);
#963=VERTEX_POINT('',#3177);
#964=VERTEX_POINT('',#3178);
#965=VERTEX_POINT('',#3180);
#966=VERTEX_POINT('',#3182);
#967=VERTEX_POINT('',#3186);
#968=VERTEX_POINT('',#3188);
#969=VERTEX_POINT('',#3192);
#970=VERTEX_POINT('',#3194);
#971=VERTEX_POINT('',#3201);
#972=VERTEX_POINT('',#3203);
#973=VERTEX_POINT('',#3207);
#974=VERTEX_POINT('',#3209);
#975=VERTEX_POINT('',#3213);
#976=VERTEX_POINT('',#3215);
#977=VERTEX_POINT('',#3219);
#978=VERTEX_POINT('',#3221);
#979=VERTEX_POINT('',#3225);
#980=VERTEX_POINT('',#3226);
#981=VERTEX_POINT('',#3228);
#982=VERTEX_POINT('',#3230);
#983=VERTEX_POINT('',#3237);
#984=VERTEX_POINT('',#3239);
#985=VERTEX_POINT('',#3243);
#986=VERTEX_POINT('',#3245);
#987=VERTEX_POINT('',#3249);
#988=VERTEX_POINT('',#3251);
#989=VERTEX_POINT('',#3255);
#990=VERTEX_POINT('',#3257);
#991=VERTEX_POINT('',#3274);
#992=VERTEX_POINT('',#3275);
#993=VERTEX_POINT('',#3277);
#994=VERTEX_POINT('',#3279);
#995=VERTEX_POINT('',#3283);
#996=VERTEX_POINT('',#3285);
#997=VERTEX_POINT('',#3289);
#998=VERTEX_POINT('',#3291);
#999=EDGE_CURVE('',#823,#823,#741,.T.);
#1000=EDGE_CURVE('',#823,#824,#381,.T.);
#1001=EDGE_CURVE('',#824,#824,#742,.T.);
#1002=EDGE_CURVE('',#825,#825,#743,.T.);
#1003=EDGE_CURVE('',#825,#826,#382,.T.);
#1004=EDGE_CURVE('',#826,#826,#744,.T.);
#1005=EDGE_CURVE('',#827,#827,#745,.T.);
#1006=EDGE_CURVE('',#827,#828,#383,.T.);
#1007=EDGE_CURVE('',#828,#828,#746,.T.);
#1008=EDGE_CURVE('',#829,#829,#747,.T.);
#1009=EDGE_CURVE('',#829,#830,#384,.T.);
#1010=EDGE_CURVE('',#830,#830,#748,.T.);
#1011=EDGE_CURVE('',#831,#832,#749,.T.);
#1012=EDGE_CURVE('',#832,#833,#385,.T.);
#1013=EDGE_CURVE('',#834,#833,#750,.T.);
#1014=EDGE_CURVE('',#831,#834,#386,.T.);
#1015=EDGE_CURVE('',#835,#831,#387,.T.);
#1016=EDGE_CURVE('',#836,#834,#388,.T.);
#1017=EDGE_CURVE('',#835,#836,#389,.T.);
#1018=EDGE_CURVE('',#837,#835,#751,.T.);
#1019=EDGE_CURVE('',#838,#836,#752,.T.);
#1020=EDGE_CURVE('',#837,#838,#390,.T.);
#1021=EDGE_CURVE('',#839,#837,#391,.T.);
#1022=EDGE_CURVE('',#840,#838,#392,.T.);
#1023=EDGE_CURVE('',#839,#840,#393,.T.);
#1024=EDGE_CURVE('',#841,#839,#753,.T.);
#1025=EDGE_CURVE('',#842,#840,#754,.T.);
#1026=EDGE_CURVE('',#841,#842,#394,.T.);
#1027=EDGE_CURVE('',#843,#841,#395,.T.);
#1028=EDGE_CURVE('',#844,#842,#396,.T.);
#1029=EDGE_CURVE('',#843,#844,#397,.T.);
#1030=EDGE_CURVE('',#845,#843,#755,.T.);
#1031=EDGE_CURVE('',#846,#844,#756,.T.);
#1032=EDGE_CURVE('',#845,#846,#398,.T.);
#1033=EDGE_CURVE('',#832,#845,#399,.T.);
#1034=EDGE_CURVE('',#833,#846,#400,.T.);
#1035=EDGE_CURVE('',#847,#847,#757,.T.);
#1036=EDGE_CURVE('',#847,#848,#401,.T.);
#1037=EDGE_CURVE('',#848,#848,#758,.T.);
#1038=EDGE_CURVE('',#849,#850,#759,.T.);
#1039=EDGE_CURVE('',#850,#851,#402,.T.);
#1040=EDGE_CURVE('',#851,#852,#21,.T.);
#1041=EDGE_CURVE('',#852,#849,#403,.T.);
#1042=EDGE_CURVE('',#850,#853,#404,.T.);
#1043=EDGE_CURVE('',#854,#853,#405,.T.);
#1044=EDGE_CURVE('',#851,#854,#406,.T.);
#1045=EDGE_CURVE('',#855,#856,#22,.T.);
#1046=EDGE_CURVE('',#856,#857,#407,.T.);
#1047=EDGE_CURVE('',#857,#858,#760,.T.);
#1048=EDGE_CURVE('',#858,#855,#408,.T.);
#1049=EDGE_CURVE('',#856,#859,#409,.T.);
#1050=EDGE_CURVE('',#860,#859,#410,.T.);
#1051=EDGE_CURVE('',#857,#860,#411,.T.);
#1052=EDGE_CURVE('',#861,#862,#412,.T.);
#1053=EDGE_CURVE('',#861,#852,#413,.T.);
#1054=EDGE_CURVE('',#863,#854,#414,.T.);
#1055=EDGE_CURVE('',#863,#864,#415,.T.);
#1056=EDGE_CURVE('',#862,#864,#416,.T.);
#1057=EDGE_CURVE('',#865,#866,#417,.T.);
#1058=EDGE_CURVE('',#867,#865,#418,.T.);
#1059=EDGE_CURVE('',#868,#867,#419,.T.);
#1060=EDGE_CURVE('',#868,#866,#420,.T.);
#1061=EDGE_CURVE('',#866,#869,#421,.T.);
#1062=EDGE_CURVE('',#870,#868,#422,.T.);
#1063=EDGE_CURVE('',#870,#869,#423,.T.);
#1064=EDGE_CURVE('',#871,#872,#424,.T.);
#1065=EDGE_CURVE('',#869,#871,#425,.T.);
#1066=EDGE_CURVE('',#859,#870,#426,.T.);
#1067=EDGE_CURVE('',#855,#872,#427,.T.);
#1068=EDGE_CURVE('',#864,#865,#428,.T.);
#1069=EDGE_CURVE('',#867,#863,#429,.T.);
#1070=EDGE_CURVE('',#853,#860,#430,.T.);
#1071=EDGE_CURVE('',#873,#874,#431,.T.);
#1072=EDGE_CURVE('',#875,#874,#432,.T.);
#1073=EDGE_CURVE('',#876,#875,#433,.T.);
#1074=EDGE_CURVE('',#873,#876,#434,.T.);
#1075=EDGE_CURVE('',#861,#877,#435,.T.);
#1076=EDGE_CURVE('',#877,#878,#436,.T.);
#1077=EDGE_CURVE('',#878,#872,#437,.T.);
#1078=EDGE_CURVE('',#858,#849,#438,.T.);
#1079=EDGE_CURVE('',#879,#880,#439,.T.);
#1080=EDGE_CURVE('',#880,#881,#761,.T.);
#1081=EDGE_CURVE('',#881,#882,#440,.T.);
#1082=EDGE_CURVE('',#882,#879,#762,.T.);
#1083=EDGE_CURVE('',#883,#884,#441,.T.);
#1084=EDGE_CURVE('',#884,#885,#763,.T.);
#1085=EDGE_CURVE('',#885,#886,#442,.T.);
#1086=EDGE_CURVE('',#886,#883,#764,.T.);
#1087=EDGE_CURVE('',#887,#862,#443,.T.);
#1088=EDGE_CURVE('',#877,#887,#444,.T.);
#1089=EDGE_CURVE('',#871,#888,#445,.T.);
#1090=EDGE_CURVE('',#888,#887,#446,.T.);
#1091=EDGE_CURVE('',#878,#888,#447,.T.);
#1092=EDGE_CURVE('',#889,#889,#765,.T.);
#1093=EDGE_CURVE('',#889,#890,#448,.T.);
#1094=EDGE_CURVE('',#891,#890,#19,.T.);
#1095=EDGE_CURVE('',#892,#891,#766,.T.);
#1096=EDGE_CURVE('',#890,#892,#20,.T.);
#1097=EDGE_CURVE('',#893,#892,#449,.T.);
#1098=EDGE_CURVE('',#893,#894,#767,.T.);
#1099=EDGE_CURVE('',#895,#894,#450,.T.);
#1100=EDGE_CURVE('',#896,#895,#768,.T.);
#1101=EDGE_CURVE('',#891,#896,#451,.T.);
#1102=EDGE_CURVE('',#897,#881,#452,.T.);
#1103=EDGE_CURVE('',#898,#897,#453,.T.);
#1104=EDGE_CURVE('',#898,#882,#454,.T.);
#1105=EDGE_CURVE('',#899,#898,#769,.T.);
#1106=EDGE_CURVE('',#899,#879,#455,.T.);
#1107=EDGE_CURVE('',#900,#899,#456,.T.);
#1108=EDGE_CURVE('',#900,#880,#457,.T.);
#1109=EDGE_CURVE('',#897,#900,#770,.T.);
#1110=EDGE_CURVE('',#901,#902,#458,.T.);
#1111=EDGE_CURVE('',#901,#884,#459,.T.);
#1112=EDGE_CURVE('',#902,#883,#460,.T.);
#1113=EDGE_CURVE('',#903,#901,#771,.T.);
#1114=EDGE_CURVE('',#903,#885,#461,.T.);
#1115=EDGE_CURVE('',#904,#903,#462,.T.);
#1116=EDGE_CURVE('',#904,#886,#463,.T.);
#1117=EDGE_CURVE('',#902,#904,#772,.T.);
#1118=EDGE_CURVE('',#905,#905,#773,.T.);
#1119=EDGE_CURVE('',#905,#906,#464,.T.);
#1120=EDGE_CURVE('',#906,#906,#774,.T.);
#1121=EDGE_CURVE('',#907,#907,#775,.T.);
#1122=EDGE_CURVE('',#907,#908,#465,.T.);
#1123=EDGE_CURVE('',#908,#908,#776,.T.);
#1124=EDGE_CURVE('',#909,#910,#466,.T.);
#1125=EDGE_CURVE('',#909,#911,#467,.T.);
#1126=EDGE_CURVE('',#912,#911,#468,.T.);
#1127=EDGE_CURVE('',#910,#912,#469,.T.);
#1128=EDGE_CURVE('',#910,#913,#470,.T.);
#1129=EDGE_CURVE('',#914,#912,#471,.T.);
#1130=EDGE_CURVE('',#913,#914,#472,.T.);
#1131=EDGE_CURVE('',#915,#916,#473,.T.);
#1132=EDGE_CURVE('',#913,#915,#474,.T.);
#1133=EDGE_CURVE('',#917,#914,#475,.T.);
#1134=EDGE_CURVE('',#918,#917,#476,.T.);
#1135=EDGE_CURVE('',#918,#916,#477,.T.);
#1136=EDGE_CURVE('',#911,#917,#478,.T.);
#1137=EDGE_CURVE('',#919,#915,#479,.T.);
#1138=EDGE_CURVE('',#919,#920,#480,.T.);
#1139=EDGE_CURVE('',#921,#920,#481,.T.);
#1140=EDGE_CURVE('',#922,#921,#482,.T.);
#1141=EDGE_CURVE('',#922,#923,#483,.T.);
#1142=EDGE_CURVE('',#923,#924,#484,.T.);
#1143=EDGE_CURVE('',#924,#925,#485,.T.);
#1144=EDGE_CURVE('',#909,#925,#486,.T.);
#1145=EDGE_CURVE('',#926,#926,#777,.T.);
#1146=EDGE_CURVE('',#926,#927,#487,.T.);
#1147=EDGE_CURVE('',#927,#927,#778,.T.);
#1148=EDGE_CURVE('',#928,#928,#779,.T.);
#1149=EDGE_CURVE('',#929,#929,#780,.T.);
#1150=EDGE_CURVE('',#929,#930,#488,.T.);
#1151=EDGE_CURVE('',#930,#930,#781,.T.);
#1152=EDGE_CURVE('',#931,#931,#782,.T.);
#1153=EDGE_CURVE('',#932,#932,#783,.T.);
#1154=EDGE_CURVE('',#932,#933,#489,.T.);
#1155=EDGE_CURVE('',#933,#933,#784,.T.);
#1156=EDGE_CURVE('',#934,#934,#785,.T.);
#1157=EDGE_CURVE('',#935,#935,#786,.T.);
#1158=EDGE_CURVE('',#935,#936,#490,.T.);
#1159=EDGE_CURVE('',#936,#936,#787,.T.);
#1160=EDGE_CURVE('',#937,#937,#788,.T.);
#1161=EDGE_CURVE('',#934,#938,#491,.T.);
#1162=EDGE_CURVE('',#938,#938,#789,.T.);
#1163=EDGE_CURVE('',#928,#939,#492,.T.);
#1164=EDGE_CURVE('',#939,#939,#790,.T.);
#1165=EDGE_CURVE('',#937,#940,#493,.T.);
#1166=EDGE_CURVE('',#940,#940,#791,.T.);
#1167=EDGE_CURVE('',#931,#941,#494,.T.);
#1168=EDGE_CURVE('',#941,#941,#792,.T.);
#1169=EDGE_CURVE('',#920,#942,#793,.T.);
#1170=EDGE_CURVE('',#943,#919,#794,.T.);
#1171=EDGE_CURVE('',#942,#943,#495,.T.);
#1172=EDGE_CURVE('',#944,#942,#496,.T.);
#1173=EDGE_CURVE('',#921,#944,#795,.T.);
#1174=EDGE_CURVE('',#924,#945,#796,.T.);
#1175=EDGE_CURVE('',#946,#945,#497,.T.);
#1176=EDGE_CURVE('',#925,#946,#797,.T.);
#1177=EDGE_CURVE('',#947,#923,#798,.T.);
#1178=EDGE_CURVE('',#945,#947,#498,.T.);
#1179=EDGE_CURVE('',#946,#896,#499,.T.);
#1180=EDGE_CURVE('',#948,#947,#500,.T.);
#1181=EDGE_CURVE('',#949,#948,#501,.T.);
#1182=EDGE_CURVE('',#949,#950,#502,.T.);
#1183=EDGE_CURVE('',#950,#893,#503,.T.);
#1184=EDGE_CURVE('',#948,#922,#799,.T.);
#1185=EDGE_CURVE('',#951,#952,#800,.T.);
#1186=EDGE_CURVE('',#953,#952,#504,.T.);
#1187=EDGE_CURVE('',#954,#953,#801,.T.);
#1188=EDGE_CURVE('',#951,#954,#505,.T.);
#1189=EDGE_CURVE('',#955,#956,#802,.T.);
#1190=EDGE_CURVE('',#952,#955,#506,.T.);
#1191=EDGE_CURVE('',#956,#951,#507,.T.);
#1192=EDGE_CURVE('',#957,#943,#508,.T.);
#1193=EDGE_CURVE('',#953,#957,#509,.T.);
#1194=EDGE_CURVE('',#958,#955,#510,.T.);
#1195=EDGE_CURVE('',#944,#958,#511,.T.);
#1196=EDGE_CURVE('',#943,#959,#512,.T.);
#1197=EDGE_CURVE('',#960,#956,#513,.T.);
#1198=EDGE_CURVE('',#958,#960,#803,.T.);
#1199=EDGE_CURVE('',#961,#950,#804,.T.);
#1200=EDGE_CURVE('',#894,#961,#514,.T.);
#1201=EDGE_CURVE('',#895,#954,#515,.T.);
#1202=EDGE_CURVE('',#962,#961,#516,.T.);
#1203=EDGE_CURVE('',#960,#962,#517,.T.);
#1204=EDGE_CURVE('',#962,#949,#805,.T.);
#1205=EDGE_CURVE('',#963,#964,#518,.T.);
#1206=EDGE_CURVE('',#965,#963,#519,.T.);
#1207=EDGE_CURVE('',#966,#965,#520,.T.);
#1208=EDGE_CURVE('',#966,#964,#521,.T.);
#1209=EDGE_CURVE('',#964,#967,#522,.T.);
#1210=EDGE_CURVE('',#968,#966,#523,.T.);
#1211=EDGE_CURVE('',#968,#967,#524,.T.);
#1212=EDGE_CURVE('',#967,#969,#525,.T.);
#1213=EDGE_CURVE('',#970,#968,#526,.T.);
#1214=EDGE_CURVE('',#970,#969,#527,.T.);
#1215=EDGE_CURVE('',#969,#963,#528,.T.);
#1216=EDGE_CURVE('',#965,#970,#529,.T.);
#1217=EDGE_CURVE('',#971,#971,#806,.T.);
#1218=EDGE_CURVE('',#971,#972,#530,.T.);
#1219=EDGE_CURVE('',#972,#972,#807,.T.);
#1220=EDGE_CURVE('',#973,#973,#808,.T.);
#1221=EDGE_CURVE('',#973,#974,#531,.T.);
#1222=EDGE_CURVE('',#974,#974,#809,.T.);
#1223=EDGE_CURVE('',#975,#975,#810,.T.);
#1224=EDGE_CURVE('',#975,#976,#532,.T.);
#1225=EDGE_CURVE('',#976,#976,#811,.T.);
#1226=EDGE_CURVE('',#977,#977,#812,.T.);
#1227=EDGE_CURVE('',#977,#978,#533,.T.);
#1228=EDGE_CURVE('',#978,#978,#813,.T.);
#1229=EDGE_CURVE('',#979,#980,#534,.T.);
#1230=EDGE_CURVE('',#981,#979,#535,.T.);
#1231=EDGE_CURVE('',#982,#981,#536,.T.);
#1232=EDGE_CURVE('',#980,#982,#537,.T.);
#1233=EDGE_CURVE('',#874,#981,#814,.T.);
#1234=EDGE_CURVE('',#982,#873,#815,.T.);
#1235=EDGE_CURVE('',#983,#875,#816,.T.);
#1236=EDGE_CURVE('',#984,#983,#538,.T.);
#1237=EDGE_CURVE('',#876,#984,#817,.T.);
#1238=EDGE_CURVE('',#985,#983,#539,.T.);
#1239=EDGE_CURVE('',#986,#985,#540,.T.);
#1240=EDGE_CURVE('',#984,#986,#541,.T.);
#1241=EDGE_CURVE('',#987,#985,#818,.T.);
#1242=EDGE_CURVE('',#988,#987,#542,.T.);
#1243=EDGE_CURVE('',#986,#988,#819,.T.);
#1244=EDGE_CURVE('',#989,#987,#543,.T.);
#1245=EDGE_CURVE('',#990,#989,#544,.T.);
#1246=EDGE_CURVE('',#988,#990,#545,.T.);
#1247=EDGE_CURVE('',#979,#989,#820,.T.);
#1248=EDGE_CURVE('',#990,#980,#821,.T.);
#1249=EDGE_CURVE('',#959,#915,#822,.T.);
#1250=EDGE_CURVE('',#943,#959,#546,.T.);
#1251=EDGE_CURVE('',#918,#957,#547,.T.);
#1252=EDGE_CURVE('',#916,#959,#548,.T.);
#1253=EDGE_CURVE('',#991,#992,#549,.T.);
#1254=EDGE_CURVE('',#991,#993,#550,.T.);
#1255=EDGE_CURVE('',#994,#993,#551,.T.);
#1256=EDGE_CURVE('',#992,#994,#552,.T.);
#1257=EDGE_CURVE('',#992,#995,#553,.T.);
#1258=EDGE_CURVE('',#996,#994,#554,.T.);
#1259=EDGE_CURVE('',#995,#996,#555,.T.);
#1260=EDGE_CURVE('',#995,#997,#556,.T.);
#1261=EDGE_CURVE('',#998,#996,#557,.T.);
#1262=EDGE_CURVE('',#997,#998,#558,.T.);
#1263=EDGE_CURVE('',#997,#991,#559,.T.);
#1264=EDGE_CURVE('',#993,#998,#560,.T.);
#1265=ORIENTED_EDGE('',*,*,#999,.F.);
#1266=ORIENTED_EDGE('',*,*,#1000,.T.);
#1267=ORIENTED_EDGE('',*,*,#1001,.F.);
#1268=ORIENTED_EDGE('',*,*,#1000,.F.);
#1269=ORIENTED_EDGE('',*,*,#1002,.F.);
#1270=ORIENTED_EDGE('',*,*,#1003,.T.);
#1271=ORIENTED_EDGE('',*,*,#1004,.F.);
#1272=ORIENTED_EDGE('',*,*,#1003,.F.);
#1273=ORIENTED_EDGE('',*,*,#1005,.F.);
#1274=ORIENTED_EDGE('',*,*,#1006,.T.);
#1275=ORIENTED_EDGE('',*,*,#1007,.F.);
#1276=ORIENTED_EDGE('',*,*,#1006,.F.);
#1277=ORIENTED_EDGE('',*,*,#1008,.F.);
#1278=ORIENTED_EDGE('',*,*,#1009,.T.);
#1279=ORIENTED_EDGE('',*,*,#1010,.F.);
#1280=ORIENTED_EDGE('',*,*,#1009,.F.);
#1281=ORIENTED_EDGE('',*,*,#1011,.T.);
#1282=ORIENTED_EDGE('',*,*,#1012,.T.);
#1283=ORIENTED_EDGE('',*,*,#1013,.F.);
#1284=ORIENTED_EDGE('',*,*,#1014,.F.);
#1285=ORIENTED_EDGE('',*,*,#1015,.T.);
#1286=ORIENTED_EDGE('',*,*,#1014,.T.);
#1287=ORIENTED_EDGE('',*,*,#1016,.F.);
#1288=ORIENTED_EDGE('',*,*,#1017,.F.);
#1289=ORIENTED_EDGE('',*,*,#1018,.T.);
#1290=ORIENTED_EDGE('',*,*,#1017,.T.);
#1291=ORIENTED_EDGE('',*,*,#1019,.F.);
#1292=ORIENTED_EDGE('',*,*,#1020,.F.);
#1293=ORIENTED_EDGE('',*,*,#1021,.T.);
#1294=ORIENTED_EDGE('',*,*,#1020,.T.);
#1295=ORIENTED_EDGE('',*,*,#1022,.F.);
#1296=ORIENTED_EDGE('',*,*,#1023,.F.);
#1297=ORIENTED_EDGE('',*,*,#1024,.T.);
#1298=ORIENTED_EDGE('',*,*,#1023,.T.);
#1299=ORIENTED_EDGE('',*,*,#1025,.F.);
#1300=ORIENTED_EDGE('',*,*,#1026,.F.);
#1301=ORIENTED_EDGE('',*,*,#1027,.T.);
#1302=ORIENTED_EDGE('',*,*,#1026,.T.);
#1303=ORIENTED_EDGE('',*,*,#1028,.F.);
#1304=ORIENTED_EDGE('',*,*,#1029,.F.);
#1305=ORIENTED_EDGE('',*,*,#1030,.T.);
#1306=ORIENTED_EDGE('',*,*,#1029,.T.);
#1307=ORIENTED_EDGE('',*,*,#1031,.F.);
#1308=ORIENTED_EDGE('',*,*,#1032,.F.);
#1309=ORIENTED_EDGE('',*,*,#1033,.T.);
#1310=ORIENTED_EDGE('',*,*,#1032,.T.);
#1311=ORIENTED_EDGE('',*,*,#1034,.F.);
#1312=ORIENTED_EDGE('',*,*,#1012,.F.);
#1313=ORIENTED_EDGE('',*,*,#1034,.T.);
#1314=ORIENTED_EDGE('',*,*,#1031,.T.);
#1315=ORIENTED_EDGE('',*,*,#1028,.T.);
#1316=ORIENTED_EDGE('',*,*,#1025,.T.);
#1317=ORIENTED_EDGE('',*,*,#1022,.T.);
#1318=ORIENTED_EDGE('',*,*,#1019,.T.);
#1319=ORIENTED_EDGE('',*,*,#1016,.T.);
#1320=ORIENTED_EDGE('',*,*,#1013,.T.);
#1321=ORIENTED_EDGE('',*,*,#999,.T.);
#1322=ORIENTED_EDGE('',*,*,#1002,.T.);
#1323=ORIENTED_EDGE('',*,*,#1005,.T.);
#1324=ORIENTED_EDGE('',*,*,#1008,.T.);
#1325=ORIENTED_EDGE('',*,*,#1033,.F.);
#1326=ORIENTED_EDGE('',*,*,#1011,.F.);
#1327=ORIENTED_EDGE('',*,*,#1015,.F.);
#1328=ORIENTED_EDGE('',*,*,#1018,.F.);
#1329=ORIENTED_EDGE('',*,*,#1021,.F.);
#1330=ORIENTED_EDGE('',*,*,#1024,.F.);
#1331=ORIENTED_EDGE('',*,*,#1027,.F.);
#1332=ORIENTED_EDGE('',*,*,#1030,.F.);
#1333=ORIENTED_EDGE('',*,*,#1001,.T.);
#1334=ORIENTED_EDGE('',*,*,#1004,.T.);
#1335=ORIENTED_EDGE('',*,*,#1007,.T.);
#1336=ORIENTED_EDGE('',*,*,#1010,.T.);
#1337=ORIENTED_EDGE('',*,*,#1035,.F.);
#1338=ORIENTED_EDGE('',*,*,#1036,.T.);
#1339=ORIENTED_EDGE('',*,*,#1037,.F.);
#1340=ORIENTED_EDGE('',*,*,#1036,.F.);
#1341=ORIENTED_EDGE('',*,*,#1038,.T.);
#1342=ORIENTED_EDGE('',*,*,#1039,.T.);
#1343=ORIENTED_EDGE('',*,*,#1040,.T.);
#1344=ORIENTED_EDGE('',*,*,#1041,.T.);
#1345=ORIENTED_EDGE('',*,*,#1039,.F.);
#1346=ORIENTED_EDGE('',*,*,#1042,.T.);
#1347=ORIENTED_EDGE('',*,*,#1043,.F.);
#1348=ORIENTED_EDGE('',*,*,#1044,.F.);
#1349=ORIENTED_EDGE('',*,*,#1045,.T.);
#1350=ORIENTED_EDGE('',*,*,#1046,.T.);
#1351=ORIENTED_EDGE('',*,*,#1047,.T.);
#1352=ORIENTED_EDGE('',*,*,#1048,.T.);
#1353=ORIENTED_EDGE('',*,*,#1046,.F.);
#1354=ORIENTED_EDGE('',*,*,#1049,.T.);
#1355=ORIENTED_EDGE('',*,*,#1050,.F.);
#1356=ORIENTED_EDGE('',*,*,#1051,.F.);
#1357=ORIENTED_EDGE('',*,*,#1052,.F.);
#1358=ORIENTED_EDGE('',*,*,#1053,.T.);
#1359=ORIENTED_EDGE('',*,*,#1040,.F.);
#1360=ORIENTED_EDGE('',*,*,#1044,.T.);
#1361=ORIENTED_EDGE('',*,*,#1054,.F.);
#1362=ORIENTED_EDGE('',*,*,#1055,.T.);
#1363=ORIENTED_EDGE('',*,*,#1056,.F.);
#1364=ORIENTED_EDGE('',*,*,#1057,.F.);
#1365=ORIENTED_EDGE('',*,*,#1058,.F.);
#1366=ORIENTED_EDGE('',*,*,#1059,.F.);
#1367=ORIENTED_EDGE('',*,*,#1060,.T.);
#1368=ORIENTED_EDGE('',*,*,#1061,.F.);
#1369=ORIENTED_EDGE('',*,*,#1060,.F.);
#1370=ORIENTED_EDGE('',*,*,#1062,.F.);
#1371=ORIENTED_EDGE('',*,*,#1063,.T.);
#1372=ORIENTED_EDGE('',*,*,#1064,.F.);
#1373=ORIENTED_EDGE('',*,*,#1065,.F.);
#1374=ORIENTED_EDGE('',*,*,#1063,.F.);
#1375=ORIENTED_EDGE('',*,*,#1066,.F.);
#1376=ORIENTED_EDGE('',*,*,#1049,.F.);
#1377=ORIENTED_EDGE('',*,*,#1045,.F.);
#1378=ORIENTED_EDGE('',*,*,#1067,.T.);
#1379=ORIENTED_EDGE('',*,*,#1068,.F.);
#1380=ORIENTED_EDGE('',*,*,#1055,.F.);
#1381=ORIENTED_EDGE('',*,*,#1069,.F.);
#1382=ORIENTED_EDGE('',*,*,#1058,.T.);
#1383=ORIENTED_EDGE('',*,*,#1066,.T.);
#1384=ORIENTED_EDGE('',*,*,#1062,.T.);
#1385=ORIENTED_EDGE('',*,*,#1059,.T.);
#1386=ORIENTED_EDGE('',*,*,#1069,.T.);
#1387=ORIENTED_EDGE('',*,*,#1054,.T.);
#1388=ORIENTED_EDGE('',*,*,#1043,.T.);
#1389=ORIENTED_EDGE('',*,*,#1070,.T.);
#1390=ORIENTED_EDGE('',*,*,#1050,.T.);
#1391=ORIENTED_EDGE('',*,*,#1071,.T.);
#1392=ORIENTED_EDGE('',*,*,#1072,.F.);
#1393=ORIENTED_EDGE('',*,*,#1073,.F.);
#1394=ORIENTED_EDGE('',*,*,#1074,.F.);
#1395=ORIENTED_EDGE('',*,*,#1035,.T.);
#1396=ORIENTED_EDGE('',*,*,#1053,.F.);
#1397=ORIENTED_EDGE('',*,*,#1075,.T.);
#1398=ORIENTED_EDGE('',*,*,#1076,.T.);
#1399=ORIENTED_EDGE('',*,*,#1077,.T.);
#1400=ORIENTED_EDGE('',*,*,#1067,.F.);
#1401=ORIENTED_EDGE('',*,*,#1048,.F.);
#1402=ORIENTED_EDGE('',*,*,#1078,.T.);
#1403=ORIENTED_EDGE('',*,*,#1041,.F.);
#1404=ORIENTED_EDGE('',*,*,#1079,.T.);
#1405=ORIENTED_EDGE('',*,*,#1080,.T.);
#1406=ORIENTED_EDGE('',*,*,#1081,.T.);
#1407=ORIENTED_EDGE('',*,*,#1082,.T.);
#1408=ORIENTED_EDGE('',*,*,#1083,.T.);
#1409=ORIENTED_EDGE('',*,*,#1084,.T.);
#1410=ORIENTED_EDGE('',*,*,#1085,.T.);
#1411=ORIENTED_EDGE('',*,*,#1086,.T.);
#1412=ORIENTED_EDGE('',*,*,#1052,.T.);
#1413=ORIENTED_EDGE('',*,*,#1087,.F.);
#1414=ORIENTED_EDGE('',*,*,#1088,.F.);
#1415=ORIENTED_EDGE('',*,*,#1075,.F.);
#1416=ORIENTED_EDGE('',*,*,#1065,.T.);
#1417=ORIENTED_EDGE('',*,*,#1089,.T.);
#1418=ORIENTED_EDGE('',*,*,#1090,.T.);
#1419=ORIENTED_EDGE('',*,*,#1087,.T.);
#1420=ORIENTED_EDGE('',*,*,#1056,.T.);
#1421=ORIENTED_EDGE('',*,*,#1068,.T.);
#1422=ORIENTED_EDGE('',*,*,#1057,.T.);
#1423=ORIENTED_EDGE('',*,*,#1061,.T.);
#1424=ORIENTED_EDGE('',*,*,#1064,.T.);
#1425=ORIENTED_EDGE('',*,*,#1077,.F.);
#1426=ORIENTED_EDGE('',*,*,#1091,.T.);
#1427=ORIENTED_EDGE('',*,*,#1089,.F.);
#1428=ORIENTED_EDGE('',*,*,#1078,.F.);
#1429=ORIENTED_EDGE('',*,*,#1047,.F.);
#1430=ORIENTED_EDGE('',*,*,#1051,.T.);
#1431=ORIENTED_EDGE('',*,*,#1070,.F.);
#1432=ORIENTED_EDGE('',*,*,#1042,.F.);
#1433=ORIENTED_EDGE('',*,*,#1038,.F.);
#1434=ORIENTED_EDGE('',*,*,#1076,.F.);
#1435=ORIENTED_EDGE('',*,*,#1088,.T.);
#1436=ORIENTED_EDGE('',*,*,#1090,.F.);
#1437=ORIENTED_EDGE('',*,*,#1091,.F.);
#1438=ORIENTED_EDGE('',*,*,#1092,.F.);
#1439=ORIENTED_EDGE('',*,*,#1093,.T.);
#1440=ORIENTED_EDGE('',*,*,#1094,.F.);
#1441=ORIENTED_EDGE('',*,*,#1095,.F.);
#1442=ORIENTED_EDGE('',*,*,#1096,.F.);
#1443=ORIENTED_EDGE('',*,*,#1093,.F.);
#1444=ORIENTED_EDGE('',*,*,#1094,.T.);
#1445=ORIENTED_EDGE('',*,*,#1096,.T.);
#1446=ORIENTED_EDGE('',*,*,#1097,.F.);
#1447=ORIENTED_EDGE('',*,*,#1098,.T.);
#1448=ORIENTED_EDGE('',*,*,#1099,.F.);
#1449=ORIENTED_EDGE('',*,*,#1100,.F.);
#1450=ORIENTED_EDGE('',*,*,#1101,.F.);
#1451=ORIENTED_EDGE('',*,*,#1081,.F.);
#1452=ORIENTED_EDGE('',*,*,#1102,.F.);
#1453=ORIENTED_EDGE('',*,*,#1103,.F.);
#1454=ORIENTED_EDGE('',*,*,#1104,.T.);
#1455=ORIENTED_EDGE('',*,*,#1082,.F.);
#1456=ORIENTED_EDGE('',*,*,#1104,.F.);
#1457=ORIENTED_EDGE('',*,*,#1105,.F.);
#1458=ORIENTED_EDGE('',*,*,#1106,.T.);
#1459=ORIENTED_EDGE('',*,*,#1079,.F.);
#1460=ORIENTED_EDGE('',*,*,#1106,.F.);
#1461=ORIENTED_EDGE('',*,*,#1107,.F.);
#1462=ORIENTED_EDGE('',*,*,#1108,.T.);
#1463=ORIENTED_EDGE('',*,*,#1080,.F.);
#1464=ORIENTED_EDGE('',*,*,#1108,.F.);
#1465=ORIENTED_EDGE('',*,*,#1109,.F.);
#1466=ORIENTED_EDGE('',*,*,#1102,.T.);
#1467=ORIENTED_EDGE('',*,*,#1110,.F.);
#1468=ORIENTED_EDGE('',*,*,#1111,.T.);
#1469=ORIENTED_EDGE('',*,*,#1083,.F.);
#1470=ORIENTED_EDGE('',*,*,#1112,.F.);
#1471=ORIENTED_EDGE('',*,*,#1113,.F.);
#1472=ORIENTED_EDGE('',*,*,#1114,.T.);
#1473=ORIENTED_EDGE('',*,*,#1084,.F.);
#1474=ORIENTED_EDGE('',*,*,#1111,.F.);
#1475=ORIENTED_EDGE('',*,*,#1115,.F.);
#1476=ORIENTED_EDGE('',*,*,#1116,.T.);
#1477=ORIENTED_EDGE('',*,*,#1085,.F.);
#1478=ORIENTED_EDGE('',*,*,#1114,.F.);
#1479=ORIENTED_EDGE('',*,*,#1117,.F.);
#1480=ORIENTED_EDGE('',*,*,#1112,.T.);
#1481=ORIENTED_EDGE('',*,*,#1086,.F.);
#1482=ORIENTED_EDGE('',*,*,#1116,.F.);
#1483=ORIENTED_EDGE('',*,*,#1118,.F.);
#1484=ORIENTED_EDGE('',*,*,#1119,.T.);
#1485=ORIENTED_EDGE('',*,*,#1120,.F.);
#1486=ORIENTED_EDGE('',*,*,#1119,.F.);
#1487=ORIENTED_EDGE('',*,*,#1121,.F.);
#1488=ORIENTED_EDGE('',*,*,#1122,.T.);
#1489=ORIENTED_EDGE('',*,*,#1123,.F.);
#1490=ORIENTED_EDGE('',*,*,#1122,.F.);
#1491=ORIENTED_EDGE('',*,*,#1124,.F.);
#1492=ORIENTED_EDGE('',*,*,#1125,.T.);
#1493=ORIENTED_EDGE('',*,*,#1126,.F.);
#1494=ORIENTED_EDGE('',*,*,#1127,.F.);
#1495=ORIENTED_EDGE('',*,*,#1118,.T.);
#1496=ORIENTED_EDGE('',*,*,#1121,.T.);
#1497=ORIENTED_EDGE('',*,*,#1128,.F.);
#1498=ORIENTED_EDGE('',*,*,#1127,.T.);
#1499=ORIENTED_EDGE('',*,*,#1129,.F.);
#1500=ORIENTED_EDGE('',*,*,#1130,.F.);
#1501=ORIENTED_EDGE('',*,*,#1131,.F.);
#1502=ORIENTED_EDGE('',*,*,#1132,.F.);
#1503=ORIENTED_EDGE('',*,*,#1130,.T.);
#1504=ORIENTED_EDGE('',*,*,#1133,.F.);
#1505=ORIENTED_EDGE('',*,*,#1134,.F.);
#1506=ORIENTED_EDGE('',*,*,#1135,.T.);
#1507=ORIENTED_EDGE('',*,*,#1120,.T.);
#1508=ORIENTED_EDGE('',*,*,#1123,.T.);
#1509=ORIENTED_EDGE('',*,*,#1136,.T.);
#1510=ORIENTED_EDGE('',*,*,#1133,.T.);
#1511=ORIENTED_EDGE('',*,*,#1129,.T.);
#1512=ORIENTED_EDGE('',*,*,#1126,.T.);
#1513=ORIENTED_EDGE('',*,*,#1124,.T.);
#1514=ORIENTED_EDGE('',*,*,#1128,.T.);
#1515=ORIENTED_EDGE('',*,*,#1132,.T.);
#1516=ORIENTED_EDGE('',*,*,#1137,.F.);
#1517=ORIENTED_EDGE('',*,*,#1138,.T.);
#1518=ORIENTED_EDGE('',*,*,#1139,.F.);
#1519=ORIENTED_EDGE('',*,*,#1140,.F.);
#1520=ORIENTED_EDGE('',*,*,#1141,.T.);
#1521=ORIENTED_EDGE('',*,*,#1142,.T.);
#1522=ORIENTED_EDGE('',*,*,#1143,.T.);
#1523=ORIENTED_EDGE('',*,*,#1144,.F.);
#1524=ORIENTED_EDGE('',*,*,#1037,.T.);
#1525=ORIENTED_EDGE('',*,*,#1107,.T.);
#1526=ORIENTED_EDGE('',*,*,#1105,.T.);
#1527=ORIENTED_EDGE('',*,*,#1103,.T.);
#1528=ORIENTED_EDGE('',*,*,#1109,.T.);
#1529=ORIENTED_EDGE('',*,*,#1110,.T.);
#1530=ORIENTED_EDGE('',*,*,#1117,.T.);
#1531=ORIENTED_EDGE('',*,*,#1115,.T.);
#1532=ORIENTED_EDGE('',*,*,#1113,.T.);
#1533=ORIENTED_EDGE('',*,*,#1145,.F.);
#1534=ORIENTED_EDGE('',*,*,#1146,.T.);
#1535=ORIENTED_EDGE('',*,*,#1147,.T.);
#1536=ORIENTED_EDGE('',*,*,#1146,.F.);
#1537=ORIENTED_EDGE('',*,*,#1147,.F.);
#1538=ORIENTED_EDGE('',*,*,#1148,.F.);
#1539=ORIENTED_EDGE('',*,*,#1149,.F.);
#1540=ORIENTED_EDGE('',*,*,#1150,.T.);
#1541=ORIENTED_EDGE('',*,*,#1151,.T.);
#1542=ORIENTED_EDGE('',*,*,#1150,.F.);
#1543=ORIENTED_EDGE('',*,*,#1151,.F.);
#1544=ORIENTED_EDGE('',*,*,#1152,.F.);
#1545=ORIENTED_EDGE('',*,*,#1153,.F.);
#1546=ORIENTED_EDGE('',*,*,#1154,.T.);
#1547=ORIENTED_EDGE('',*,*,#1155,.T.);
#1548=ORIENTED_EDGE('',*,*,#1154,.F.);
#1549=ORIENTED_EDGE('',*,*,#1155,.F.);
#1550=ORIENTED_EDGE('',*,*,#1156,.F.);
#1551=ORIENTED_EDGE('',*,*,#1157,.F.);
#1552=ORIENTED_EDGE('',*,*,#1158,.T.);
#1553=ORIENTED_EDGE('',*,*,#1159,.T.);
#1554=ORIENTED_EDGE('',*,*,#1158,.F.);
#1555=ORIENTED_EDGE('',*,*,#1159,.F.);
#1556=ORIENTED_EDGE('',*,*,#1160,.F.);
#1557=ORIENTED_EDGE('',*,*,#1156,.T.);
#1558=ORIENTED_EDGE('',*,*,#1161,.T.);
#1559=ORIENTED_EDGE('',*,*,#1162,.T.);
#1560=ORIENTED_EDGE('',*,*,#1161,.F.);
#1561=ORIENTED_EDGE('',*,*,#1162,.F.);
#1562=ORIENTED_EDGE('',*,*,#1148,.T.);
#1563=ORIENTED_EDGE('',*,*,#1163,.T.);
#1564=ORIENTED_EDGE('',*,*,#1164,.T.);
#1565=ORIENTED_EDGE('',*,*,#1163,.F.);
#1566=ORIENTED_EDGE('',*,*,#1164,.F.);
#1567=ORIENTED_EDGE('',*,*,#1160,.T.);
#1568=ORIENTED_EDGE('',*,*,#1165,.T.);
#1569=ORIENTED_EDGE('',*,*,#1166,.T.);
#1570=ORIENTED_EDGE('',*,*,#1165,.F.);
#1571=ORIENTED_EDGE('',*,*,#1166,.F.);
#1572=ORIENTED_EDGE('',*,*,#1152,.T.);
#1573=ORIENTED_EDGE('',*,*,#1167,.T.);
#1574=ORIENTED_EDGE('',*,*,#1168,.T.);
#1575=ORIENTED_EDGE('',*,*,#1167,.F.);
#1576=ORIENTED_EDGE('',*,*,#1168,.F.);
#1577=ORIENTED_EDGE('',*,*,#1169,.F.);
#1578=ORIENTED_EDGE('',*,*,#1138,.F.);
#1579=ORIENTED_EDGE('',*,*,#1170,.F.);
#1580=ORIENTED_EDGE('',*,*,#1171,.F.);
#1581=ORIENTED_EDGE('',*,*,#1169,.T.);
#1582=ORIENTED_EDGE('',*,*,#1172,.F.);
#1583=ORIENTED_EDGE('',*,*,#1173,.F.);
#1584=ORIENTED_EDGE('',*,*,#1139,.T.);
#1585=ORIENTED_EDGE('',*,*,#1174,.T.);
#1586=ORIENTED_EDGE('',*,*,#1175,.F.);
#1587=ORIENTED_EDGE('',*,*,#1176,.F.);
#1588=ORIENTED_EDGE('',*,*,#1143,.F.);
#1589=ORIENTED_EDGE('',*,*,#1177,.F.);
#1590=ORIENTED_EDGE('',*,*,#1178,.F.);
#1591=ORIENTED_EDGE('',*,*,#1174,.F.);
#1592=ORIENTED_EDGE('',*,*,#1142,.F.);
#1593=ORIENTED_EDGE('',*,*,#1095,.T.);
#1594=ORIENTED_EDGE('',*,*,#1101,.T.);
#1595=ORIENTED_EDGE('',*,*,#1179,.F.);
#1596=ORIENTED_EDGE('',*,*,#1175,.T.);
#1597=ORIENTED_EDGE('',*,*,#1178,.T.);
#1598=ORIENTED_EDGE('',*,*,#1180,.F.);
#1599=ORIENTED_EDGE('',*,*,#1181,.F.);
#1600=ORIENTED_EDGE('',*,*,#1182,.T.);
#1601=ORIENTED_EDGE('',*,*,#1183,.T.);
#1602=ORIENTED_EDGE('',*,*,#1097,.T.);
#1603=ORIENTED_EDGE('',*,*,#1177,.T.);
#1604=ORIENTED_EDGE('',*,*,#1141,.F.);
#1605=ORIENTED_EDGE('',*,*,#1184,.F.);
#1606=ORIENTED_EDGE('',*,*,#1180,.T.);
#1607=ORIENTED_EDGE('',*,*,#1185,.T.);
#1608=ORIENTED_EDGE('',*,*,#1186,.F.);
#1609=ORIENTED_EDGE('',*,*,#1187,.F.);
#1610=ORIENTED_EDGE('',*,*,#1188,.F.);
#1611=ORIENTED_EDGE('',*,*,#1189,.F.);
#1612=ORIENTED_EDGE('',*,*,#1190,.F.);
#1613=ORIENTED_EDGE('',*,*,#1185,.F.);
#1614=ORIENTED_EDGE('',*,*,#1191,.F.);
#1615=ORIENTED_EDGE('',*,*,#1192,.F.);
#1616=ORIENTED_EDGE('',*,*,#1193,.F.);
#1617=ORIENTED_EDGE('',*,*,#1186,.T.);
#1618=ORIENTED_EDGE('',*,*,#1190,.T.);
#1619=ORIENTED_EDGE('',*,*,#1194,.F.);
#1620=ORIENTED_EDGE('',*,*,#1195,.F.);
#1621=ORIENTED_EDGE('',*,*,#1172,.T.);
#1622=ORIENTED_EDGE('',*,*,#1171,.T.);
#1623=ORIENTED_EDGE('',*,*,#1196,.T.);
#1624=ORIENTED_EDGE('',*,*,#1196,.F.);
#1625=ORIENTED_EDGE('',*,*,#1189,.T.);
#1626=ORIENTED_EDGE('',*,*,#1197,.F.);
#1627=ORIENTED_EDGE('',*,*,#1198,.F.);
#1628=ORIENTED_EDGE('',*,*,#1194,.T.);
#1629=ORIENTED_EDGE('',*,*,#1199,.F.);
#1630=ORIENTED_EDGE('',*,*,#1200,.F.);
#1631=ORIENTED_EDGE('',*,*,#1098,.F.);
#1632=ORIENTED_EDGE('',*,*,#1183,.F.);
#1633=ORIENTED_EDGE('',*,*,#1188,.T.);
#1634=ORIENTED_EDGE('',*,*,#1201,.F.);
#1635=ORIENTED_EDGE('',*,*,#1099,.T.);
#1636=ORIENTED_EDGE('',*,*,#1200,.T.);
#1637=ORIENTED_EDGE('',*,*,#1202,.F.);
#1638=ORIENTED_EDGE('',*,*,#1203,.F.);
#1639=ORIENTED_EDGE('',*,*,#1197,.T.);
#1640=ORIENTED_EDGE('',*,*,#1191,.T.);
#1641=ORIENTED_EDGE('',*,*,#1199,.T.);
#1642=ORIENTED_EDGE('',*,*,#1182,.F.);
#1643=ORIENTED_EDGE('',*,*,#1204,.F.);
#1644=ORIENTED_EDGE('',*,*,#1202,.T.);
#1645=ORIENTED_EDGE('',*,*,#1205,.F.);
#1646=ORIENTED_EDGE('',*,*,#1206,.F.);
#1647=ORIENTED_EDGE('',*,*,#1207,.F.);
#1648=ORIENTED_EDGE('',*,*,#1208,.T.);
#1649=ORIENTED_EDGE('',*,*,#1209,.F.);
#1650=ORIENTED_EDGE('',*,*,#1208,.F.);
#1651=ORIENTED_EDGE('',*,*,#1210,.F.);
#1652=ORIENTED_EDGE('',*,*,#1211,.T.);
#1653=ORIENTED_EDGE('',*,*,#1212,.F.);
#1654=ORIENTED_EDGE('',*,*,#1211,.F.);
#1655=ORIENTED_EDGE('',*,*,#1213,.F.);
#1656=ORIENTED_EDGE('',*,*,#1214,.T.);
#1657=ORIENTED_EDGE('',*,*,#1215,.F.);
#1658=ORIENTED_EDGE('',*,*,#1214,.F.);
#1659=ORIENTED_EDGE('',*,*,#1216,.F.);
#1660=ORIENTED_EDGE('',*,*,#1206,.T.);
#1661=ORIENTED_EDGE('',*,*,#1217,.F.);
#1662=ORIENTED_EDGE('',*,*,#1218,.T.);
#1663=ORIENTED_EDGE('',*,*,#1219,.T.);
#1664=ORIENTED_EDGE('',*,*,#1218,.F.);
#1665=ORIENTED_EDGE('',*,*,#1220,.F.);
#1666=ORIENTED_EDGE('',*,*,#1221,.T.);
#1667=ORIENTED_EDGE('',*,*,#1222,.T.);
#1668=ORIENTED_EDGE('',*,*,#1221,.F.);
#1669=ORIENTED_EDGE('',*,*,#1223,.F.);
#1670=ORIENTED_EDGE('',*,*,#1224,.T.);
#1671=ORIENTED_EDGE('',*,*,#1225,.T.);
#1672=ORIENTED_EDGE('',*,*,#1224,.F.);
#1673=ORIENTED_EDGE('',*,*,#1226,.F.);
#1674=ORIENTED_EDGE('',*,*,#1227,.T.);
#1675=ORIENTED_EDGE('',*,*,#1228,.T.);
#1676=ORIENTED_EDGE('',*,*,#1227,.F.);
#1677=ORIENTED_EDGE('',*,*,#1229,.F.);
#1678=ORIENTED_EDGE('',*,*,#1230,.F.);
#1679=ORIENTED_EDGE('',*,*,#1231,.F.);
#1680=ORIENTED_EDGE('',*,*,#1232,.F.);
#1681=ORIENTED_EDGE('',*,*,#1092,.T.);
#1682=ORIENTED_EDGE('',*,*,#1231,.T.);
#1683=ORIENTED_EDGE('',*,*,#1233,.F.);
#1684=ORIENTED_EDGE('',*,*,#1071,.F.);
#1685=ORIENTED_EDGE('',*,*,#1234,.F.);
#1686=ORIENTED_EDGE('',*,*,#1073,.T.);
#1687=ORIENTED_EDGE('',*,*,#1235,.F.);
#1688=ORIENTED_EDGE('',*,*,#1236,.F.);
#1689=ORIENTED_EDGE('',*,*,#1237,.F.);
#1690=ORIENTED_EDGE('',*,*,#1236,.T.);
#1691=ORIENTED_EDGE('',*,*,#1238,.F.);
#1692=ORIENTED_EDGE('',*,*,#1239,.F.);
#1693=ORIENTED_EDGE('',*,*,#1240,.F.);
#1694=ORIENTED_EDGE('',*,*,#1239,.T.);
#1695=ORIENTED_EDGE('',*,*,#1241,.F.);
#1696=ORIENTED_EDGE('',*,*,#1242,.F.);
#1697=ORIENTED_EDGE('',*,*,#1243,.F.);
#1698=ORIENTED_EDGE('',*,*,#1242,.T.);
#1699=ORIENTED_EDGE('',*,*,#1244,.F.);
#1700=ORIENTED_EDGE('',*,*,#1245,.F.);
#1701=ORIENTED_EDGE('',*,*,#1246,.F.);
#1702=ORIENTED_EDGE('',*,*,#1245,.T.);
#1703=ORIENTED_EDGE('',*,*,#1247,.F.);
#1704=ORIENTED_EDGE('',*,*,#1229,.T.);
#1705=ORIENTED_EDGE('',*,*,#1248,.F.);
#1706=ORIENTED_EDGE('',*,*,#1247,.T.);
#1707=ORIENTED_EDGE('',*,*,#1244,.T.);
#1708=ORIENTED_EDGE('',*,*,#1241,.T.);
#1709=ORIENTED_EDGE('',*,*,#1238,.T.);
#1710=ORIENTED_EDGE('',*,*,#1235,.T.);
#1711=ORIENTED_EDGE('',*,*,#1072,.T.);
#1712=ORIENTED_EDGE('',*,*,#1233,.T.);
#1713=ORIENTED_EDGE('',*,*,#1230,.T.);
#1714=ORIENTED_EDGE('',*,*,#1212,.T.);
#1715=ORIENTED_EDGE('',*,*,#1215,.T.);
#1716=ORIENTED_EDGE('',*,*,#1205,.T.);
#1717=ORIENTED_EDGE('',*,*,#1209,.T.);
#1718=ORIENTED_EDGE('',*,*,#1226,.T.);
#1719=ORIENTED_EDGE('',*,*,#1223,.T.);
#1720=ORIENTED_EDGE('',*,*,#1220,.T.);
#1721=ORIENTED_EDGE('',*,*,#1217,.T.);
#1722=ORIENTED_EDGE('',*,*,#1195,.T.);
#1723=ORIENTED_EDGE('',*,*,#1198,.T.);
#1724=ORIENTED_EDGE('',*,*,#1203,.T.);
#1725=ORIENTED_EDGE('',*,*,#1204,.T.);
#1726=ORIENTED_EDGE('',*,*,#1181,.T.);
#1727=ORIENTED_EDGE('',*,*,#1184,.T.);
#1728=ORIENTED_EDGE('',*,*,#1140,.T.);
#1729=ORIENTED_EDGE('',*,*,#1173,.T.);
#1730=ORIENTED_EDGE('',*,*,#1213,.T.);
#1731=ORIENTED_EDGE('',*,*,#1210,.T.);
#1732=ORIENTED_EDGE('',*,*,#1207,.T.);
#1733=ORIENTED_EDGE('',*,*,#1216,.T.);
#1734=ORIENTED_EDGE('',*,*,#1228,.F.);
#1735=ORIENTED_EDGE('',*,*,#1225,.F.);
#1736=ORIENTED_EDGE('',*,*,#1222,.F.);
#1737=ORIENTED_EDGE('',*,*,#1219,.F.);
#1738=ORIENTED_EDGE('',*,*,#1170,.T.);
#1739=ORIENTED_EDGE('',*,*,#1137,.T.);
#1740=ORIENTED_EDGE('',*,*,#1249,.F.);
#1741=ORIENTED_EDGE('',*,*,#1250,.F.);
#1742=ORIENTED_EDGE('',*,*,#1251,.T.);
#1743=ORIENTED_EDGE('',*,*,#1192,.T.);
#1744=ORIENTED_EDGE('',*,*,#1250,.T.);
#1745=ORIENTED_EDGE('',*,*,#1252,.F.);
#1746=ORIENTED_EDGE('',*,*,#1135,.F.);
#1747=ORIENTED_EDGE('',*,*,#1248,.T.);
#1748=ORIENTED_EDGE('',*,*,#1232,.T.);
#1749=ORIENTED_EDGE('',*,*,#1234,.T.);
#1750=ORIENTED_EDGE('',*,*,#1074,.T.);
#1751=ORIENTED_EDGE('',*,*,#1237,.T.);
#1752=ORIENTED_EDGE('',*,*,#1240,.T.);
#1753=ORIENTED_EDGE('',*,*,#1243,.T.);
#1754=ORIENTED_EDGE('',*,*,#1246,.T.);
#1755=ORIENTED_EDGE('',*,*,#1157,.T.);
#1756=ORIENTED_EDGE('',*,*,#1153,.T.);
#1757=ORIENTED_EDGE('',*,*,#1149,.T.);
#1758=ORIENTED_EDGE('',*,*,#1145,.T.);
#1759=ORIENTED_EDGE('',*,*,#1134,.T.);
#1760=ORIENTED_EDGE('',*,*,#1136,.F.);
#1761=ORIENTED_EDGE('',*,*,#1125,.F.);
#1762=ORIENTED_EDGE('',*,*,#1144,.T.);
#1763=ORIENTED_EDGE('',*,*,#1176,.T.);
#1764=ORIENTED_EDGE('',*,*,#1179,.T.);
#1765=ORIENTED_EDGE('',*,*,#1100,.T.);
#1766=ORIENTED_EDGE('',*,*,#1201,.T.);
#1767=ORIENTED_EDGE('',*,*,#1187,.T.);
#1768=ORIENTED_EDGE('',*,*,#1193,.T.);
#1769=ORIENTED_EDGE('',*,*,#1251,.F.);
#1770=ORIENTED_EDGE('',*,*,#1131,.T.);
#1771=ORIENTED_EDGE('',*,*,#1252,.T.);
#1772=ORIENTED_EDGE('',*,*,#1249,.T.);
#1773=ORIENTED_EDGE('',*,*,#1253,.F.);
#1774=ORIENTED_EDGE('',*,*,#1254,.T.);
#1775=ORIENTED_EDGE('',*,*,#1255,.F.);
#1776=ORIENTED_EDGE('',*,*,#1256,.F.);
#1777=ORIENTED_EDGE('',*,*,#1257,.F.);
#1778=ORIENTED_EDGE('',*,*,#1256,.T.);
#1779=ORIENTED_EDGE('',*,*,#1258,.F.);
#1780=ORIENTED_EDGE('',*,*,#1259,.F.);
#1781=ORIENTED_EDGE('',*,*,#1260,.F.);
#1782=ORIENTED_EDGE('',*,*,#1259,.T.);
#1783=ORIENTED_EDGE('',*,*,#1261,.F.);
#1784=ORIENTED_EDGE('',*,*,#1262,.F.);
#1785=ORIENTED_EDGE('',*,*,#1263,.F.);
#1786=ORIENTED_EDGE('',*,*,#1262,.T.);
#1787=ORIENTED_EDGE('',*,*,#1264,.F.);
#1788=ORIENTED_EDGE('',*,*,#1254,.F.);
#1789=ORIENTED_EDGE('',*,*,#1264,.T.);
#1790=ORIENTED_EDGE('',*,*,#1261,.T.);
#1791=ORIENTED_EDGE('',*,*,#1258,.T.);
#1792=ORIENTED_EDGE('',*,*,#1255,.T.);
#1793=ORIENTED_EDGE('',*,*,#1263,.T.);
#1794=ORIENTED_EDGE('',*,*,#1253,.T.);
#1795=ORIENTED_EDGE('',*,*,#1257,.T.);
#1796=ORIENTED_EDGE('',*,*,#1260,.T.);
#1797=CYLINDRICAL_SURFACE('',#1972,1.5);
#1798=CYLINDRICAL_SURFACE('',#1975,1.5);
#1799=CYLINDRICAL_SURFACE('',#1978,1.5);
#1800=CYLINDRICAL_SURFACE('',#1981,1.5);
#1801=CYLINDRICAL_SURFACE('',#1984,5.99999999999998);
#1802=CYLINDRICAL_SURFACE('',#1988,5.99999999999999);
#1803=CYLINDRICAL_SURFACE('',#1992,5.99999999999997);
#1804=CYLINDRICAL_SURFACE('',#1996,5.99999999999998);
#1805=CYLINDRICAL_SURFACE('',#2002,4.025);
#1806=CYLINDRICAL_SURFACE('',#2005,3.);
#1807=CYLINDRICAL_SURFACE('',#2009,3.);
#1808=CYLINDRICAL_SURFACE('',#2029,1.6);
#1809=CYLINDRICAL_SURFACE('',#2032,12.5907509883728);
#1810=CYLINDRICAL_SURFACE('',#2036,1.65);
#1811=CYLINDRICAL_SURFACE('',#2039,1.65);
#1812=CYLINDRICAL_SURFACE('',#2042,1.65);
#1813=CYLINDRICAL_SURFACE('',#2045,1.65);
#1814=CYLINDRICAL_SURFACE('',#2047,0.799999999999998);
#1815=CYLINDRICAL_SURFACE('',#2050,0.800000000000003);
#1816=CYLINDRICAL_SURFACE('',#2058,2.4);
#1817=CYLINDRICAL_SURFACE('',#2063,2.4);
#1818=CYLINDRICAL_SURFACE('',#2068,2.4);
#1819=CYLINDRICAL_SURFACE('',#2073,2.4);
#1820=CYLINDRICAL_SURFACE('',#2078,1.5);
#1821=CYLINDRICAL_SURFACE('',#2081,1.5);
#1822=CYLINDRICAL_SURFACE('',#2084,1.5);
#1823=CYLINDRICAL_SURFACE('',#2087,1.5);
#1824=CYLINDRICAL_SURFACE('',#2093,2.99999999999999);
#1825=CYLINDRICAL_SURFACE('',#2095,12.5907696019972);
#1826=CYLINDRICAL_SURFACE('',#2101,2.99999999999998);
#1827=CYLINDRICAL_SURFACE('',#2103,12.5907696019984);
#1828=CYLINDRICAL_SURFACE('',#2109,2.99999999999997);
#1829=CYLINDRICAL_SURFACE('',#2114,2.99999999999999);
#1830=CYLINDRICAL_SURFACE('',#2120,1.85);
#1831=CYLINDRICAL_SURFACE('',#2123,1.85);
#1832=CYLINDRICAL_SURFACE('',#2126,2.1);
#1833=CYLINDRICAL_SURFACE('',#2129,2.1);
#1834=CYLINDRICAL_SURFACE('',#2133,5.99999999999998);
#1835=CYLINDRICAL_SURFACE('',#2136,5.99999999999999);
#1836=CYLINDRICAL_SURFACE('',#2140,5.99999999999997);
#1837=CYLINDRICAL_SURFACE('',#2144,5.99999999999999);
#1838=CYLINDRICAL_SURFACE('',#2149,12.5907696019972);
#1839=ADVANCED_FACE('',(#134),#1797,.F.);
#1840=ADVANCED_FACE('',(#135),#1798,.F.);
#1841=ADVANCED_FACE('',(#136),#1799,.F.);
#1842=ADVANCED_FACE('',(#137),#1800,.F.);
#1843=ADVANCED_FACE('',(#138),#1801,.T.);
#1844=ADVANCED_FACE('',(#139),#72,.T.);
#1845=ADVANCED_FACE('',(#140),#1802,.T.);
#1846=ADVANCED_FACE('',(#141),#73,.T.);
#1847=ADVANCED_FACE('',(#142),#1803,.T.);
#1848=ADVANCED_FACE('',(#143),#74,.T.);
#1849=ADVANCED_FACE('',(#144),#1804,.T.);
#1850=ADVANCED_FACE('',(#145),#75,.T.);
#1851=ADVANCED_FACE('',(#146,#33,#34,#35,#36),#76,.T.);
#1852=ADVANCED_FACE('',(#147,#37,#38,#39,#40),#77,.F.);
#1853=ADVANCED_FACE('',(#148),#1805,.F.);
#1854=ADVANCED_FACE('',(#149),#1806,.F.);
#1855=ADVANCED_FACE('',(#150),#78,.T.);
#1856=ADVANCED_FACE('',(#151),#1807,.F.);
#1857=ADVANCED_FACE('',(#152),#79,.T.);
#1858=ADVANCED_FACE('',(#153),#80,.F.);
#1859=ADVANCED_FACE('',(#154),#81,.F.);
#1860=ADVANCED_FACE('',(#155),#82,.F.);
#1861=ADVANCED_FACE('',(#156),#83,.F.);
#1862=ADVANCED_FACE('',(#157),#84,.F.);
#1863=ADVANCED_FACE('',(#158),#85,.T.);
#1864=ADVANCED_FACE('',(#159,#41,#42,#43,#44),#86,.T.);
#1865=ADVANCED_FACE('',(#160),#87,.T.);
#1866=ADVANCED_FACE('',(#161),#88,.F.);
#1867=ADVANCED_FACE('',(#162),#89,.T.);
#1868=ADVANCED_FACE('',(#163),#90,.T.);
#1869=ADVANCED_FACE('',(#164),#91,.T.);
#1870=ADVANCED_FACE('',(#165),#1808,.F.);
#1871=ADVANCED_FACE('',(#166),#1809,.T.);
#1872=ADVANCED_FACE('',(#167),#92,.F.);
#1873=ADVANCED_FACE('',(#168),#1810,.F.);
#1874=ADVANCED_FACE('',(#169),#93,.F.);
#1875=ADVANCED_FACE('',(#170),#1811,.F.);
#1876=ADVANCED_FACE('',(#171),#94,.F.);
#1877=ADVANCED_FACE('',(#172),#1812,.F.);
#1878=ADVANCED_FACE('',(#173),#95,.F.);
#1879=ADVANCED_FACE('',(#174),#1813,.F.);
#1880=ADVANCED_FACE('',(#175),#1814,.F.);
#1881=ADVANCED_FACE('',(#176),#1815,.F.);
#1882=ADVANCED_FACE('',(#177,#45,#46),#96,.T.);
#1883=ADVANCED_FACE('',(#178),#97,.T.);
#1884=ADVANCED_FACE('',(#179,#47,#48),#98,.T.);
#1885=ADVANCED_FACE('',(#180),#99,.T.);
#1886=ADVANCED_FACE('',(#181,#49,#50,#51),#100,.T.);
#1887=ADVANCED_FACE('',(#182),#1816,.F.);
#1888=ADVANCED_FACE('',(#183,#52),#101,.T.);
#1889=ADVANCED_FACE('',(#184),#1817,.F.);
#1890=ADVANCED_FACE('',(#185,#53),#102,.T.);
#1891=ADVANCED_FACE('',(#186),#1818,.F.);
#1892=ADVANCED_FACE('',(#187,#54),#103,.T.);
#1893=ADVANCED_FACE('',(#188),#1819,.F.);
#1894=ADVANCED_FACE('',(#189,#55),#104,.T.);
#1895=ADVANCED_FACE('',(#190),#1820,.F.);
#1896=ADVANCED_FACE('',(#191),#105,.T.);
#1897=ADVANCED_FACE('',(#192),#1821,.F.);
#1898=ADVANCED_FACE('',(#193),#106,.T.);
#1899=ADVANCED_FACE('',(#194),#1822,.F.);
#1900=ADVANCED_FACE('',(#195),#107,.T.);
#1901=ADVANCED_FACE('',(#196),#1823,.F.);
#1902=ADVANCED_FACE('',(#197),#108,.T.);
#1903=ADVANCED_FACE('',(#198),#109,.F.);
#1904=ADVANCED_FACE('',(#199),#1824,.F.);
#1905=ADVANCED_FACE('',(#200),#1825,.T.);
#1906=ADVANCED_FACE('',(#201),#110,.F.);
#1907=ADVANCED_FACE('',(#202),#111,.T.);
#1908=ADVANCED_FACE('',(#203),#1826,.F.);
#1909=ADVANCED_FACE('',(#204),#1827,.T.);
#1910=ADVANCED_FACE('',(#205),#112,.F.);
#1911=ADVANCED_FACE('',(#206),#113,.T.);
#1912=ADVANCED_FACE('',(#207),#1828,.F.);
#1913=ADVANCED_FACE('',(#208),#114,.F.);
#1914=ADVANCED_FACE('',(#209),#115,.T.);
#1915=ADVANCED_FACE('',(#210),#1829,.F.);
#1916=ADVANCED_FACE('',(#211),#116,.F.);
#1917=ADVANCED_FACE('',(#212),#117,.F.);
#1918=ADVANCED_FACE('',(#213),#118,.F.);
#1919=ADVANCED_FACE('',(#214),#119,.F.);
#1920=ADVANCED_FACE('',(#215),#1830,.F.);
#1921=ADVANCED_FACE('',(#216),#1831,.F.);
#1922=ADVANCED_FACE('',(#217),#1832,.F.);
#1923=ADVANCED_FACE('',(#218),#1833,.F.);
#1924=ADVANCED_FACE('',(#219,#56),#120,.T.);
#1925=ADVANCED_FACE('',(#220),#1834,.T.);
#1926=ADVANCED_FACE('',(#221),#1835,.T.);
#1927=ADVANCED_FACE('',(#222),#121,.T.);
#1928=ADVANCED_FACE('',(#223),#1836,.T.);
#1929=ADVANCED_FACE('',(#224),#122,.T.);
#1930=ADVANCED_FACE('',(#225),#1837,.T.);
#1931=ADVANCED_FACE('',(#226,#57,#58,#59,#60,#61),#123,.T.);
#1932=ADVANCED_FACE('',(#227,#62,#63,#64,#65,#66),#124,.F.);
#1933=ADVANCED_FACE('',(#228),#1838,.F.);
#1934=ADVANCED_FACE('',(#229),#125,.T.);
#1935=ADVANCED_FACE('',(#230,#67,#68,#69,#70,#71),#126,.T.);
#1936=ADVANCED_FACE('',(#231),#127,.F.);
#1937=ADVANCED_FACE('',(#232),#128,.T.);
#1938=ADVANCED_FACE('',(#233),#129,.T.);
#1939=ADVANCED_FACE('',(#234),#130,.T.);
#1940=ADVANCED_FACE('',(#235),#131,.T.);
#1941=ADVANCED_FACE('',(#236),#132,.T.);
#1942=ADVANCED_FACE('',(#237),#133,.F.);
#1943=CLOSED_SHELL('',(#1839,#1840,#1841,#1842,#1843,#1844,#1845,#1846,
#1847,#1848,#1849,#1850,#1851,#1852));
#1944=CLOSED_SHELL('',(#1853,#1854,#1855,#1856,#1857,#1858,#1859,#1860,
#1861,#1862,#1863,#1864,#1865,#1866,#1867,#1868,#1869,#1870,#1871,#1872,
#1873,#1874,#1875,#1876,#1877,#1878,#1879,#1880,#1881,#1882,#1883,#1884,
#1885,#1886,#1887,#1888,#1889,#1890,#1891,#1892,#1893,#1894,#1895,#1896,
#1897,#1898,#1899,#1900,#1901,#1902,#1903,#1904,#1905,#1906,#1907,#1908,
#1909,#1910,#1911,#1912,#1913,#1914,#1915,#1916,#1917,#1918,#1919,#1920,
#1921,#1922,#1923,#1924,#1925,#1926,#1927,#1928,#1929,#1930,#1931,#1932,
#1933,#1934,#1935,#1936));
#1945=CLOSED_SHELL('',(#1937,#1938,#1939,#1940,#1941,#1942));
#1946=DERIVED_UNIT_ELEMENT(#1950,1.);
#1947=DERIVED_UNIT_ELEMENT(#3310,-3.);
#1948=DERIVED_UNIT_ELEMENT(#1950,1.);
#1949=DERIVED_UNIT_ELEMENT(#3310,-3.);
#1950=(
MASS_UNIT()
NAMED_UNIT(*)
SI_UNIT(.KILO.,.GRAM.)
);
#1951=DERIVED_UNIT((#1946,#1947));
#1952=DERIVED_UNIT((#1948,#1949));
#1953=MEASURE_REPRESENTATION_ITEM('density measure',
POSITIVE_RATIO_MEASURE(7850.),#1951);
#1954=MEASURE_REPRESENTATION_ITEM('density measure',
POSITIVE_RATIO_MEASURE(7850.),#1952);
#1955=PROPERTY_DEFINITION_REPRESENTATION(#1965,#1959);
#1956=PROPERTY_DEFINITION_REPRESENTATION(#1966,#1960);
#1957=PROPERTY_DEFINITION_REPRESENTATION(#1967,#1961);
#1958=PROPERTY_DEFINITION_REPRESENTATION(#1968,#1962);
#1959=REPRESENTATION('material name',(#1963),#3306);
#1960=REPRESENTATION('density',(#1953),#3306);
#1961=REPRESENTATION('material name',(#1964),#3307);
#1962=REPRESENTATION('density',(#1954),#3307);
#1963=DESCRIPTIVE_REPRESENTATION_ITEM('Steel','Steel');
#1964=DESCRIPTIVE_REPRESENTATION_ITEM('Steel','Steel');
#1965=PROPERTY_DEFINITION('material property','material name',#3326);
#1966=PROPERTY_DEFINITION('material property','density of part',#3326);
#1967=PROPERTY_DEFINITION('material property','material name',#3327);
#1968=PROPERTY_DEFINITION('material property','density of part',#3327);
#1969=AXIS2_PLACEMENT_3D('',#2728,#2162,#2163);
#1970=AXIS2_PLACEMENT_3D('',#2729,#2164,#2165);
#1971=AXIS2_PLACEMENT_3D('',#2730,#2166,#2167);
#1972=AXIS2_PLACEMENT_3D('',#2731,#2168,#2169);
#1973=AXIS2_PLACEMENT_3D('',#2733,#2170,#2171);
#1974=AXIS2_PLACEMENT_3D('',#2736,#2173,#2174);
#1975=AXIS2_PLACEMENT_3D('',#2737,#2175,#2176);
#1976=AXIS2_PLACEMENT_3D('',#2739,#2177,#2178);
#1977=AXIS2_PLACEMENT_3D('',#2742,#2180,#2181);
#1978=AXIS2_PLACEMENT_3D('',#2743,#2182,#2183);
#1979=AXIS2_PLACEMENT_3D('',#2745,#2184,#2185);
#1980=AXIS2_PLACEMENT_3D('',#2748,#2187,#2188);
#1981=AXIS2_PLACEMENT_3D('',#2749,#2189,#2190);
#1982=AXIS2_PLACEMENT_3D('',#2751,#2191,#2192);
#1983=AXIS2_PLACEMENT_3D('',#2754,#2194,#2195);
#1984=AXIS2_PLACEMENT_3D('',#2755,#2196,#2197);
#1985=AXIS2_PLACEMENT_3D('',#2758,#2198,#2199);
#1986=AXIS2_PLACEMENT_3D('',#2762,#2201,#2202);
#1987=AXIS2_PLACEMENT_3D('',#2764,#2204,#2205);
#1988=AXIS2_PLACEMENT_3D('',#2770,#2209,#2210);
#1989=AXIS2_PLACEMENT_3D('',#2772,#2211,#2212);
#1990=AXIS2_PLACEMENT_3D('',#2774,#2213,#2214);
#1991=AXIS2_PLACEMENT_3D('',#2776,#2216,#2217);
#1992=AXIS2_PLACEMENT_3D('',#2782,#2221,#2222);
#1993=AXIS2_PLACEMENT_3D('',#2784,#2223,#2224);
#1994=AXIS2_PLACEMENT_3D('',#2786,#2225,#2226);
#1995=AXIS2_PLACEMENT_3D('',#2788,#2228,#2229);
#1996=AXIS2_PLACEMENT_3D('',#2794,#2233,#2234);
#1997=AXIS2_PLACEMENT_3D('',#2796,#2235,#2236);
#1998=AXIS2_PLACEMENT_3D('',#2798,#2237,#2238);
#1999=AXIS2_PLACEMENT_3D('',#2800,#2240,#2241);
#2000=AXIS2_PLACEMENT_3D('',#2803,#2244,#2245);
#2001=AXIS2_PLACEMENT_3D('',#2804,#2246,#2247);
#2002=AXIS2_PLACEMENT_3D('',#2805,#2248,#2249);
#2003=AXIS2_PLACEMENT_3D('',#2807,#2250,#2251);
#2004=AXIS2_PLACEMENT_3D('',#2810,#2253,#2254);
#2005=AXIS2_PLACEMENT_3D('',#2811,#2255,#2256);
#2006=AXIS2_PLACEMENT_3D('',#2814,#2257,#2258);
#2007=AXIS2_PLACEMENT_3D('',#2818,#2260,#2261);
#2008=AXIS2_PLACEMENT_3D('',#2820,#2263,#2264);
#2009=AXIS2_PLACEMENT_3D('',#2826,#2268,#2269);
#2010=AXIS2_PLACEMENT_3D('',#2829,#2270,#2271);
#2011=AXIS2_PLACEMENT_3D('',#2833,#2273,#2274);
#2012=AXIS2_PLACEMENT_3D('',#2835,#2276,#2277);
#2013=AXIS2_PLACEMENT_3D('',#2841,#2281,#2282);
#2014=AXIS2_PLACEMENT_3D('',#2851,#2288,#2289);
#2015=AXIS2_PLACEMENT_3D('',#2860,#2294,#2295);
#2016=AXIS2_PLACEMENT_3D('',#2866,#2299,#2300);
#2017=AXIS2_PLACEMENT_3D('',#2873,#2305,#2306);
#2018=AXIS2_PLACEMENT_3D('',#2876,#2309,#2310);
#2019=AXIS2_PLACEMENT_3D('',#2878,#2312,#2313);
#2020=AXIS2_PLACEMENT_3D('',#2897,#2323,#2324);
#2021=AXIS2_PLACEMENT_3D('',#2900,#2326,#2327);
#2022=AXIS2_PLACEMENT_3D('',#2905,#2329,#2330);
#2023=AXIS2_PLACEMENT_3D('',#2908,#2332,#2333);
#2024=AXIS2_PLACEMENT_3D('',#2909,#2334,#2335);
#2025=AXIS2_PLACEMENT_3D('',#2913,#2338,#2339);
#2026=AXIS2_PLACEMENT_3D('',#2917,#2342,#2343);
#2027=AXIS2_PLACEMENT_3D('',#2919,#2345,#2346);
#2028=AXIS2_PLACEMENT_3D('',#2920,#2347,#2348);
#2029=AXIS2_PLACEMENT_3D('',#2921,#2349,#2350);
#2030=AXIS2_PLACEMENT_3D('',#2923,#2351,#2352);
#2031=AXIS2_PLACEMENT_3D('',#2940,#2354,#2355);
#2032=AXIS2_PLACEMENT_3D('',#2953,#2356,#2357);
#2033=AXIS2_PLACEMENT_3D('',#2957,#2359,#2360);
#2034=AXIS2_PLACEMENT_3D('',#2961,#2362,#2363);
#2035=AXIS2_PLACEMENT_3D('',#2963,#2365,#2366);
#2036=AXIS2_PLACEMENT_3D('',#2969,#2370,#2371);
#2037=AXIS2_PLACEMENT_3D('',#2971,#2372,#2373);
#2038=AXIS2_PLACEMENT_3D('',#2973,#2375,#2376);
#2039=AXIS2_PLACEMENT_3D('',#2977,#2379,#2380);
#2040=AXIS2_PLACEMENT_3D('',#2978,#2381,#2382);
#2041=AXIS2_PLACEMENT_3D('',#2979,#2383,#2384);
#2042=AXIS2_PLACEMENT_3D('',#2985,#2388,#2389);
#2043=AXIS2_PLACEMENT_3D('',#2987,#2390,#2391);
#2044=AXIS2_PLACEMENT_3D('',#2989,#2393,#2394);
#2045=AXIS2_PLACEMENT_3D('',#2993,#2397,#2398);
#2046=AXIS2_PLACEMENT_3D('',#2994,#2399,#2400);
#2047=AXIS2_PLACEMENT_3D('',#2995,#2401,#2402);
#2048=AXIS2_PLACEMENT_3D('',#2997,#2403,#2404);
#2049=AXIS2_PLACEMENT_3D('',#3000,#2406,#2407);
#2050=AXIS2_PLACEMENT_3D('',#3001,#2408,#2409);
#2051=AXIS2_PLACEMENT_3D('',#3003,#2410,#2411);
#2052=AXIS2_PLACEMENT_3D('',#3006,#2413,#2414);
#2053=AXIS2_PLACEMENT_3D('',#3007,#2415,#2416);
#2054=AXIS2_PLACEMENT_3D('',#3016,#2421,#2422);
#2055=AXIS2_PLACEMENT_3D('',#3022,#2426,#2427);
#2056=AXIS2_PLACEMENT_3D('',#3032,#2433,#2434);
#2057=AXIS2_PLACEMENT_3D('',#3034,#2436,#2437);
#2058=AXIS2_PLACEMENT_3D('',#3050,#2446,#2447);
#2059=AXIS2_PLACEMENT_3D('',#3052,#2448,#2449);
#2060=AXIS2_PLACEMENT_3D('',#3055,#2451,#2452);
#2061=AXIS2_PLACEMENT_3D('',#3056,#2453,#2454);
#2062=AXIS2_PLACEMENT_3D('',#3058,#2455,#2456);
#2063=AXIS2_PLACEMENT_3D('',#3059,#2457,#2458);
#2064=AXIS2_PLACEMENT_3D('',#3061,#2459,#2460);
#2065=AXIS2_PLACEMENT_3D('',#3064,#2462,#2463);
#2066=AXIS2_PLACEMENT_3D('',#3065,#2464,#2465);
#2067=AXIS2_PLACEMENT_3D('',#3067,#2466,#2467);
#2068=AXIS2_PLACEMENT_3D('',#3068,#2468,#2469);
#2069=AXIS2_PLACEMENT_3D('',#3070,#2470,#2471);
#2070=AXIS2_PLACEMENT_3D('',#3073,#2473,#2474);
#2071=AXIS2_PLACEMENT_3D('',#3074,#2475,#2476);
#2072=AXIS2_PLACEMENT_3D('',#3076,#2477,#2478);
#2073=AXIS2_PLACEMENT_3D('',#3077,#2479,#2480);
#2074=AXIS2_PLACEMENT_3D('',#3079,#2481,#2482);
#2075=AXIS2_PLACEMENT_3D('',#3082,#2484,#2485);
#2076=AXIS2_PLACEMENT_3D('',#3083,#2486,#2487);
#2077=AXIS2_PLACEMENT_3D('',#3085,#2488,#2489);
#2078=AXIS2_PLACEMENT_3D('',#3086,#2490,#2491);
#2079=AXIS2_PLACEMENT_3D('',#3089,#2493,#2494);
#2080=AXIS2_PLACEMENT_3D('',#3090,#2495,#2496);
#2081=AXIS2_PLACEMENT_3D('',#3091,#2497,#2498);
#2082=AXIS2_PLACEMENT_3D('',#3094,#2500,#2501);
#2083=AXIS2_PLACEMENT_3D('',#3095,#2502,#2503);
#2084=AXIS2_PLACEMENT_3D('',#3096,#2504,#2505);
#2085=AXIS2_PLACEMENT_3D('',#3099,#2507,#2508);
#2086=AXIS2_PLACEMENT_3D('',#3100,#2509,#2510);
#2087=AXIS2_PLACEMENT_3D('',#3101,#2511,#2512);
#2088=AXIS2_PLACEMENT_3D('',#3104,#2514,#2515);
#2089=AXIS2_PLACEMENT_3D('',#3105,#2516,#2517);
#2090=AXIS2_PLACEMENT_3D('',#3106,#2518,#2519);
#2091=AXIS2_PLACEMENT_3D('',#3108,#2520,#2521);
#2092=AXIS2_PLACEMENT_3D('',#3110,#2522,#2523);
#2093=AXIS2_PLACEMENT_3D('',#3112,#2525,#2526);
#2094=AXIS2_PLACEMENT_3D('',#3115,#2528,#2529);
#2095=AXIS2_PLACEMENT_3D('',#3116,#2530,#2531);
#2096=AXIS2_PLACEMENT_3D('',#3118,#2532,#2533);
#2097=AXIS2_PLACEMENT_3D('',#3121,#2535,#2536);
#2098=AXIS2_PLACEMENT_3D('',#3122,#2537,#2538);
#2099=AXIS2_PLACEMENT_3D('',#3124,#2539,#2540);
#2100=AXIS2_PLACEMENT_3D('',#3126,#2542,#2543);
#2101=AXIS2_PLACEMENT_3D('',#3135,#2549,#2550);
#2102=AXIS2_PLACEMENT_3D('',#3136,#2551,#2552);
#2103=AXIS2_PLACEMENT_3D('',#3137,#2553,#2554);
#2104=AXIS2_PLACEMENT_3D('',#3140,#2555,#2556);
#2105=AXIS2_PLACEMENT_3D('',#3144,#2558,#2559);
#2106=AXIS2_PLACEMENT_3D('',#3146,#2561,#2562);
#2107=AXIS2_PLACEMENT_3D('',#3149,#2563,#2564);
#2108=AXIS2_PLACEMENT_3D('',#3152,#2567,#2568);
#2109=AXIS2_PLACEMENT_3D('',#3161,#2574,#2575);
#2110=AXIS2_PLACEMENT_3D('',#3164,#2577,#2578);
#2111=AXIS2_PLACEMENT_3D('',#3165,#2579,#2580);
#2112=AXIS2_PLACEMENT_3D('',#3167,#2581,#2582);
#2113=AXIS2_PLACEMENT_3D('',#3169,#2584,#2585);
#2114=AXIS2_PLACEMENT_3D('',#3174,#2589,#2590);
#2115=AXIS2_PLACEMENT_3D('',#3175,#2591,#2592);
#2116=AXIS2_PLACEMENT_3D('',#3176,#2593,#2594);
#2117=AXIS2_PLACEMENT_3D('',#3185,#2599,#2600);
#2118=AXIS2_PLACEMENT_3D('',#3191,#2604,#2605);
#2119=AXIS2_PLACEMENT_3D('',#3197,#2609,#2610);
#2120=AXIS2_PLACEMENT_3D('',#3200,#2613,#2614);
#2121=AXIS2_PLACEMENT_3D('',#3202,#2615,#2616);
#2122=AXIS2_PLACEMENT_3D('',#3205,#2618,#2619);
#2123=AXIS2_PLACEMENT_3D('',#3206,#2620,#2621);
#2124=AXIS2_PLACEMENT_3D('',#3208,#2622,#2623);
#2125=AXIS2_PLACEMENT_3D('',#3211,#2625,#2626);
#2126=AXIS2_PLACEMENT_3D('',#3212,#2627,#2628);
#2127=AXIS2_PLACEMENT_3D('',#3214,#2629,#2630);
#2128=AXIS2_PLACEMENT_3D('',#3217,#2632,#2633);
#2129=AXIS2_PLACEMENT_3D('',#3218,#2634,#2635);
#2130=AXIS2_PLACEMENT_3D('',#3220,#2636,#2637);
#2131=AXIS2_PLACEMENT_3D('',#3223,#2639,#2640);
#2132=AXIS2_PLACEMENT_3D('',#3224,#2641,#2642);
#2133=AXIS2_PLACEMENT_3D('',#3233,#2647,#2648);
#2134=AXIS2_PLACEMENT_3D('',#3234,#2649,#2650);
#2135=AXIS2_PLACEMENT_3D('',#3235,#2651,#2652);
#2136=AXIS2_PLACEMENT_3D('',#3236,#2653,#2654);
#2137=AXIS2_PLACEMENT_3D('',#3238,#2655,#2656);
#2138=AXIS2_PLACEMENT_3D('',#3241,#2658,#2659);
#2139=AXIS2_PLACEMENT_3D('',#3242,#2660,#2661);
#2140=AXIS2_PLACEMENT_3D('',#3248,#2665,#2666);
#2141=AXIS2_PLACEMENT_3D('',#3250,#2667,#2668);
#2142=AXIS2_PLACEMENT_3D('',#3253,#2670,#2671);
#2143=AXIS2_PLACEMENT_3D('',#3254,#2672,#2673);
#2144=AXIS2_PLACEMENT_3D('',#3260,#2677,#2678);
#2145=AXIS2_PLACEMENT_3D('',#3261,#2679,#2680);
#2146=AXIS2_PLACEMENT_3D('',#3262,#2681,#2682);
#2147=AXIS2_PLACEMENT_3D('',#3263,#2683,#2684);
#2148=AXIS2_PLACEMENT_3D('',#3264,#2685,#2686);
#2149=AXIS2_PLACEMENT_3D('',#3265,#2687,#2688);
#2150=AXIS2_PLACEMENT_3D('',#3266,#2689,#2690);
#2151=AXIS2_PLACEMENT_3D('',#3268,#2692,#2693);
#2152=AXIS2_PLACEMENT_3D('',#3271,#2696,#2697);
#2153=AXIS2_PLACEMENT_3D('',#3272,#2698,#2699);
#2154=AXIS2_PLACEMENT_3D('',#3273,#2700,#2701);
#2155=AXIS2_PLACEMENT_3D('',#3282,#2706,#2707);
#2156=AXIS2_PLACEMENT_3D('',#3288,#2711,#2712);
#2157=AXIS2_PLACEMENT_3D('',#3294,#2716,#2717);
#2158=AXIS2_PLACEMENT_3D('',#3297,#2720,#2721);
#2159=AXIS2_PLACEMENT_3D('',#3298,#2722,#2723);
#2160=AXIS2_PLACEMENT_3D('',#3299,#2724,#2725);
#2161=AXIS2_PLACEMENT_3D('',#3300,#2726,#2727);
#2162=DIRECTION('axis',(0.,0.,1.));
#2163=DIRECTION('refdir',(1.,0.,0.));
#2164=DIRECTION('axis',(0.,0.,1.));
#2165=DIRECTION('refdir',(1.,0.,0.));
#2166=DIRECTION('axis',(0.,0.,1.));
#2167=DIRECTION('refdir',(1.,0.,0.));
#2168=DIRECTION('center_axis',(-5.9211894646675E-15,1.,0.));
#2169=DIRECTION('ref_axis',(1.,5.9211894646675E-15,-3.44169137633797E-15));
#2170=DIRECTION('center_axis',(-2.67622731802357E-32,1.,1.41994962939782E-29));
#2171=DIRECTION('ref_axis',(1.,5.9211894646675E-15,-3.44169137633797E-15));
#2172=DIRECTION('',(-5.9211894646675E-15,1.,0.));
#2173=DIRECTION('center_axis',(2.67622731802357E-32,-1.,-1.41994962939782E-29));
#2174=DIRECTION('ref_axis',(1.,5.9211894646675E-15,-3.44169137633797E-15));
#2175=DIRECTION('center_axis',(-5.9211894646675E-15,1.,0.));
#2176=DIRECTION('ref_axis',(1.,5.9211894646675E-15,-3.44169137633797E-15));
#2177=DIRECTION('center_axis',(-2.67622731802357E-32,1.,1.41994962939782E-29));
#2178=DIRECTION('ref_axis',(1.,5.9211894646675E-15,-3.44169137633797E-15));
#2179=DIRECTION('',(-5.9211894646675E-15,1.,0.));
#2180=DIRECTION('center_axis',(2.67622731802357E-32,-1.,-1.41994962939782E-29));
#2181=DIRECTION('ref_axis',(1.,5.9211894646675E-15,-3.44169137633797E-15));
#2182=DIRECTION('center_axis',(-5.9211894646675E-15,1.,0.));
#2183=DIRECTION('ref_axis',(1.,5.9211894646675E-15,-3.44169137633797E-15));
#2184=DIRECTION('center_axis',(-2.67622731802357E-32,1.,1.41994962939782E-29));
#2185=DIRECTION('ref_axis',(1.,5.9211894646675E-15,-3.44169137633797E-15));
#2186=DIRECTION('',(-5.9211894646675E-15,1.,0.));
#2187=DIRECTION('center_axis',(2.67622731802357E-32,-1.,-1.41994962939782E-29));
#2188=DIRECTION('ref_axis',(1.,5.9211894646675E-15,-3.44169137633797E-15));
#2189=DIRECTION('center_axis',(-5.9211894646675E-15,1.,0.));
#2190=DIRECTION('ref_axis',(1.,5.9211894646675E-15,-3.44169137633797E-15));
#2191=DIRECTION('center_axis',(-2.67622731802357E-32,1.,1.41994962939782E-29));
#2192=DIRECTION('ref_axis',(1.,5.9211894646675E-15,-3.44169137633797E-15));
#2193=DIRECTION('',(-5.9211894646675E-15,1.,0.));
#2194=DIRECTION('center_axis',(2.67622731802357E-32,-1.,-1.41994962939782E-29));
#2195=DIRECTION('ref_axis',(1.,5.9211894646675E-15,-3.44169137633797E-15));
#2196=DIRECTION('center_axis',(2.67622731802357E-32,-1.,-1.41994962939782E-29));
#2197=DIRECTION('ref_axis',(1.48029736616688E-15,1.41994962939782E-29,-1.));
#2198=DIRECTION('center_axis',(2.67622731802357E-32,-1.,-1.41994962939782E-29));
#2199=DIRECTION('ref_axis',(1.48029736616688E-15,1.41994962939782E-29,-1.));
#2200=DIRECTION('',(2.67622731802357E-32,-1.,-1.41994962939782E-29));
#2201=DIRECTION('center_axis',(2.67622731802357E-32,-1.,-1.41994962939782E-29));
#2202=DIRECTION('ref_axis',(1.48029736616688E-15,1.41994962939782E-29,-1.));
#2203=DIRECTION('',(2.67622731802357E-32,-1.,-1.41994962939782E-29));
#2204=DIRECTION('center_axis',(1.40534241916882E-60,1.41994962939782E-29,
-1.));
#2205=DIRECTION('ref_axis',(1.,2.67622731802357E-32,1.78535321801001E-60));
#2206=DIRECTION('',(1.,2.67622731802357E-32,1.78535321801001E-60));
#2207=DIRECTION('',(1.,2.67622731802357E-32,1.78535321801001E-60));
#2208=DIRECTION('',(2.67622731802357E-32,-1.,-1.41994962939782E-29));
#2209=DIRECTION('center_axis',(2.67622731802357E-32,-1.,-1.41994962939782E-29));
#2210=DIRECTION('ref_axis',(-1.,-2.67622731802357E-32,-1.78535321801001E-60));
#2211=DIRECTION('center_axis',(2.67622731802357E-32,-1.,-1.41994962939782E-29));
#2212=DIRECTION('ref_axis',(-1.,-2.67622731802357E-32,-1.78535321801001E-60));
#2213=DIRECTION('center_axis',(2.67622731802357E-32,-1.,-1.41994962939782E-29));
#2214=DIRECTION('ref_axis',(-1.,-2.67622731802357E-32,-1.78535321801001E-60));
#2215=DIRECTION('',(2.67622731802357E-32,-1.,-1.41994962939782E-29));
#2216=DIRECTION('center_axis',(-1.,-2.67622731802364E-32,4.88010120714354E-17));
#2217=DIRECTION('ref_axis',(-4.88010120714354E-17,1.41994962939782E-29,
-1.));
#2218=DIRECTION('',(-4.88010120714354E-17,1.41994962939782E-29,-1.));
#2219=DIRECTION('',(-4.88010120714354E-17,1.41994962939782E-29,-1.));
#2220=DIRECTION('',(2.67622731802357E-32,-1.,-1.41994962939782E-29));
#2221=DIRECTION('center_axis',(2.67622731802357E-32,-1.,-1.41994962939782E-29));
#2222=DIRECTION('ref_axis',(5.92118946466753E-15,-1.41994962939782E-29,
1.));
#2223=DIRECTION('center_axis',(2.67622731802357E-32,-1.,-1.41994962939782E-29));
#2224=DIRECTION('ref_axis',(5.92118946466753E-15,-1.41994962939782E-29,
1.));
#2225=DIRECTION('center_axis',(2.67622731802357E-32,-1.,-1.41994962939782E-29));
#2226=DIRECTION('ref_axis',(5.92118946466753E-15,-1.41994962939782E-29,
1.));
#2227=DIRECTION('',(2.67622731802357E-32,-1.,-1.41994962939782E-29));
#2228=DIRECTION('center_axis',(-1.47537943471782E-16,-1.41994962939782E-29,
1.));
#2229=DIRECTION('ref_axis',(-1.,-2.67622731802336E-32,-1.47537943471782E-16));
#2230=DIRECTION('',(-1.,-2.67622731802336E-32,-1.47537943471782E-16));
#2231=DIRECTION('',(-1.,-2.67622731802336E-32,-1.47537943471782E-16));
#2232=DIRECTION('',(2.67622731802357E-32,-1.,-1.41994962939782E-29));
#2233=DIRECTION('center_axis',(2.67622731802357E-32,-1.,-1.41994962939782E-29));
#2234=DIRECTION('ref_axis',(1.,2.67622731802777E-32,-2.96059473233376E-15));
#2235=DIRECTION('center_axis',(2.67622731802357E-32,-1.,-1.41994962939782E-29));
#2236=DIRECTION('ref_axis',(1.,2.67622731802777E-32,-2.96059473233376E-15));
#2237=DIRECTION('center_axis',(2.67622731802357E-32,-1.,-1.41994962939782E-29));
#2238=DIRECTION('ref_axis',(1.,2.67622731802777E-32,-2.96059473233376E-15));
#2239=DIRECTION('',(2.67622731802357E-32,-1.,-1.41994962939782E-29));
#2240=DIRECTION('center_axis',(1.,2.6762273180235E-32,4.88010120714355E-17));
#2241=DIRECTION('ref_axis',(-4.88010120714355E-17,-1.41994962939782E-29,
1.));
#2242=DIRECTION('',(-4.88010120714355E-17,-1.41994962939782E-29,1.));
#2243=DIRECTION('',(-4.88010120714355E-17,-1.41994962939782E-29,1.));
#2244=DIRECTION('center_axis',(2.67622731802357E-32,-1.,-1.41994962939782E-29));
#2245=DIRECTION('ref_axis',(1.,2.67622731802357E-32,1.78535321801001E-60));
#2246=DIRECTION('center_axis',(2.67622731802357E-32,-1.,-1.41994962939782E-29));
#2247=DIRECTION('ref_axis',(1.,2.67622731802357E-32,1.78535321801001E-60));
#2248=DIRECTION('center_axis',(1.,0.,0.));
#2249=DIRECTION('ref_axis',(0.,-1.,0.));
#2250=DIRECTION('center_axis',(1.,0.,-4.88010120714354E-17));
#2251=DIRECTION('ref_axis',(0.,-1.,0.));
#2252=DIRECTION('',(1.,0.,0.));
#2253=DIRECTION('center_axis',(-1.,0.,0.));
#2254=DIRECTION('ref_axis',(0.,-1.,0.));
#2255=DIRECTION('center_axis',(4.88010120714354E-17,1.58603289232165E-17,
1.));
#2256=DIRECTION('ref_axis',(0.707106781186548,-0.707106781186547,0.));
#2257=DIRECTION('center_axis',(0.,0.,-1.));
#2258=DIRECTION('ref_axis',(0.707106781186548,-0.707106781186547,0.));
#2259=DIRECTION('',(4.88010120714354E-17,1.58603289232165E-17,1.));
#2260=DIRECTION('center_axis',(0.,-0.707106781186548,0.707106781186548));
#2261=DIRECTION('ref_axis',(6.5420519111824E-17,-0.707106781186548,-0.707106781186548));
#2262=DIRECTION('',(-4.88010120714354E-17,-1.58603289232165E-17,-1.));
#2263=DIRECTION('center_axis',(0.,1.,-1.58603289232165E-17));
#2264=DIRECTION('ref_axis',(0.,-1.58603289232165E-17,-1.));
#2265=DIRECTION('',(-1.,0.,0.));
#2266=DIRECTION('',(0.,0.,-1.));
#2267=DIRECTION('',(-1.,0.,0.));
#2268=DIRECTION('center_axis',(-4.88010120714354E-17,0.,-1.));
#2269=DIRECTION('ref_axis',(0.707106781186548,0.707106781186548,0.));
#2270=DIRECTION('center_axis',(0.,0.707106781186548,0.707106781186548));
#2271=DIRECTION('ref_axis',(0.,0.707106781186547,-0.707106781186547));
#2272=DIRECTION('',(-4.88010120714354E-17,0.,-1.));
#2273=DIRECTION('center_axis',(0.,0.,-1.));
#2274=DIRECTION('ref_axis',(0.707106781186548,0.707106781186548,0.));
#2275=DIRECTION('',(4.88010120714354E-17,0.,1.));
#2276=DIRECTION('center_axis',(0.,-1.,0.));
#2277=DIRECTION('ref_axis',(0.,0.,1.));
#2278=DIRECTION('',(-1.,0.,0.));
#2279=DIRECTION('',(0.,0.,1.));
#2280=DIRECTION('',(-1.,0.,0.));
#2281=DIRECTION('center_axis',(0.,0.707106781186548,-0.707106781186548));
#2282=DIRECTION('ref_axis',(0.,0.707106781186548,0.707106781186548));
#2283=DIRECTION('',(-1.,0.,0.));
#2284=DIRECTION('',(0.,0.707106781186547,0.707106781186547));
#2285=DIRECTION('',(0.,0.707106781186548,0.707106781186548));
#2286=DIRECTION('',(1.,0.,0.));
#2287=DIRECTION('',(0.,-0.707106781186548,-0.707106781186548));
#2288=DIRECTION('center_axis',(0.,0.,-1.));
#2289=DIRECTION('ref_axis',(0.,1.,0.));
#2290=DIRECTION('',(0.,-1.,0.));
#2291=DIRECTION('',(1.,0.,0.));
#2292=DIRECTION('',(0.,1.,0.));
#2293=DIRECTION('',(1.,0.,0.));
#2294=DIRECTION('center_axis',(0.,-1.,0.));
#2295=DIRECTION('ref_axis',(0.,0.,-1.));
#2296=DIRECTION('',(0.,0.,1.));
#2297=DIRECTION('',(0.,0.,-1.));
#2298=DIRECTION('',(1.,0.,0.));
#2299=DIRECTION('center_axis',(0.,-0.707106781186548,-0.707106781186548));
#2300=DIRECTION('ref_axis',(0.,0.707106781186548,-0.707106781186548));
#2301=DIRECTION('',(1.,0.,0.));
#2302=DIRECTION('',(0.,-0.707106781186548,0.707106781186548));
#2303=DIRECTION('',(0.,0.707106781186548,-0.707106781186548));
#2304=DIRECTION('',(0.,0.707106781186547,-0.707106781186547));
#2305=DIRECTION('center_axis',(0.,1.,0.));
#2306=DIRECTION('ref_axis',(0.,0.,1.));
#2307=DIRECTION('',(0.,0.,-1.));
#2308=DIRECTION('',(0.,0.,1.));
#2309=DIRECTION('center_axis',(-1.,0.,0.));
#2310=DIRECTION('ref_axis',(0.,0.,-1.));
#2311=DIRECTION('',(0.,-1.,0.));
#2312=DIRECTION('center_axis',(-1.,0.,4.88010120714354E-17));
#2313=DIRECTION('ref_axis',(4.88010120714354E-17,0.,1.));
#2314=DIRECTION('',(0.,1.,0.));
#2315=DIRECTION('',(4.88010120714354E-17,0.,1.));
#2316=DIRECTION('',(0.,1.,0.));
#2317=DIRECTION('',(-4.88010120714354E-17,0.,-1.));
#2318=DIRECTION('',(-4.88010120714354E-17,0.,-1.));
#2319=DIRECTION('',(0.,-1.,0.));
#2320=DIRECTION('',(4.88010120714354E-17,0.,1.));
#2321=DIRECTION('',(0.,1.,0.));
#2322=DIRECTION('',(0.,1.,0.));
#2323=DIRECTION('center_axis',(1.,0.,-4.88010120714354E-17));
#2324=DIRECTION('ref_axis',(0.,0.,-1.));
#2325=DIRECTION('',(3.83575272401541E-32,-1.,7.85998601504533E-16));
#2326=DIRECTION('center_axis',(1.,0.,-4.88010120714354E-17));
#2327=DIRECTION('ref_axis',(0.,0.,1.));
#2328=DIRECTION('',(0.,1.,0.));
#2329=DIRECTION('center_axis',(1.,0.,-4.88010120714354E-17));
#2330=DIRECTION('ref_axis',(0.,0.,-1.));
#2331=DIRECTION('',(0.,-1.,0.));
#2332=DIRECTION('center_axis',(1.,0.,-4.88010120714354E-17));
#2333=DIRECTION('ref_axis',(0.,0.,1.));
#2334=DIRECTION('center_axis',(0.,-1.,0.));
#2335=DIRECTION('ref_axis',(0.,0.,1.));
#2336=DIRECTION('',(0.,0.,1.));
#2337=DIRECTION('',(-1.,0.,0.));
#2338=DIRECTION('center_axis',(-1.,0.,0.));
#2339=DIRECTION('ref_axis',(0.,0.,-1.));
#2340=DIRECTION('',(0.,0.,-1.));
#2341=DIRECTION('',(0.,1.,0.));
#2342=DIRECTION('center_axis',(0.,1.,0.));
#2343=DIRECTION('ref_axis',(0.,0.,-1.));
#2344=DIRECTION('',(-1.,0.,0.));
#2345=DIRECTION('center_axis',(0.,0.,-1.));
#2346=DIRECTION('ref_axis',(0.,-1.,0.));
#2347=DIRECTION('center_axis',(0.,0.,1.));
#2348=DIRECTION('ref_axis',(0.,1.,0.));
#2349=DIRECTION('center_axis',(0.,0.,-1.));
#2350=DIRECTION('ref_axis',(-1.,0.,0.));
#2351=DIRECTION('center_axis',(0.,0.,-1.));
#2352=DIRECTION('ref_axis',(-1.,0.,0.));
#2353=DIRECTION('',(0.,0.,-1.));
#2354=DIRECTION('center_axis',(0.,0.,1.));
#2355=DIRECTION('ref_axis',(-1.,0.,0.));
#2356=DIRECTION('center_axis',(0.,-1.,0.));
#2357=DIRECTION('ref_axis',(-0.991042184614043,0.,-0.133549198108507));
#2358=DIRECTION('',(0.,-1.,0.));
#2359=DIRECTION('center_axis',(0.,-1.,0.));
#2360=DIRECTION('ref_axis',(-0.991042184614043,0.,-0.133549198108507));
#2361=DIRECTION('',(0.,1.,0.));
#2362=DIRECTION('center_axis',(0.,-1.,0.));
#2363=DIRECTION('ref_axis',(-0.991042184614043,0.,-0.133549198108507));
#2364=DIRECTION('',(0.,-1.,0.));
#2365=DIRECTION('center_axis',(0.,7.85998601504533E-16,1.));
#2366=DIRECTION('ref_axis',(0.,1.,-7.85998601504533E-16));
#2367=DIRECTION('',(-1.,0.,0.));
#2368=DIRECTION('',(0.,1.,-7.85998601504533E-16));
#2369=DIRECTION('',(-1.,0.,0.));
#2370=DIRECTION('center_axis',(-1.,0.,0.));
#2371=DIRECTION('ref_axis',(0.,0.,1.));
#2372=DIRECTION('center_axis',(-1.,0.,0.));
#2373=DIRECTION('ref_axis',(0.,0.,1.));
#2374=DIRECTION('',(-1.,0.,0.));
#2375=DIRECTION('center_axis',(0.,0.,-1.));
#2376=DIRECTION('ref_axis',(0.,-1.,0.));
#2377=DIRECTION('',(0.,-1.,0.));
#2378=DIRECTION('',(-1.,0.,0.));
#2379=DIRECTION('center_axis',(-1.,0.,0.));
#2380=DIRECTION('ref_axis',(0.,0.,-1.));
#2381=DIRECTION('center_axis',(-1.,0.,0.));
#2382=DIRECTION('ref_axis',(0.,0.,-1.));
#2383=DIRECTION('center_axis',(0.,0.,-1.));
#2384=DIRECTION('ref_axis',(0.,-1.,0.));
#2385=DIRECTION('',(0.,-1.,0.));
#2386=DIRECTION('',(-1.,0.,0.));
#2387=DIRECTION('',(-1.,0.,0.));
#2388=DIRECTION('center_axis',(-1.,0.,0.));
#2389=DIRECTION('ref_axis',(0.,0.,-1.));
#2390=DIRECTION('center_axis',(-1.,0.,0.));
#2391=DIRECTION('ref_axis',(0.,0.,-1.));
#2392=DIRECTION('',(-1.,0.,0.));
#2393=DIRECTION('center_axis',(0.,0.,1.));
#2394=DIRECTION('ref_axis',(0.,1.,0.));
#2395=DIRECTION('',(0.,1.,0.));
#2396=DIRECTION('',(-1.,0.,0.));
#2397=DIRECTION('center_axis',(-1.,0.,0.));
#2398=DIRECTION('ref_axis',(0.,0.,1.));
#2399=DIRECTION('center_axis',(-1.,0.,0.));
#2400=DIRECTION('ref_axis',(0.,0.,1.));
#2401=DIRECTION('center_axis',(0.,0.,-1.));
#2402=DIRECTION('ref_axis',(-1.,0.,0.));
#2403=DIRECTION('center_axis',(0.,0.,-1.));
#2404=DIRECTION('ref_axis',(-1.,0.,0.));
#2405=DIRECTION('',(0.,0.,-1.));
#2406=DIRECTION('center_axis',(0.,0.,1.));
#2407=DIRECTION('ref_axis',(-1.,0.,0.));
#2408=DIRECTION('center_axis',(0.,0.,-1.));
#2409=DIRECTION('ref_axis',(-1.,0.,0.));
#2410=DIRECTION('center_axis',(0.,0.,-1.));
#2411=DIRECTION('ref_axis',(-1.,0.,0.));
#2412=DIRECTION('',(0.,0.,-1.));
#2413=DIRECTION('center_axis',(0.,0.,1.));
#2414=DIRECTION('ref_axis',(-1.,0.,0.));
#2415=DIRECTION('center_axis',(0.,0.,1.));
#2416=DIRECTION('ref_axis',(0.,-1.,0.));
#2417=DIRECTION('',(0.,1.,0.));
#2418=DIRECTION('',(1.,0.,0.));
#2419=DIRECTION('',(0.,-1.,0.));
#2420=DIRECTION('',(1.,0.,0.));
#2421=DIRECTION('center_axis',(0.,1.,0.));
#2422=DIRECTION('ref_axis',(0.,0.,1.));
#2423=DIRECTION('',(0.,0.,-1.));
#2424=DIRECTION('',(0.,0.,1.));
#2425=DIRECTION('',(1.,0.,0.));
#2426=DIRECTION('center_axis',(0.,0.,-1.));
#2427=DIRECTION('ref_axis',(0.,1.,0.));
#2428=DIRECTION('',(1.,0.,0.));
#2429=DIRECTION('',(0.,-1.,0.));
#2430=DIRECTION('',(0.,1.,0.));
#2431=DIRECTION('',(1.,0.,0.));
#2432=DIRECTION('',(0.,1.,0.));
#2433=DIRECTION('center_axis',(1.,0.,0.));
#2434=DIRECTION('ref_axis',(0.,0.,-1.));
#2435=DIRECTION('',(0.,0.,-1.));
#2436=DIRECTION('center_axis',(1.,0.,0.));
#2437=DIRECTION('ref_axis',(0.,0.,1.));
#2438=DIRECTION('',(0.,1.,0.));
#2439=DIRECTION('',(0.,0.,-1.));
#2440=DIRECTION('',(0.,-1.,0.));
#2441=DIRECTION('',(0.,0.,-1.));
#2442=DIRECTION('',(0.,-1.,0.));
#2443=DIRECTION('',(0.,0.,-1.));
#2444=DIRECTION('',(0.,-1.,0.));
#2445=DIRECTION('',(0.,0.,1.));
#2446=DIRECTION('center_axis',(-4.84460956200068E-15,1.,-6.45947941600091E-15));
#2447=DIRECTION('ref_axis',(1.,4.84460956200068E-15,-9.77926742005072E-32));
#2448=DIRECTION('center_axis',(0.,1.,0.));
#2449=DIRECTION('ref_axis',(1.,4.84460956200068E-15,-9.77926742005072E-32));
#2450=DIRECTION('',(-4.84460956200068E-15,1.,-6.45947941600091E-15));
#2451=DIRECTION('center_axis',(-4.8294701571195E-15,1.,-6.7584826624058E-15));
#2452=DIRECTION('ref_axis',(1.,4.8294701571195E-15,0.));
#2453=DIRECTION('center_axis',(4.8294701571195E-15,-1.,6.7584826624058E-15));
#2454=DIRECTION('ref_axis',(1.,4.8294701571195E-15,0.));
#2455=DIRECTION('center_axis',(4.8294701571195E-15,-1.,6.7584826624058E-15));
#2456=DIRECTION('ref_axis',(1.,4.88498130835069E-15,-3.77995850417936E-31));
#2457=DIRECTION('center_axis',(-4.84460956200068E-15,1.,-6.45947941600091E-15));
#2458=DIRECTION('ref_axis',(1.,4.84460956200068E-15,-9.77926742005072E-32));
#2459=DIRECTION('center_axis',(0.,1.,0.));
#2460=DIRECTION('ref_axis',(1.,4.84460956200068E-15,-9.77926742005072E-32));
#2461=DIRECTION('',(-4.84460956200068E-15,1.,-6.45947941600091E-15));
#2462=DIRECTION('center_axis',(-4.8294701571195E-15,1.,-6.7584826624058E-15));
#2463=DIRECTION('ref_axis',(1.,4.8294701571195E-15,0.));
#2464=DIRECTION('center_axis',(4.8294701571195E-15,-1.,6.7584826624058E-15));
#2465=DIRECTION('ref_axis',(1.,4.8294701571195E-15,0.));
#2466=DIRECTION('center_axis',(4.8294701571195E-15,-1.,6.7584826624058E-15));
#2467=DIRECTION('ref_axis',(1.,4.88498130835069E-15,-3.77995850417936E-31));
#2468=DIRECTION('center_axis',(-4.84460956200068E-15,1.,-6.45947941600091E-15));
#2469=DIRECTION('ref_axis',(1.,4.84460956200068E-15,-9.77926742005072E-32));
#2470=DIRECTION('center_axis',(0.,1.,0.));
#2471=DIRECTION('ref_axis',(1.,4.84460956200068E-15,-9.77926742005072E-32));
#2472=DIRECTION('',(-4.84460956200068E-15,1.,-6.45947941600091E-15));
#2473=DIRECTION('center_axis',(-4.8294701571195E-15,1.,-6.7584826624058E-15));
#2474=DIRECTION('ref_axis',(1.,4.8294701571195E-15,0.));
#2475=DIRECTION('center_axis',(4.8294701571195E-15,-1.,6.7584826624058E-15));
#2476=DIRECTION('ref_axis',(1.,4.8294701571195E-15,0.));
#2477=DIRECTION('center_axis',(4.8294701571195E-15,-1.,6.7584826624058E-15));
#2478=DIRECTION('ref_axis',(1.,4.88498130835069E-15,-3.77995850417936E-31));
#2479=DIRECTION('center_axis',(-4.84460956200068E-15,1.,-6.45947941600091E-15));
#2480=DIRECTION('ref_axis',(1.,4.84460956200068E-15,-9.77926742005072E-32));
#2481=DIRECTION('center_axis',(0.,1.,0.));
#2482=DIRECTION('ref_axis',(1.,4.84460956200068E-15,-9.77926742005072E-32));
#2483=DIRECTION('',(-4.84460956200068E-15,1.,-6.45947941600091E-15));
#2484=DIRECTION('center_axis',(-4.8294701571195E-15,1.,-6.7584826624058E-15));
#2485=DIRECTION('ref_axis',(1.,4.8294701571195E-15,0.));
#2486=DIRECTION('center_axis',(4.8294701571195E-15,-1.,6.7584826624058E-15));
#2487=DIRECTION('ref_axis',(1.,4.8294701571195E-15,0.));
#2488=DIRECTION('center_axis',(4.8294701571195E-15,-1.,6.7584826624058E-15));
#2489=DIRECTION('ref_axis',(1.,4.88498130835069E-15,-3.77995850417933E-31));
#2490=DIRECTION('center_axis',(-4.88498130835069E-15,1.,-6.80936788436763E-15));
#2491=DIRECTION('ref_axis',(1.,4.88498130835069E-15,-3.77995850417936E-31));
#2492=DIRECTION('',(-4.88498130835069E-15,1.,-6.80936788436763E-15));
#2493=DIRECTION('center_axis',(-4.8294701571195E-15,1.,-6.7584826624058E-15));
#2494=DIRECTION('ref_axis',(1.,4.8294701571195E-15,0.));
#2495=DIRECTION('center_axis',(4.8294701571195E-15,-1.,6.7584826624058E-15));
#2496=DIRECTION('ref_axis',(1.,4.8294701571195E-15,0.));
#2497=DIRECTION('center_axis',(-4.88498130835069E-15,1.,-6.80936788436763E-15));
#2498=DIRECTION('ref_axis',(1.,4.88498130835069E-15,-3.77995850417936E-31));
#2499=DIRECTION('',(-4.88498130835069E-15,1.,-6.80936788436763E-15));
#2500=DIRECTION('center_axis',(-4.8294701571195E-15,1.,-6.7584826624058E-15));
#2501=DIRECTION('ref_axis',(1.,4.8294701571195E-15,0.));
#2502=DIRECTION('center_axis',(4.8294701571195E-15,-1.,6.7584826624058E-15));
#2503=DIRECTION('ref_axis',(1.,4.8294701571195E-15,0.));
#2504=DIRECTION('center_axis',(-4.88498130835069E-15,1.,-6.80936788436763E-15));
#2505=DIRECTION('ref_axis',(1.,4.88498130835069E-15,-3.77995850417933E-31));
#2506=DIRECTION('',(-4.88498130835069E-15,1.,-6.80936788436763E-15));
#2507=DIRECTION('center_axis',(-4.8294701571195E-15,1.,-6.7584826624058E-15));
#2508=DIRECTION('ref_axis',(1.,4.8294701571195E-15,0.));
#2509=DIRECTION('center_axis',(4.8294701571195E-15,-1.,6.7584826624058E-15));
#2510=DIRECTION('ref_axis',(1.,4.8294701571195E-15,0.));
#2511=DIRECTION('center_axis',(-4.88498130835069E-15,1.,-6.80936788436763E-15));
#2512=DIRECTION('ref_axis',(1.,4.88498130835069E-15,-3.77995850417936E-31));
#2513=DIRECTION('',(-4.88498130835069E-15,1.,-6.80936788436763E-15));
#2514=DIRECTION('center_axis',(-4.8294701571195E-15,1.,-6.7584826624058E-15));
#2515=DIRECTION('ref_axis',(1.,4.8294701571195E-15,0.));
#2516=DIRECTION('center_axis',(4.8294701571195E-15,-1.,6.7584826624058E-15));
#2517=DIRECTION('ref_axis',(1.,4.8294701571195E-15,0.));
#2518=DIRECTION('center_axis',(0.,-1.,0.));
#2519=DIRECTION('ref_axis',(-1.,0.,0.));
#2520=DIRECTION('center_axis',(0.,-1.,0.));
#2521=DIRECTION('ref_axis',(0.,0.,-1.));
#2522=DIRECTION('center_axis',(0.,-1.,0.));
#2523=DIRECTION('ref_axis',(0.991043734907874,0.,0.133537693180058));
#2524=DIRECTION('',(1.,0.,0.));
#2525=DIRECTION('center_axis',(0.,-1.,0.));
#2526=DIRECTION('ref_axis',(0.,0.,-1.));
#2527=DIRECTION('',(0.,-1.,0.));
#2528=DIRECTION('center_axis',(0.,-1.,0.));
#2529=DIRECTION('ref_axis',(0.,0.,-1.));
#2530=DIRECTION('center_axis',(0.,-1.,0.));
#2531=DIRECTION('ref_axis',(0.059805981328451,0.,-0.99821002028498));
#2532=DIRECTION('center_axis',(0.,-1.,0.));
#2533=DIRECTION('ref_axis',(0.059805981328451,0.,-0.99821002028498));
#2534=DIRECTION('',(0.,1.,0.));
#2535=DIRECTION('center_axis',(0.,-1.,0.));
#2536=DIRECTION('ref_axis',(0.059805981328451,0.,-0.99821002028498));
#2537=DIRECTION('center_axis',(0.,-1.,0.));
#2538=DIRECTION('ref_axis',(-1.,0.,0.));
#2539=DIRECTION('center_axis',(0.,-1.,0.));
#2540=DIRECTION('ref_axis',(-1.,0.,0.));
#2541=DIRECTION('',(-1.,0.,0.));
#2542=DIRECTION('center_axis',(0.,0.,-1.));
#2543=DIRECTION('ref_axis',(1.,0.,0.));
#2544=DIRECTION('',(1.,0.,0.));
#2545=DIRECTION('',(0.,-1.,0.));
#2546=DIRECTION('',(-1.,0.,0.));
#2547=DIRECTION('',(0.,-1.,0.));
#2548=DIRECTION('',(-1.,0.,0.));
#2549=DIRECTION('center_axis',(0.,-1.,0.));
#2550=DIRECTION('ref_axis',(-1.,0.,0.));
#2551=DIRECTION('center_axis',(0.,-1.,0.));
#2552=DIRECTION('ref_axis',(-1.,0.,0.));
#2553=DIRECTION('center_axis',(0.,-1.,0.));
#2554=DIRECTION('ref_axis',(-0.0598059813284093,0.,0.998210020284983));
#2555=DIRECTION('center_axis',(0.,-1.,0.));
#2556=DIRECTION('ref_axis',(-0.0598059813284093,0.,0.998210020284983));
#2557=DIRECTION('',(0.,1.,0.));
#2558=DIRECTION('center_axis',(0.,-1.,0.));
#2559=DIRECTION('ref_axis',(-0.0598059813284093,0.,0.998210020284983));
#2560=DIRECTION('',(0.,-1.,0.));
#2561=DIRECTION('center_axis',(0.,-1.,0.));
#2562=DIRECTION('ref_axis',(-1.,0.,0.));
#2563=DIRECTION('center_axis',(0.,-1.,0.));
#2564=DIRECTION('ref_axis',(1.,0.,0.));
#2565=DIRECTION('',(1.,0.,0.));
#2566=DIRECTION('',(0.,0.,1.));
#2567=DIRECTION('center_axis',(0.,0.,1.));
#2568=DIRECTION('ref_axis',(-1.,0.,0.));
#2569=DIRECTION('',(0.,1.,0.));
#2570=DIRECTION('',(-1.,0.,0.));
#2571=DIRECTION('',(0.,-1.,0.));
#2572=DIRECTION('',(1.,0.,0.));
#2573=DIRECTION('',(0.,1.,0.));
#2574=DIRECTION('center_axis',(0.,-1.,0.));
#2575=DIRECTION('ref_axis',(1.,0.,0.));
#2576=DIRECTION('',(0.,-1.,0.));
#2577=DIRECTION('center_axis',(0.,-1.,0.));
#2578=DIRECTION('ref_axis',(1.,0.,0.));
#2579=DIRECTION('center_axis',(0.,-1.,0.));
#2580=DIRECTION('ref_axis',(-1.,0.,0.));
#2581=DIRECTION('center_axis',(0.,-1.,0.));
#2582=DIRECTION('ref_axis',(0.,0.,1.));
#2583=DIRECTION('',(0.,0.,1.));
#2584=DIRECTION('center_axis',(-1.,0.,0.));
#2585=DIRECTION('ref_axis',(0.,0.,-1.));
#2586=DIRECTION('',(0.,0.,-1.));
#2587=DIRECTION('',(0.,-1.,0.));
#2588=DIRECTION('',(0.,0.,1.));
#2589=DIRECTION('center_axis',(0.,-1.,0.));
#2590=DIRECTION('ref_axis',(0.,0.,1.));
#2591=DIRECTION('center_axis',(0.,-1.,0.));
#2592=DIRECTION('ref_axis',(0.,0.,1.));
#2593=DIRECTION('center_axis',(1.,0.,0.));
#2594=DIRECTION('ref_axis',(0.,0.,-1.));
#2595=DIRECTION('',(0.,0.,1.));
#2596=DIRECTION('',(0.,1.,0.));
#2597=DIRECTION('',(0.,0.,-1.));
#2598=DIRECTION('',(0.,1.,0.));
#2599=DIRECTION('center_axis',(0.,0.,1.));
#2600=DIRECTION('ref_axis',(1.,0.,0.));
#2601=DIRECTION('',(-1.,0.,0.));
#2602=DIRECTION('',(1.,0.,0.));
#2603=DIRECTION('',(0.,1.,0.));
#2604=DIRECTION('center_axis',(-1.,0.,0.));
#2605=DIRECTION('ref_axis',(0.,0.,1.));
#2606=DIRECTION('',(0.,0.,-1.));
#2607=DIRECTION('',(0.,0.,1.));
#2608=DIRECTION('',(0.,1.,0.));
#2609=DIRECTION('center_axis',(0.,0.,-1.));
#2610=DIRECTION('ref_axis',(-1.,0.,0.));
#2611=DIRECTION('',(1.,0.,0.));
#2612=DIRECTION('',(-1.,0.,0.));
#2613=DIRECTION('center_axis',(0.,1.,0.));
#2614=DIRECTION('ref_axis',(-1.,0.,0.));
#2615=DIRECTION('center_axis',(0.,-1.,0.));
#2616=DIRECTION('ref_axis',(-1.,0.,0.));
#2617=DIRECTION('',(0.,-1.,0.));
#2618=DIRECTION('center_axis',(0.,-1.,0.));
#2619=DIRECTION('ref_axis',(-1.,0.,0.));
#2620=DIRECTION('center_axis',(0.,1.,0.));
#2621=DIRECTION('ref_axis',(-1.,0.,0.));
#2622=DIRECTION('center_axis',(0.,-1.,0.));
#2623=DIRECTION('ref_axis',(-1.,0.,0.));
#2624=DIRECTION('',(0.,-1.,0.));
#2625=DIRECTION('center_axis',(0.,-1.,0.));
#2626=DIRECTION('ref_axis',(-1.,0.,0.));
#2627=DIRECTION('center_axis',(0.,1.,0.));
#2628=DIRECTION('ref_axis',(-1.,0.,0.));
#2629=DIRECTION('center_axis',(0.,-1.,0.));
#2630=DIRECTION('ref_axis',(-1.,0.,0.));
#2631=DIRECTION('',(0.,-1.,0.));
#2632=DIRECTION('center_axis',(0.,-1.,0.));
#2633=DIRECTION('ref_axis',(-1.,0.,0.));
#2634=DIRECTION('center_axis',(0.,1.,0.));
#2635=DIRECTION('ref_axis',(-1.,0.,0.));
#2636=DIRECTION('center_axis',(0.,-1.,0.));
#2637=DIRECTION('ref_axis',(-1.,0.,0.));
#2638=DIRECTION('',(0.,-1.,0.));
#2639=DIRECTION('center_axis',(0.,-1.,0.));
#2640=DIRECTION('ref_axis',(-1.,0.,0.));
#2641=DIRECTION('center_axis',(0.,0.,1.));
#2642=DIRECTION('ref_axis',(1.,0.,0.));
#2643=DIRECTION('',(0.,-1.,0.));
#2644=DIRECTION('',(1.,0.,0.));
#2645=DIRECTION('',(0.,1.,0.));
#2646=DIRECTION('',(-1.,0.,0.));
#2647=DIRECTION('center_axis',(0.,1.,0.));
#2648=DIRECTION('ref_axis',(-1.,0.,0.));
#2649=DIRECTION('center_axis',(0.,1.,0.));
#2650=DIRECTION('ref_axis',(-1.,0.,0.));
#2651=DIRECTION('center_axis',(0.,-1.,0.));
#2652=DIRECTION('ref_axis',(-1.,0.,0.));
#2653=DIRECTION('center_axis',(0.,1.,0.));
#2654=DIRECTION('ref_axis',(0.,0.,-1.));
#2655=DIRECTION('center_axis',(0.,1.,0.));
#2656=DIRECTION('ref_axis',(0.,0.,-1.));
#2657=DIRECTION('',(0.,1.,0.));
#2658=DIRECTION('center_axis',(0.,-1.,0.));
#2659=DIRECTION('ref_axis',(0.,0.,-1.));
#2660=DIRECTION('center_axis',(0.,0.,-1.));
#2661=DIRECTION('ref_axis',(-1.,0.,0.));
#2662=DIRECTION('',(-1.,0.,0.));
#2663=DIRECTION('',(0.,1.,0.));
#2664=DIRECTION('',(1.,0.,0.));
#2665=DIRECTION('center_axis',(0.,1.,0.));
#2666=DIRECTION('ref_axis',(1.,0.,2.96059473233376E-15));
#2667=DIRECTION('center_axis',(0.,1.,0.));
#2668=DIRECTION('ref_axis',(1.,0.,2.96059473233376E-15));
#2669=DIRECTION('',(0.,1.,0.));
#2670=DIRECTION('center_axis',(0.,-1.,0.));
#2671=DIRECTION('ref_axis',(1.,0.,2.96059473233376E-15));
#2672=DIRECTION('center_axis',(1.,0.,4.88010120714355E-17));
#2673=DIRECTION('ref_axis',(4.88010120714355E-17,0.,-1.));
#2674=DIRECTION('',(4.88010120714355E-17,0.,-1.));
#2675=DIRECTION('',(0.,1.,0.));
#2676=DIRECTION('',(-4.88010120714355E-17,0.,1.));
#2677=DIRECTION('center_axis',(0.,1.,0.));
#2678=DIRECTION('ref_axis',(-2.96059473233376E-15,0.,1.));
#2679=DIRECTION('center_axis',(0.,1.,0.));
#2680=DIRECTION('ref_axis',(-2.96059473233376E-15,0.,1.));
#2681=DIRECTION('center_axis',(0.,-1.,0.));
#2682=DIRECTION('ref_axis',(-2.96059473233376E-15,0.,1.));
#2683=DIRECTION('center_axis',(0.,1.,0.));
#2684=DIRECTION('ref_axis',(-1.,0.,0.));
#2685=DIRECTION('center_axis',(0.,1.,0.));
#2686=DIRECTION('ref_axis',(-1.,0.,0.));
#2687=DIRECTION('center_axis',(0.,1.,0.));
#2688=DIRECTION('ref_axis',(0.991043734907874,0.,0.133537693180058));
#2689=DIRECTION('center_axis',(0.,-1.,0.));
#2690=DIRECTION('ref_axis',(0.991043734907874,0.,0.133537693180058));
#2691=DIRECTION('',(0.,1.,0.));
#2692=DIRECTION('center_axis',(1.,0.,0.));
#2693=DIRECTION('ref_axis',(0.,0.,-1.));
#2694=DIRECTION('',(0.,0.,-1.));
#2695=DIRECTION('',(0.,0.,-1.));
#2696=DIRECTION('center_axis',(0.,-1.,0.));
#2697=DIRECTION('ref_axis',(1.,0.,0.));
#2698=DIRECTION('center_axis',(0.,-1.,0.));
#2699=DIRECTION('ref_axis',(1.,0.,0.));
#2700=DIRECTION('center_axis',(0.,-1.,0.));
#2701=DIRECTION('ref_axis',(0.,0.,-1.));
#2702=DIRECTION('',(0.,0.,1.));
#2703=DIRECTION('',(1.,0.,0.));
#2704=DIRECTION('',(0.,0.,-1.));
#2705=DIRECTION('',(1.,0.,0.));
#2706=DIRECTION('center_axis',(0.,0.,1.));
#2707=DIRECTION('ref_axis',(0.,-1.,0.));
#2708=DIRECTION('',(0.,1.,0.));
#2709=DIRECTION('',(0.,-1.,0.));
#2710=DIRECTION('',(1.,0.,0.));
#2711=DIRECTION('center_axis',(0.,1.,0.));
#2712=DIRECTION('ref_axis',(0.,0.,1.));
#2713=DIRECTION('',(0.,0.,-1.));
#2714=DIRECTION('',(0.,0.,1.));
#2715=DIRECTION('',(1.,0.,0.));
#2716=DIRECTION('center_axis',(0.,0.,-1.));
#2717=DIRECTION('ref_axis',(0.,1.,0.));
#2718=DIRECTION('',(0.,-1.,0.));
#2719=DIRECTION('',(0.,1.,0.));
#2720=DIRECTION('center_axis',(1.,0.,0.));
#2721=DIRECTION('ref_axis',(0.,0.,-1.));
#2722=DIRECTION('center_axis',(1.,0.,0.));
#2723=DIRECTION('ref_axis',(0.,1.,0.));
#2724=DIRECTION('',(0.,0.,1.));
#2725=DIRECTION('',(1.,0.,0.));
#2726=DIRECTION('',(2.9217348853801E-15,-2.92645127468249E-15,1.00000000000001));
#2727=DIRECTION('',(0.999999999999997,-4.4408920985005E-16,3.8719027983803E-15));
#2728=CARTESIAN_POINT('',(0.,0.,0.));
#2729=CARTESIAN_POINT('',(0.,0.,0.));
#2730=CARTESIAN_POINT('',(0.,0.,0.));
#2731=CARTESIAN_POINT('Origin',(-54.4000000000003,-101.399999999999,-54.57));
#2732=CARTESIAN_POINT('',(-55.9000000000004,-101.399999999999,-54.57));
#2733=CARTESIAN_POINT('Origin',(-54.4000000000003,-101.4,-54.57));
#2734=CARTESIAN_POINT('',(-55.9000000000004,-98.3999999999998,-54.57));
#2735=CARTESIAN_POINT('',(-55.9000000000004,-101.399999999999,-54.57));
#2736=CARTESIAN_POINT('Origin',(-54.4000000000004,-98.3999999999998,-54.57));
#2737=CARTESIAN_POINT('Origin',(-114.599999999999,-101.399999999999,36.43));
#2738=CARTESIAN_POINT('',(-116.099999999999,-101.399999999999,36.43));
#2739=CARTESIAN_POINT('Origin',(-114.599999999999,-101.4,36.43));
#2740=CARTESIAN_POINT('',(-116.099999999999,-98.4000000000002,36.43));
#2741=CARTESIAN_POINT('',(-116.099999999999,-101.399999999999,36.43));
#2742=CARTESIAN_POINT('Origin',(-114.599999999999,-98.4000000000002,36.43));
#2743=CARTESIAN_POINT('Origin',(-114.6,-101.399999999999,-54.57));
#2744=CARTESIAN_POINT('',(-116.1,-101.399999999999,-54.57));
#2745=CARTESIAN_POINT('Origin',(-114.6,-101.4,-54.57));
#2746=CARTESIAN_POINT('',(-116.1,-98.4000000000002,-54.57));
#2747=CARTESIAN_POINT('',(-116.1,-101.399999999999,-54.57));
#2748=CARTESIAN_POINT('Origin',(-114.6,-98.4000000000002,-54.57));
#2749=CARTESIAN_POINT('Origin',(-54.3999999999998,-101.399999999999,36.43));
#2750=CARTESIAN_POINT('',(-55.8999999999998,-101.399999999999,36.43));
#2751=CARTESIAN_POINT('Origin',(-54.3999999999998,-101.4,36.43));
#2752=CARTESIAN_POINT('',(-55.8999999999998,-98.3999999999998,36.43));
#2753=CARTESIAN_POINT('',(-55.8999999999998,-101.399999999999,36.43));
#2754=CARTESIAN_POINT('Origin',(-54.3999999999998,-98.3999999999998,36.43));
#2755=CARTESIAN_POINT('Origin',(-54.4,-98.4,-54.57));
#2756=CARTESIAN_POINT('',(-54.4,-98.4,-60.57));
#2757=CARTESIAN_POINT('',(-48.4,-98.4,-54.57));
#2758=CARTESIAN_POINT('Origin',(-54.4,-98.4,-54.57));
#2759=CARTESIAN_POINT('',(-48.4,-101.4,-54.57));
#2760=CARTESIAN_POINT('',(-48.4,-98.4,-54.57));
#2761=CARTESIAN_POINT('',(-54.4,-101.4,-60.57));
#2762=CARTESIAN_POINT('Origin',(-54.4,-101.4,-54.57));
#2763=CARTESIAN_POINT('',(-54.4,-98.4,-60.57));
#2764=CARTESIAN_POINT('Origin',(-114.6,-98.4,-60.57));
#2765=CARTESIAN_POINT('',(-114.6,-98.4,-60.57));
#2766=CARTESIAN_POINT('',(-114.6,-98.4,-60.57));
#2767=CARTESIAN_POINT('',(-114.6,-101.4,-60.57));
#2768=CARTESIAN_POINT('',(-114.6,-101.4,-60.57));
#2769=CARTESIAN_POINT('',(-114.6,-98.4,-60.57));
#2770=CARTESIAN_POINT('Origin',(-114.6,-98.4,-54.57));
#2771=CARTESIAN_POINT('',(-120.6,-98.4,-54.57));
#2772=CARTESIAN_POINT('Origin',(-114.6,-98.4,-54.57));
#2773=CARTESIAN_POINT('',(-120.6,-101.4,-54.57));
#2774=CARTESIAN_POINT('Origin',(-114.6,-101.4,-54.57));
#2775=CARTESIAN_POINT('',(-120.6,-98.4,-54.57));
#2776=CARTESIAN_POINT('Origin',(-120.6,-98.4,36.43));
#2777=CARTESIAN_POINT('',(-120.6,-98.4,36.43));
#2778=CARTESIAN_POINT('',(-120.6,-98.4,36.43));
#2779=CARTESIAN_POINT('',(-120.6,-101.4,36.43));
#2780=CARTESIAN_POINT('',(-120.6,-101.4,36.43));
#2781=CARTESIAN_POINT('',(-120.6,-98.4,36.43));
#2782=CARTESIAN_POINT('Origin',(-114.6,-98.4,36.43));
#2783=CARTESIAN_POINT('',(-114.6,-98.4,42.43));
#2784=CARTESIAN_POINT('Origin',(-114.6,-98.4,36.43));
#2785=CARTESIAN_POINT('',(-114.6,-101.4,42.43));
#2786=CARTESIAN_POINT('Origin',(-114.6,-101.4,36.43));
#2787=CARTESIAN_POINT('',(-114.6,-98.4,42.43));
#2788=CARTESIAN_POINT('Origin',(-54.4,-98.4,42.43));
#2789=CARTESIAN_POINT('',(-54.4,-98.4,42.43));
#2790=CARTESIAN_POINT('',(-54.4,-98.4,42.43));
#2791=CARTESIAN_POINT('',(-54.4,-101.4,42.43));
#2792=CARTESIAN_POINT('',(-54.4,-101.4,42.43));
#2793=CARTESIAN_POINT('',(-54.4,-98.4,42.43));
#2794=CARTESIAN_POINT('Origin',(-54.4,-98.4,36.43));
#2795=CARTESIAN_POINT('',(-48.4,-98.4,36.43));
#2796=CARTESIAN_POINT('Origin',(-54.4,-98.4,36.43));
#2797=CARTESIAN_POINT('',(-48.4,-101.4,36.43));
#2798=CARTESIAN_POINT('Origin',(-54.4,-101.4,36.43));
#2799=CARTESIAN_POINT('',(-48.4,-98.4,36.43));
#2800=CARTESIAN_POINT('Origin',(-48.4,-98.4,-54.57));
#2801=CARTESIAN_POINT('',(-48.4,-98.4,-54.57));
#2802=CARTESIAN_POINT('',(-48.4,-101.4,-54.57));
#2803=CARTESIAN_POINT('Origin',(-84.5,-101.4,-9.07000000000002));
#2804=CARTESIAN_POINT('Origin',(-84.5,-98.4,-9.07000000000002));
#2805=CARTESIAN_POINT('Origin',(-36.1,-19.,30.3868900518009));
#2806=CARTESIAN_POINT('',(-36.1,-14.975,30.3868900518009));
#2807=CARTESIAN_POINT('Origin',(-36.1,-19.,30.3868900518009));
#2808=CARTESIAN_POINT('',(-33.1,-14.975,30.3868900518009));
#2809=CARTESIAN_POINT('',(-36.1,-14.975,30.3868900518009));
#2810=CARTESIAN_POINT('Origin',(-33.1,-19.,30.3868900518009));
#2811=CARTESIAN_POINT('Origin',(-39.1,5.3,-15.4565549740996));
#2812=CARTESIAN_POINT('',(-36.1,5.3,-22.9131099481991));
#2813=CARTESIAN_POINT('',(-39.1,2.3,-22.9131099481991));
#2814=CARTESIAN_POINT('Origin',(-39.1,5.3,-22.9131099481991));
#2815=CARTESIAN_POINT('',(-39.1,2.3,12.0868900518009));
#2816=CARTESIAN_POINT('',(-39.1,2.3,-15.4565549740996));
#2817=CARTESIAN_POINT('',(-36.1,5.3,15.0868900518009));
#2818=CARTESIAN_POINT('Origin',(-39.1,5.3,15.0868900518009));
#2819=CARTESIAN_POINT('',(-36.1,5.3,-15.4565549740996));
#2820=CARTESIAN_POINT('Origin',(-36.1,2.3,12.0868900518009));
#2821=CARTESIAN_POINT('',(-55.9,2.3,-22.9131099481991));
#2822=CARTESIAN_POINT('',(-36.1,2.3,-22.9131099481991));
#2823=CARTESIAN_POINT('',(-55.9,2.3,12.0868900518009));
#2824=CARTESIAN_POINT('',(-55.9,2.3,-5.41310994819914));
#2825=CARTESIAN_POINT('',(-36.1,2.3,12.0868900518009));
#2826=CARTESIAN_POINT('Origin',(-39.1,-44.3,-32.9565549740996));
#2827=CARTESIAN_POINT('',(-36.1,-44.3,15.0868900518009));
#2828=CARTESIAN_POINT('',(-39.1,-41.3,12.0868900518009));
#2829=CARTESIAN_POINT('Origin',(-39.1,-44.3,15.0868900518009));
#2830=CARTESIAN_POINT('',(-39.1,-41.3,-22.9131099481991));
#2831=CARTESIAN_POINT('',(-39.1,-41.3,-32.9565549740996));
#2832=CARTESIAN_POINT('',(-36.1,-44.3,-22.9131099481991));
#2833=CARTESIAN_POINT('Origin',(-39.1,-44.3,-22.9131099481991));
#2834=CARTESIAN_POINT('',(-36.1,-44.3,-32.9565549740996));
#2835=CARTESIAN_POINT('Origin',(-36.1,-41.3,-22.9131099481991));
#2836=CARTESIAN_POINT('',(-55.9,-41.3,12.0868900518009));
#2837=CARTESIAN_POINT('',(-36.1,-41.3,12.0868900518009));
#2838=CARTESIAN_POINT('',(-55.9,-41.3,-22.9131099481991));
#2839=CARTESIAN_POINT('',(-55.9,-41.3,-5.41310994819914));
#2840=CARTESIAN_POINT('',(-36.1,-41.3,-22.9131099481991));
#2841=CARTESIAN_POINT('Origin',(-55.9,-7.7,2.08689005180086));
#2842=CARTESIAN_POINT('',(-36.1,0.500000000000006,10.2868900518009));
#2843=CARTESIAN_POINT('',(-54.1,0.500000000000004,10.2868900518009));
#2844=CARTESIAN_POINT('',(-46.,0.500000000000005,10.2868900518009));
#2845=CARTESIAN_POINT('',(-36.1,-7.7,2.08689005180086));
#2846=CARTESIAN_POINT('',(-55.9,-7.7,2.08689005180086));
#2847=CARTESIAN_POINT('',(-55.9,-12.525,-2.73810994819914));
#2848=CARTESIAN_POINT('',(-54.1,-7.7,2.08689005180086));
#2849=CARTESIAN_POINT('',(-55.9,-7.7,2.08689005180086));
#2850=CARTESIAN_POINT('',(-54.1,-12.525,-2.73810994819914));
#2851=CARTESIAN_POINT('Origin',(-55.9,-31.3,-12.9131099481991));
#2852=CARTESIAN_POINT('',(-54.1,-7.7,-12.9131099481991));
#2853=CARTESIAN_POINT('',(-54.1,-31.3,-12.9131099481991));
#2854=CARTESIAN_POINT('',(-54.1,-25.4,-12.9131099481991));
#2855=CARTESIAN_POINT('',(-55.9,-7.7,-12.9131099481991));
#2856=CARTESIAN_POINT('',(-55.9,-7.7,-12.9131099481991));
#2857=CARTESIAN_POINT('',(-55.9,-31.3,-12.9131099481991));
#2858=CARTESIAN_POINT('',(-55.9,-25.4,-12.9131099481991));
#2859=CARTESIAN_POINT('',(-55.9,-31.3,-12.9131099481991));
#2860=CARTESIAN_POINT('Origin',(-55.9,-31.3,2.08689005180086));
#2861=CARTESIAN_POINT('',(-54.1,-31.3,2.08689005180086));
#2862=CARTESIAN_POINT('',(-54.1,-31.3,-1.66310994819914));
#2863=CARTESIAN_POINT('',(-55.9,-31.3,2.08689005180086));
#2864=CARTESIAN_POINT('',(-55.9,-31.3,-1.66310994819914));
#2865=CARTESIAN_POINT('',(-55.9,-31.3,2.08689005180086));
#2866=CARTESIAN_POINT('Origin',(-55.9,-41.3,12.0868900518009));
#2867=CARTESIAN_POINT('',(-54.1,-39.5,10.2868900518009));
#2868=CARTESIAN_POINT('',(-36.1,-39.5,10.2868900518009));
#2869=CARTESIAN_POINT('',(-46.,-39.5,10.2868900518009));
#2870=CARTESIAN_POINT('',(-54.1,-31.475,2.26189005180086));
#2871=CARTESIAN_POINT('',(-55.9,-31.475,2.26189005180086));
#2872=CARTESIAN_POINT('',(-36.1,-41.3,12.0868900518009));
#2873=CARTESIAN_POINT('Origin',(-55.9,-7.7,-12.9131099481991));
#2874=CARTESIAN_POINT('',(-54.1,-7.7,-9.16310994819914));
#2875=CARTESIAN_POINT('',(-55.9,-7.7,-9.16310994819914));
#2876=CARTESIAN_POINT('Origin',(-55.9,-19.5,-5.41310994819914));
#2877=CARTESIAN_POINT('',(-55.9,-19.5,-22.9131099481991));
#2878=CARTESIAN_POINT('Origin',(-36.1,4.,-43.));
#2879=CARTESIAN_POINT('',(-36.1,-46.,48.));
#2880=CARTESIAN_POINT('',(-36.1,7.,48.));
#2881=CARTESIAN_POINT('',(-36.1,4.,48.));
#2882=CARTESIAN_POINT('',(-36.1,7.,-43.));
#2883=CARTESIAN_POINT('',(-36.1,7.,-43.));
#2884=CARTESIAN_POINT('',(-36.1,-46.,-43.));
#2885=CARTESIAN_POINT('',(-36.1,4.,-43.));
#2886=CARTESIAN_POINT('',(-36.1,-46.,-43.));
#2887=CARTESIAN_POINT('',(-36.1,0.500000000000004,-21.1131099481991));
#2888=CARTESIAN_POINT('',(-36.1,0.500000000000004,-32.0565549740996));
#2889=CARTESIAN_POINT('',(-36.1,-39.5,-21.1131099481991));
#2890=CARTESIAN_POINT('',(-36.1,-17.75,-21.1131099481991));
#2891=CARTESIAN_POINT('',(-36.1,-39.5,-15.4565549740996));
#2892=CARTESIAN_POINT('',(-36.1,3.15,-22.9131099481991));
#2893=CARTESIAN_POINT('',(-36.1,-39.35,35.8131099481991));
#2894=CARTESIAN_POINT('',(-36.1,-33.7,35.8131099481991));
#2895=CARTESIAN_POINT('',(-36.1,-14.85,35.8131099481991));
#2896=CARTESIAN_POINT('',(-36.1,-33.7,39.1131099481991));
#2897=CARTESIAN_POINT('Origin',(-36.1,-33.7,37.4631099481991));
#2898=CARTESIAN_POINT('',(-36.1,-39.35,39.1131099481991));
#2899=CARTESIAN_POINT('',(-36.1,-17.675,39.1131099481991));
#2900=CARTESIAN_POINT('Origin',(-36.1,-39.35,37.4631099481991));
#2901=CARTESIAN_POINT('',(-36.1,-40.65,-31.2131099481991));
#2902=CARTESIAN_POINT('',(-36.1,-35.,-31.2131099481991));
#2903=CARTESIAN_POINT('',(-36.1,-15.5,-31.2131099481991));
#2904=CARTESIAN_POINT('',(-36.1,-35.,-27.9131099481991));
#2905=CARTESIAN_POINT('Origin',(-36.1,-35.,-29.5631099481991));
#2906=CARTESIAN_POINT('',(-36.1,-40.65,-27.9131099481991));
#2907=CARTESIAN_POINT('',(-36.1,-18.325,-27.9131099481991));
#2908=CARTESIAN_POINT('Origin',(-36.1,-40.65,-29.5631099481991));
#2909=CARTESIAN_POINT('Origin',(-36.1,0.500000000000004,-21.1131099481991));
#2910=CARTESIAN_POINT('',(-54.1,0.500000000000003,-21.1131099481991));
#2911=CARTESIAN_POINT('',(-54.1,0.500000000000004,-21.1131099481991));
#2912=CARTESIAN_POINT('',(-36.1,0.500000000000004,-21.1131099481991));
#2913=CARTESIAN_POINT('Origin',(-54.1,-19.5,-5.41310994819914));
#2914=CARTESIAN_POINT('',(-54.1,-39.5,-21.1131099481991));
#2915=CARTESIAN_POINT('',(-54.1,-39.5,12.0868900518009));
#2916=CARTESIAN_POINT('',(-54.1,-39.5,-21.1131099481991));
#2917=CARTESIAN_POINT('Origin',(-36.1,-39.5,12.0868900518009));
#2918=CARTESIAN_POINT('',(-36.1,-39.5,-21.1131099481991));
#2919=CARTESIAN_POINT('Origin',(-36.1,2.3,-22.9131099481991));
#2920=CARTESIAN_POINT('Origin',(-36.1,-39.5,-21.1131099481991));
#2921=CARTESIAN_POINT('Origin',(20.1,-36.,54.));
#2922=CARTESIAN_POINT('',(21.7,-36.,54.));
#2923=CARTESIAN_POINT('Origin',(20.1,-36.,54.));
#2924=CARTESIAN_POINT('',(21.7,-36.,49.3897014386508));
#2925=CARTESIAN_POINT('',(21.7,-36.,54.));
#2926=CARTESIAN_POINT('',(21.3748603727964,-36.9668148891455,51.));
#2927=CARTESIAN_POINT('Ctrl Pts',(21.3748603727964,-36.9668148891455,51.));
#2928=CARTESIAN_POINT('Ctrl Pts',(21.4074698710277,-36.923815388891,50.7580113634223));
#2929=CARTESIAN_POINT('Ctrl Pts',(21.4463010921833,-36.8687902325431,50.5237559680627));
#2930=CARTESIAN_POINT('Ctrl Pts',(21.5353254825756,-36.713176793766,50.0610252338651));
#2931=CARTESIAN_POINT('Ctrl Pts',(21.586862352242,-36.615356458077,49.83312555502));
#2932=CARTESIAN_POINT('Ctrl Pts',(21.6513631765053,-36.3956871650297,49.5741060035269));
#2933=CARTESIAN_POINT('Ctrl Pts',(21.6680387862511,-36.3276507939134,49.5096923144085));
#2934=CARTESIAN_POINT('Ctrl Pts',(21.6863825103769,-36.2119335894634,49.4403056121912));
#2935=CARTESIAN_POINT('Ctrl Pts',(21.6913931676332,-36.1710620321839,49.42161767337));
#2936=CARTESIAN_POINT('Ctrl Pts',(21.6982030338914,-36.086767551925,49.3963155920115));
#2937=CARTESIAN_POINT('Ctrl Pts',(21.7,-36.0433444510137,49.3897014386508));
#2938=CARTESIAN_POINT('Ctrl Pts',(21.7,-36.,49.3897014386508));
#2939=CARTESIAN_POINT('',(21.3748603727964,-35.0331851108545,51.));
#2940=CARTESIAN_POINT('Origin',(20.1,-36.,51.));
#2941=CARTESIAN_POINT('Ctrl Pts',(21.7,-36.,49.3897014386508));
#2942=CARTESIAN_POINT('Ctrl Pts',(21.7,-35.9566555489863,49.3897014386508));
#2943=CARTESIAN_POINT('Ctrl Pts',(21.6982030338914,-35.913232448075,49.3963155920115));
#2944=CARTESIAN_POINT('Ctrl Pts',(21.6913931676332,-35.8289379678161,49.42161767337));
#2945=CARTESIAN_POINT('Ctrl Pts',(21.6863825103769,-35.7880664105366,49.4403056121912));
#2946=CARTESIAN_POINT('Ctrl Pts',(21.6680387862511,-35.6723492060866,49.5096923144085));
#2947=CARTESIAN_POINT('Ctrl Pts',(21.6513631765053,-35.6043128349703,49.5741060035269));
#2948=CARTESIAN_POINT('Ctrl Pts',(21.586862352242,-35.384643541923,49.83312555502));
#2949=CARTESIAN_POINT('Ctrl Pts',(21.5353254825756,-35.286823206234,50.0610252338651));
#2950=CARTESIAN_POINT('Ctrl Pts',(21.4463010921833,-35.1312097674569,50.5237559680627));
#2951=CARTESIAN_POINT('Ctrl Pts',(21.4074698710277,-35.076184611109,50.7580113634223));
#2952=CARTESIAN_POINT('Ctrl Pts',(21.3748603727964,-35.0331851108545,51.));
#2953=CARTESIAN_POINT('Origin',(33.8528257382449,-16.,52.681484698081));
#2954=CARTESIAN_POINT('',(21.3748603727964,-16.,51.));
#2955=CARTESIAN_POINT('',(21.3748603727964,-16.,51.));
#2956=CARTESIAN_POINT('',(33.1,-16.,40.1132603263152));
#2957=CARTESIAN_POINT('Origin',(33.8528257382449,-16.,52.681484698081));
#2958=CARTESIAN_POINT('',(33.1,-46.,40.1132603263152));
#2959=CARTESIAN_POINT('',(33.1,-16.,40.1132603263152));
#2960=CARTESIAN_POINT('',(21.3748603727964,-46.,51.));
#2961=CARTESIAN_POINT('Origin',(33.8528257382449,-46.,52.681484698081));
#2962=CARTESIAN_POINT('',(21.3748603727964,-16.,51.));
#2963=CARTESIAN_POINT('Origin',(-33.1,-39.35,39.1131099481991));
#2964=CARTESIAN_POINT('',(-33.1,-33.7,39.1131099481991));
#2965=CARTESIAN_POINT('',(-33.1,-33.7,39.1131099481991));
#2966=CARTESIAN_POINT('',(-33.1,-39.35,39.1131099481991));
#2967=CARTESIAN_POINT('',(-33.1,-17.675,39.1131099481991));
#2968=CARTESIAN_POINT('',(-33.1,-39.35,39.1131099481991));
#2969=CARTESIAN_POINT('Origin',(-33.1,-39.35,37.4631099481991));
#2970=CARTESIAN_POINT('',(-33.1,-39.35,35.8131099481991));
#2971=CARTESIAN_POINT('Origin',(-33.1,-39.35,37.4631099481991));
#2972=CARTESIAN_POINT('',(-33.1,-39.35,35.8131099481991));
#2973=CARTESIAN_POINT('Origin',(-33.1,-33.7,35.8131099481991));
#2974=CARTESIAN_POINT('',(-33.1,-33.7,35.8131099481991));
#2975=CARTESIAN_POINT('',(-33.1,-14.85,35.8131099481991));
#2976=CARTESIAN_POINT('',(-33.1,-33.7,35.8131099481991));
#2977=CARTESIAN_POINT('Origin',(-33.1,-33.7,37.4631099481991));
#2978=CARTESIAN_POINT('Origin',(-33.1,-33.7,37.4631099481991));
#2979=CARTESIAN_POINT('Origin',(-33.1,-35.,-31.2131099481991));
#2980=CARTESIAN_POINT('',(-33.1,-35.,-31.2131099481991));
#2981=CARTESIAN_POINT('',(-33.1,-40.65,-31.2131099481991));
#2982=CARTESIAN_POINT('',(-33.1,-15.5,-31.2131099481991));
#2983=CARTESIAN_POINT('',(-33.1,-35.,-31.2131099481991));
#2984=CARTESIAN_POINT('',(-33.1,-40.65,-31.2131099481991));
#2985=CARTESIAN_POINT('Origin',(-33.1,-35.,-29.5631099481991));
#2986=CARTESIAN_POINT('',(-33.1,-35.,-27.9131099481991));
#2987=CARTESIAN_POINT('Origin',(-33.1,-35.,-29.5631099481991));
#2988=CARTESIAN_POINT('',(-33.1,-35.,-27.9131099481991));
#2989=CARTESIAN_POINT('Origin',(-33.1,-40.65,-27.9131099481991));
#2990=CARTESIAN_POINT('',(-33.1,-40.65,-27.9131099481991));
#2991=CARTESIAN_POINT('',(-33.1,-18.325,-27.9131099481991));
#2992=CARTESIAN_POINT('',(-33.1,-40.65,-27.9131099481991));
#2993=CARTESIAN_POINT('Origin',(-33.1,-40.65,-29.5631099481991));
#2994=CARTESIAN_POINT('Origin',(-33.1,-40.65,-29.5631099481991));
#2995=CARTESIAN_POINT('Origin',(20.24,-7.8,-32.8131099481991));
#2996=CARTESIAN_POINT('',(21.04,-7.8,-32.8131099481991));
#2997=CARTESIAN_POINT('Origin',(20.24,-7.8,-32.8131099481991));
#2998=CARTESIAN_POINT('',(21.04,-7.8,-35.1131099481991));
#2999=CARTESIAN_POINT('',(21.04,-7.8,-32.8131099481991));
#3000=CARTESIAN_POINT('Origin',(20.24,-7.8,-35.1131099481991));
#3001=CARTESIAN_POINT('Origin',(20.24,-44.2,-32.8131099481991));
#3002=CARTESIAN_POINT('',(21.04,-44.2,-32.8131099481991));
#3003=CARTESIAN_POINT('Origin',(20.24,-44.2,-32.8131099481991));
#3004=CARTESIAN_POINT('',(21.04,-44.2,-35.1131099481991));
#3005=CARTESIAN_POINT('',(21.04,-44.2,-32.8131099481991));
#3006=CARTESIAN_POINT('Origin',(20.24,-44.2,-35.1131099481991));
#3007=CARTESIAN_POINT('Origin',(-33.1,-6.,-32.8131099481991));
#3008=CARTESIAN_POINT('',(-33.1,-46.,-32.8131099481991));
#3009=CARTESIAN_POINT('',(-33.1,-6.,-32.8131099481991));
#3010=CARTESIAN_POINT('',(-33.1,-0.999999999999998,-32.8131099481991));
#3011=CARTESIAN_POINT('',(21.9,-46.,-32.8131099481991));
#3012=CARTESIAN_POINT('',(-33.1,-46.,-32.8131099481991));
#3013=CARTESIAN_POINT('',(21.9,-6.,-32.8131099481991));
#3014=CARTESIAN_POINT('',(21.9,-6.,-32.8131099481991));
#3015=CARTESIAN_POINT('',(-33.1,-6.,-32.8131099481991));
#3016=CARTESIAN_POINT('Origin',(-33.1,-6.,-35.1131099481991));
#3017=CARTESIAN_POINT('',(-33.1,-6.,-35.1131099481991));
#3018=CARTESIAN_POINT('',(-33.1,-6.,-39.0565549740996));
#3019=CARTESIAN_POINT('',(21.9,-6.,-35.1131099481991));
#3020=CARTESIAN_POINT('',(21.9,-6.,-35.1131099481991));
#3021=CARTESIAN_POINT('',(-33.1,-6.,-35.1131099481991));
#3022=CARTESIAN_POINT('Origin',(-33.1,-46.,-35.1131099481991));
#3023=CARTESIAN_POINT('',(-33.1,-15.,-35.1131099481991));
#3024=CARTESIAN_POINT('',(-21.375,-15.,-35.1131099481991));
#3025=CARTESIAN_POINT('',(-33.1,-15.,-35.1131099481991));
#3026=CARTESIAN_POINT('',(-33.1,-21.,-35.1131099481991));
#3027=CARTESIAN_POINT('',(21.9,-46.,-35.1131099481991));
#3028=CARTESIAN_POINT('',(21.9,-46.,-35.1131099481991));
#3029=CARTESIAN_POINT('',(-21.375,-46.,-35.1131099481991));
#3030=CARTESIAN_POINT('',(-33.1,-46.,-35.1131099481991));
#3031=CARTESIAN_POINT('',(-21.375,-46.,-35.1131099481991));
#3032=CARTESIAN_POINT('Origin',(21.9,-26.,-33.9631099481991));
#3033=CARTESIAN_POINT('',(21.9,-46.,-32.8131099481991));
#3034=CARTESIAN_POINT('Origin',(-33.1,4.,-43.));
#3035=CARTESIAN_POINT('',(-33.1,-16.,-35.1131099481991));
#3036=CARTESIAN_POINT('',(-33.1,-46.,-35.1131099481991));
#3037=CARTESIAN_POINT('',(-33.1,-16.,-43.));
#3038=CARTESIAN_POINT('',(-33.1,-16.,-41.7782774870498));
#3039=CARTESIAN_POINT('',(-33.1,4.,-43.));
#3040=CARTESIAN_POINT('',(-33.1,4.,-43.));
#3041=CARTESIAN_POINT('',(-33.1,4.,48.));
#3042=CARTESIAN_POINT('',(-33.1,4.,-20.25));
#3043=CARTESIAN_POINT('',(-33.1,-16.,48.));
#3044=CARTESIAN_POINT('',(-33.1,4.,48.));
#3045=CARTESIAN_POINT('',(-33.1,-16.,40.1131099481991));
#3046=CARTESIAN_POINT('',(-33.1,-16.,1.27827748704978));
#3047=CARTESIAN_POINT('',(-33.1,-46.,40.1131099481991));
#3048=CARTESIAN_POINT('',(-33.1,-16.,40.1131099481991));
#3049=CARTESIAN_POINT('',(-33.1,-46.,-43.));
#3050=CARTESIAN_POINT('Origin',(-29.9743555269202,-48.97423301434,-42.9728332798346));
#3051=CARTESIAN_POINT('',(-32.3743555269202,-46.0000000000004,-42.9728332798347));
#3052=CARTESIAN_POINT('Origin',(-29.9743555269202,-46.0000000000004,-42.9728332798347));
#3053=CARTESIAN_POINT('',(-32.3743555269203,-37.97423301434,-42.9728332798347));
#3054=CARTESIAN_POINT('',(-32.3743555269202,-48.97423301434,-42.9728332798346));
#3055=CARTESIAN_POINT('Origin',(-29.9743555269202,-37.97423301434,-42.9728332798347));
#3056=CARTESIAN_POINT('Origin',(-29.9743555269202,-37.97423301434,-42.9728332798347));
#3057=CARTESIAN_POINT('',(-31.4743555269203,-37.97423301434,-42.9728332798347));
#3058=CARTESIAN_POINT('Origin',(-29.9743555269202,-37.97423301434,-42.9728332798347));
#3059=CARTESIAN_POINT('Origin',(30.2256444730792,-48.9742330143397,-42.9728332798344));
#3060=CARTESIAN_POINT('',(27.8256444730792,-46.0000000000002,-42.9728332798345));
#3061=CARTESIAN_POINT('Origin',(30.2256444730792,-46.0000000000001,-42.9728332798345));
#3062=CARTESIAN_POINT('',(27.8256444730791,-37.9742330143397,-42.9728332798345));
#3063=CARTESIAN_POINT('',(27.8256444730792,-48.9742330143397,-42.9728332798344));
#3064=CARTESIAN_POINT('Origin',(30.2256444730791,-37.9742330143397,-42.9728332798345));
#3065=CARTESIAN_POINT('Origin',(30.2256444730791,-37.9742330143397,-42.9728332798345));
#3066=CARTESIAN_POINT('',(28.7256444730791,-37.9742330143397,-42.9728332798345));
#3067=CARTESIAN_POINT('Origin',(30.2256444730791,-37.9742330143397,-42.9728332798345));
#3068=CARTESIAN_POINT('Origin',(-29.9743555269199,-48.9742330143394,48.0271667201654));
#3069=CARTESIAN_POINT('',(-32.3743555269199,-45.9999999999999,48.0271667201654));
#3070=CARTESIAN_POINT('Origin',(-29.9743555269199,-45.9999999999998,48.0271667201654));
#3071=CARTESIAN_POINT('',(-32.37435552692,-37.9742330143394,48.0271667201653));
#3072=CARTESIAN_POINT('',(-32.3743555269199,-48.9742330143394,48.0271667201654));
#3073=CARTESIAN_POINT('Origin',(-29.97435552692,-37.9742330143394,48.0271667201653));
#3074=CARTESIAN_POINT('Origin',(-29.97435552692,-37.9742330143394,48.0271667201653));
#3075=CARTESIAN_POINT('',(-31.47435552692,-37.9742330143394,48.0271667201653));
#3076=CARTESIAN_POINT('Origin',(-29.97435552692,-37.9742330143394,48.0271667201653));
#3077=CARTESIAN_POINT('Origin',(30.2256444730795,-48.9742330143391,48.0271667201656));
#3078=CARTESIAN_POINT('',(27.8256444730795,-45.9999999999996,48.0271667201656));
#3079=CARTESIAN_POINT('Origin',(30.2256444730795,-45.9999999999996,48.0271667201656));
#3080=CARTESIAN_POINT('',(27.8256444730794,-37.9742330143391,48.0271667201655));
#3081=CARTESIAN_POINT('',(27.8256444730795,-48.9742330143391,48.0271667201656));
#3082=CARTESIAN_POINT('Origin',(30.2256444730794,-37.9742330143391,48.0271667201655));
#3083=CARTESIAN_POINT('Origin',(30.2256444730794,-37.9742330143391,48.0271667201655));
#3084=CARTESIAN_POINT('',(28.7256444730794,-37.9742330143391,48.0271667201655));
#3085=CARTESIAN_POINT('Origin',(30.2256444730794,-37.9742330143391,48.0271667201655));
#3086=CARTESIAN_POINT('Origin',(-29.9743555269199,-48.9742330143394,48.0271667201654));
#3087=CARTESIAN_POINT('',(-31.4743555269201,-18.9742330143394,48.0271667201652));
#3088=CARTESIAN_POINT('',(-31.4743555269199,-48.9742330143394,48.0271667201654));
#3089=CARTESIAN_POINT('Origin',(-29.9743555269201,-18.9742330143394,48.0271667201652));
#3090=CARTESIAN_POINT('Origin',(-29.9743555269201,-18.9742330143394,48.0271667201652));
#3091=CARTESIAN_POINT('Origin',(-29.9743555269202,-48.97423301434,-42.9728332798346));
#3092=CARTESIAN_POINT('',(-31.4743555269203,-18.97423301434,-42.9728332798349));
#3093=CARTESIAN_POINT('',(-31.4743555269202,-48.97423301434,-42.9728332798346));
#3094=CARTESIAN_POINT('Origin',(-29.9743555269203,-18.97423301434,-42.9728332798349));
#3095=CARTESIAN_POINT('Origin',(-29.9743555269203,-18.97423301434,-42.9728332798349));
#3096=CARTESIAN_POINT('Origin',(30.2256444730795,-48.9742330143391,48.0271667201656));
#3097=CARTESIAN_POINT('',(28.7256444730793,-18.9742330143391,48.0271667201654));
#3098=CARTESIAN_POINT('',(28.7256444730795,-48.9742330143391,48.0271667201656));
#3099=CARTESIAN_POINT('Origin',(30.2256444730793,-18.9742330143391,48.0271667201654));
#3100=CARTESIAN_POINT('Origin',(30.2256444730793,-18.9742330143391,48.0271667201654));
#3101=CARTESIAN_POINT('Origin',(30.2256444730792,-48.9742330143397,-42.9728332798344));
#3102=CARTESIAN_POINT('',(28.725644473079,-18.9742330143397,-42.9728332798346));
#3103=CARTESIAN_POINT('',(28.7256444730792,-48.9742330143397,-42.9728332798344));
#3104=CARTESIAN_POINT('Origin',(30.2256444730791,-18.9742330143397,-42.9728332798346));
#3105=CARTESIAN_POINT('Origin',(30.2256444730791,-18.9742330143397,-42.9728332798346));
#3106=CARTESIAN_POINT('Origin',(-27.2375,-16.,-40.5565549740996));
#3107=CARTESIAN_POINT('',(-30.1,-16.,-46.));
#3108=CARTESIAN_POINT('Origin',(-30.1,-16.,-43.));
#3109=CARTESIAN_POINT('',(-21.375,-16.,-46.));
#3110=CARTESIAN_POINT('Origin',(-33.8530033317279,-16.,-47.6813423280123));
#3111=CARTESIAN_POINT('',(1.43125000000001,-16.,-46.));
#3112=CARTESIAN_POINT('Origin',(-30.1,4.,-43.));
#3113=CARTESIAN_POINT('',(-30.1,4.,-46.));
#3114=CARTESIAN_POINT('',(-30.1,4.,-46.));
#3115=CARTESIAN_POINT('Origin',(-30.1,4.,-43.));
#3116=CARTESIAN_POINT('Origin',(-33.8530033317279,-16.,52.6813423280123));
#3117=CARTESIAN_POINT('',(-21.375,-16.,51.));
#3118=CARTESIAN_POINT('Origin',(-33.8530033317279,-16.,52.6813423280123));
#3119=CARTESIAN_POINT('',(-21.375,-46.,51.));
#3120=CARTESIAN_POINT('',(-21.375,-16.,51.));
#3121=CARTESIAN_POINT('Origin',(-33.8530033317279,-46.,52.6813423280123));
#3122=CARTESIAN_POINT('Origin',(-27.2375,-16.,45.5565549740996));
#3123=CARTESIAN_POINT('',(-30.1,-16.,51.));
#3124=CARTESIAN_POINT('Origin',(-30.1,-16.,48.));
#3125=CARTESIAN_POINT('',(-28.66875,-16.,51.));
#3126=CARTESIAN_POINT('Origin',(-30.1,4.,51.));
#3127=CARTESIAN_POINT('',(-30.1,-46.,51.));
#3128=CARTESIAN_POINT('',(-30.1,4.,51.));
#3129=CARTESIAN_POINT('',(-30.1,4.,51.));
#3130=CARTESIAN_POINT('',(30.1,4.,51.));
#3131=CARTESIAN_POINT('',(-15.05,4.,51.));
#3132=CARTESIAN_POINT('',(30.1,-16.,51.));
#3133=CARTESIAN_POINT('',(30.1,4.,51.));
#3134=CARTESIAN_POINT('',(-1.43128490680091,-16.,51.));
#3135=CARTESIAN_POINT('Origin',(-30.1,4.,48.));
#3136=CARTESIAN_POINT('Origin',(-30.1,4.,48.));
#3137=CARTESIAN_POINT('Origin',(33.8530033317274,-16.,-47.6813423280135));
#3138=CARTESIAN_POINT('',(33.1,-16.,-35.1131099481991));
#3139=CARTESIAN_POINT('',(21.3749999999985,-16.,-45.9999999999998));
#3140=CARTESIAN_POINT('Origin',(33.8530033317274,-16.,-47.6813423280135));
#3141=CARTESIAN_POINT('',(21.3749999999985,-46.,-45.9999999999998));
#3142=CARTESIAN_POINT('',(21.3749999999985,-16.,-46.));
#3143=CARTESIAN_POINT('',(33.1,-46.,-35.1131099481991));
#3144=CARTESIAN_POINT('Origin',(33.8530033317274,-46.,-47.6813423280135));
#3145=CARTESIAN_POINT('',(33.1,-16.,-35.1131099481991));
#3146=CARTESIAN_POINT('Origin',(27.2374999999993,-16.,-40.5565549740996));
#3147=CARTESIAN_POINT('',(30.1,-16.,-46.));
#3148=CARTESIAN_POINT('',(33.1,-16.,-43.));
#3149=CARTESIAN_POINT('Origin',(30.1,-16.,-43.));
#3150=CARTESIAN_POINT('',(28.6687499999997,-16.,-46.));
#3151=CARTESIAN_POINT('',(33.1,-16.,3.72172251295023));
#3152=CARTESIAN_POINT('Origin',(30.1,4.,-46.));
#3153=CARTESIAN_POINT('',(-21.375,-46.,-46.));
#3154=CARTESIAN_POINT('',(-21.375,-46.,-46.));
#3155=CARTESIAN_POINT('',(30.1,-46.,-46.));
#3156=CARTESIAN_POINT('',(30.1,4.,-46.));
#3157=CARTESIAN_POINT('',(30.1,4.,-46.));
#3158=CARTESIAN_POINT('',(15.05,4.,-46.));
#3159=CARTESIAN_POINT('',(-21.375,-15.,-46.));
#3160=CARTESIAN_POINT('',(-21.375,-46.,-46.));
#3161=CARTESIAN_POINT('Origin',(30.1,4.,-43.));
#3162=CARTESIAN_POINT('',(33.1,4.,-43.));
#3163=CARTESIAN_POINT('',(33.1,4.,-43.));
#3164=CARTESIAN_POINT('Origin',(30.1,4.,-43.));
#3165=CARTESIAN_POINT('Origin',(27.2374301863982,-16.,45.5566301631576));
#3166=CARTESIAN_POINT('',(33.1,-16.,48.));
#3167=CARTESIAN_POINT('Origin',(30.1,-16.,48.));
#3168=CARTESIAN_POINT('',(33.1,-16.,46.7783150815788));
#3169=CARTESIAN_POINT('Origin',(33.1,4.,48.));
#3170=CARTESIAN_POINT('',(33.1,-46.,48.));
#3171=CARTESIAN_POINT('',(33.1,4.,48.));
#3172=CARTESIAN_POINT('',(33.1,4.,48.));
#3173=CARTESIAN_POINT('',(33.1,4.,25.25));
#3174=CARTESIAN_POINT('Origin',(30.1,4.,48.));
#3175=CARTESIAN_POINT('Origin',(30.1,4.,48.));
#3176=CARTESIAN_POINT('Origin',(25.1,4.,32.95));
#3177=CARTESIAN_POINT('',(25.1,7.,-36.7));
#3178=CARTESIAN_POINT('',(25.1,7.,32.95));
#3179=CARTESIAN_POINT('',(25.1,7.,17.725));
#3180=CARTESIAN_POINT('',(25.1,4.,-36.7));
#3181=CARTESIAN_POINT('',(25.1,4.,-36.7));
#3182=CARTESIAN_POINT('',(25.1,4.,32.95));
#3183=CARTESIAN_POINT('',(25.1,4.,17.725));
#3184=CARTESIAN_POINT('',(25.1,4.,32.95));
#3185=CARTESIAN_POINT('Origin',(-25.1,4.,32.95));
#3186=CARTESIAN_POINT('',(-25.1,7.,32.95));
#3187=CARTESIAN_POINT('',(-12.55,7.,32.95));
#3188=CARTESIAN_POINT('',(-25.1,4.,32.95));
#3189=CARTESIAN_POINT('',(-12.55,4.,32.95));
#3190=CARTESIAN_POINT('',(-25.1,4.,32.95));
#3191=CARTESIAN_POINT('Origin',(-25.1,4.,-36.7));
#3192=CARTESIAN_POINT('',(-25.1,7.,-36.7));
#3193=CARTESIAN_POINT('',(-25.1,7.,-17.1));
#3194=CARTESIAN_POINT('',(-25.1,4.,-36.7));
#3195=CARTESIAN_POINT('',(-25.1,4.,-17.1));
#3196=CARTESIAN_POINT('',(-25.1,4.,-36.7));
#3197=CARTESIAN_POINT('Origin',(25.1,4.,-36.7));
#3198=CARTESIAN_POINT('',(12.55,7.,-36.7));
#3199=CARTESIAN_POINT('',(12.55,4.,-36.7));
#3200=CARTESIAN_POINT('Origin',(22.,4.,-39.));
#3201=CARTESIAN_POINT('',(23.85,7.,-39.));
#3202=CARTESIAN_POINT('Origin',(22.,7.,-39.));
#3203=CARTESIAN_POINT('',(23.85,4.,-39.));
#3204=CARTESIAN_POINT('',(23.85,4.,-39.));
#3205=CARTESIAN_POINT('Origin',(22.,4.,-39.));
#3206=CARTESIAN_POINT('Origin',(-22.,4.,-39.));
#3207=CARTESIAN_POINT('',(-20.15,7.,-39.));
#3208=CARTESIAN_POINT('Origin',(-22.,7.,-39.));
#3209=CARTESIAN_POINT('',(-20.15,4.,-39.));
#3210=CARTESIAN_POINT('',(-20.15,4.,-39.));
#3211=CARTESIAN_POINT('Origin',(-22.,4.,-39.));
#3212=CARTESIAN_POINT('Origin',(-22.,4.,36.));
#3213=CARTESIAN_POINT('',(-19.9,7.,36.));
#3214=CARTESIAN_POINT('Origin',(-22.,7.,36.));
#3215=CARTESIAN_POINT('',(-19.9,4.,36.));
#3216=CARTESIAN_POINT('',(-19.9,4.,36.));
#3217=CARTESIAN_POINT('Origin',(-22.,4.,36.));
#3218=CARTESIAN_POINT('Origin',(22.,4.,36.));
#3219=CARTESIAN_POINT('',(24.1,7.,36.));
#3220=CARTESIAN_POINT('Origin',(22.,7.,36.));
#3221=CARTESIAN_POINT('',(24.1,4.,36.));
#3222=CARTESIAN_POINT('',(24.1,4.,36.));
#3223=CARTESIAN_POINT('Origin',(22.,4.,36.));
#3224=CARTESIAN_POINT('Origin',(-30.1,4.,54.));
#3225=CARTESIAN_POINT('',(30.1,7.,54.));
#3226=CARTESIAN_POINT('',(30.1,-46.,54.));
#3227=CARTESIAN_POINT('',(30.1,4.,54.));
#3228=CARTESIAN_POINT('',(-30.1,7.,54.));
#3229=CARTESIAN_POINT('',(-30.1,7.,54.));
#3230=CARTESIAN_POINT('',(-30.1,-46.,54.));
#3231=CARTESIAN_POINT('',(-30.1,4.,54.));
#3232=CARTESIAN_POINT('',(-30.1,-46.,54.));
#3233=CARTESIAN_POINT('Origin',(-30.1,4.,48.));
#3234=CARTESIAN_POINT('Origin',(-30.1,7.,48.));
#3235=CARTESIAN_POINT('Origin',(-30.1,-46.,48.));
#3236=CARTESIAN_POINT('Origin',(-30.1,4.,-43.));
#3237=CARTESIAN_POINT('',(-30.1,7.,-49.));
#3238=CARTESIAN_POINT('Origin',(-30.1,7.,-43.));
#3239=CARTESIAN_POINT('',(-30.1,-46.,-49.));
#3240=CARTESIAN_POINT('',(-30.1,4.,-49.));
#3241=CARTESIAN_POINT('Origin',(-30.1,-46.,-43.));
#3242=CARTESIAN_POINT('Origin',(30.1,4.,-49.));
#3243=CARTESIAN_POINT('',(30.1,7.,-49.));
#3244=CARTESIAN_POINT('',(30.1,7.,-49.));
#3245=CARTESIAN_POINT('',(30.1,-46.,-49.));
#3246=CARTESIAN_POINT('',(30.1,4.,-49.));
#3247=CARTESIAN_POINT('',(30.1,-46.,-49.));
#3248=CARTESIAN_POINT('Origin',(30.1,4.,-43.));
#3249=CARTESIAN_POINT('',(36.1,7.,-43.));
#3250=CARTESIAN_POINT('Origin',(30.1,7.,-43.));
#3251=CARTESIAN_POINT('',(36.1,-46.,-43.));
#3252=CARTESIAN_POINT('',(36.1,4.,-43.));
#3253=CARTESIAN_POINT('Origin',(30.1,-46.,-43.));
#3254=CARTESIAN_POINT('Origin',(36.1,4.,48.));
#3255=CARTESIAN_POINT('',(36.1,7.,48.));
#3256=CARTESIAN_POINT('',(36.1,7.,48.));
#3257=CARTESIAN_POINT('',(36.1,-46.,48.));
#3258=CARTESIAN_POINT('',(36.1,4.,48.));
#3259=CARTESIAN_POINT('',(36.1,-46.,48.));
#3260=CARTESIAN_POINT('Origin',(30.1,4.,48.));
#3261=CARTESIAN_POINT('Origin',(30.1,7.,48.));
#3262=CARTESIAN_POINT('Origin',(30.1,-46.,48.));
#3263=CARTESIAN_POINT('Origin',(0.,7.,2.5));
#3264=CARTESIAN_POINT('Origin',(0.,4.,2.5));
#3265=CARTESIAN_POINT('Origin',(-33.8530033317279,-46.,-47.6813423280123));
#3266=CARTESIAN_POINT('Origin',(-33.8530033317279,-15.,-47.6813423280123));
#3267=CARTESIAN_POINT('',(-21.375,-46.,-46.));
#3268=CARTESIAN_POINT('Origin',(-21.375,-46.,-35.1131099481991));
#3269=CARTESIAN_POINT('',(-21.375,-46.,-35.1131099481991));
#3270=CARTESIAN_POINT('',(-21.375,-15.,-35.1131099481991));
#3271=CARTESIAN_POINT('Origin',(-27.2375,-46.,-40.5565549740996));
#3272=CARTESIAN_POINT('Origin',(-27.2375,-15.,-40.5565549740996));
#3273=CARTESIAN_POINT('Origin',(-33.1,-46.,34.5131099481991));
#3274=CARTESIAN_POINT('',(-33.1,-46.,32.9131099481991));
#3275=CARTESIAN_POINT('',(-33.1,-46.,34.5131099481991));
#3276=CARTESIAN_POINT('',(-33.1,-46.,32.9131099481991));
#3277=CARTESIAN_POINT('',(-7.1,-46.,32.9131099481991));
#3278=CARTESIAN_POINT('',(-33.1,-46.,32.9131099481991));
#3279=CARTESIAN_POINT('',(-7.1,-46.,34.5131099481991));
#3280=CARTESIAN_POINT('',(-7.1,-46.,32.9131099481991));
#3281=CARTESIAN_POINT('',(-33.1,-46.,34.5131099481991));
#3282=CARTESIAN_POINT('Origin',(-33.1,-27.,34.5131099481991));
#3283=CARTESIAN_POINT('',(-33.1,-27.,34.5131099481991));
#3284=CARTESIAN_POINT('',(-33.1,-46.,34.5131099481991));
#3285=CARTESIAN_POINT('',(-7.1,-27.,34.5131099481991));
#3286=CARTESIAN_POINT('',(-7.1,-46.,34.5131099481991));
#3287=CARTESIAN_POINT('',(-33.1,-27.,34.5131099481991));
#3288=CARTESIAN_POINT('Origin',(-33.1,-27.,32.9131099481991));
#3289=CARTESIAN_POINT('',(-33.1,-27.,32.9131099481991));
#3290=CARTESIAN_POINT('',(-33.1,-27.,34.5131099481991));
#3291=CARTESIAN_POINT('',(-7.1,-27.,32.9131099481991));
#3292=CARTESIAN_POINT('',(-7.1,-27.,34.5131099481991));
#3293=CARTESIAN_POINT('',(-33.1,-27.,32.9131099481991));
#3294=CARTESIAN_POINT('Origin',(-33.1,-46.,32.9131099481991));
#3295=CARTESIAN_POINT('',(-33.1,-27.,32.9131099481991));
#3296=CARTESIAN_POINT('',(-7.1,-27.,32.9131099481991));
#3297=CARTESIAN_POINT('Origin',(-7.1,-36.5,33.7131099481991));
#3298=CARTESIAN_POINT('Origin',(-33.1,-36.5,33.7131099481991));
#3299=CARTESIAN_POINT('',(0.,0.,0.));
#3300=CARTESIAN_POINT('',(162.597880471505,53.1737732927544,12.2871301221256));
#3301=UNCERTAINTY_MEASURE_WITH_UNIT(LENGTH_MEASURE(0.01),#3309,
'DISTANCE_ACCURACY_VALUE',
'Maximum model space distance between geometric entities at asserted c
onnectivities');
#3302=UNCERTAINTY_MEASURE_WITH_UNIT(LENGTH_MEASURE(0.01),#3309,
'DISTANCE_ACCURACY_VALUE',
'Maximum model space distance between geometric entities at asserted c
onnectivities');
#3303=UNCERTAINTY_MEASURE_WITH_UNIT(LENGTH_MEASURE(0.01),#3309,
'DISTANCE_ACCURACY_VALUE',
'Maximum model space distance between geometric entities at asserted c
onnectivities');
#3304=UNCERTAINTY_MEASURE_WITH_UNIT(LENGTH_MEASURE(0.01),#3309,
'DISTANCE_ACCURACY_VALUE',
'Maximum model space distance between geometric entities at asserted c
onnectivities');
#3305=(
GEOMETRIC_REPRESENTATION_CONTEXT(3)
GLOBAL_UNCERTAINTY_ASSIGNED_CONTEXT((#3301))
GLOBAL_UNIT_ASSIGNED_CONTEXT((#3309,#3311,#3312))
REPRESENTATION_CONTEXT('','3D')
);
#3306=(
GEOMETRIC_REPRESENTATION_CONTEXT(3)
GLOBAL_UNCERTAINTY_ASSIGNED_CONTEXT((#3302))
GLOBAL_UNIT_ASSIGNED_CONTEXT((#3309,#3311,#3312))
REPRESENTATION_CONTEXT('','3D')
);
#3307=(
GEOMETRIC_REPRESENTATION_CONTEXT(3)
GLOBAL_UNCERTAINTY_ASSIGNED_CONTEXT((#3303))
GLOBAL_UNIT_ASSIGNED_CONTEXT((#3309,#3311,#3312))
REPRESENTATION_CONTEXT('','3D')
);
#3308=(
GEOMETRIC_REPRESENTATION_CONTEXT(3)
GLOBAL_UNCERTAINTY_ASSIGNED_CONTEXT((#3304))
GLOBAL_UNIT_ASSIGNED_CONTEXT((#3309,#3311,#3312))
REPRESENTATION_CONTEXT('','3D')
);
#3309=(
LENGTH_UNIT()
NAMED_UNIT(*)
SI_UNIT(.MILLI.,.METRE.)
);
#3310=(
LENGTH_UNIT()
NAMED_UNIT(*)
SI_UNIT($,.METRE.)
);
#3311=(
NAMED_UNIT(*)
PLANE_ANGLE_UNIT()
SI_UNIT($,.RADIAN.)
);
#3312=(
NAMED_UNIT(*)
SI_UNIT($,.STERADIAN.)
SOLID_ANGLE_UNIT()
);
#3313=SHAPE_DEFINITION_REPRESENTATION(#3316,#3321);
#3314=SHAPE_DEFINITION_REPRESENTATION(#3317,#3322);
#3315=SHAPE_DEFINITION_REPRESENTATION(#3318,#3323);
#3316=PRODUCT_DEFINITION_SHAPE('',$,#3325);
#3317=PRODUCT_DEFINITION_SHAPE('',$,#3326);
#3318=PRODUCT_DEFINITION_SHAPE('',$,#3327);
#3319=PRODUCT_DEFINITION_SHAPE($,$,#17);
#3320=PRODUCT_DEFINITION_SHAPE($,$,#18);
#3321=SHAPE_REPRESENTATION('',(#1969,#2160,#2161),#3305);
#3322=SHAPE_REPRESENTATION('',(#1970),#3306);
#3323=SHAPE_REPRESENTATION('',(#1971),#3307);
#3324=PRODUCT_DEFINITION_CONTEXT('part definition',#3335,'design');
#3325=PRODUCT_DEFINITION('TFT-Enclouser-V2.0','TFT-Enclouser-V2.0 v9',#3328,
#3324);
#3326=PRODUCT_DEFINITION('BOX','BOX',#3329,#3324);
#3327=PRODUCT_DEFINITION('CAP','CAP',#3330,#3324);
#3328=PRODUCT_DEFINITION_FORMATION('',$,#3337);
#3329=PRODUCT_DEFINITION_FORMATION('',$,#3338);
#3330=PRODUCT_DEFINITION_FORMATION('',$,#3339);
#3331=PRODUCT_RELATED_PRODUCT_CATEGORY('TFT-Enclouser-V2.0 v9',
'TFT-Enclouser-V2.0 v9',(#3337));
#3332=PRODUCT_RELATED_PRODUCT_CATEGORY('BOX','BOX',(#3338));
#3333=PRODUCT_RELATED_PRODUCT_CATEGORY('CAP','CAP',(#3339));
#3334=APPLICATION_PROTOCOL_DEFINITION('international standard',
'automotive_design',2009,#3335);
#3335=APPLICATION_CONTEXT(
'Core Data for Automotive Mechanical Design Process');
#3336=PRODUCT_CONTEXT('part definition',#3335,'mechanical');
#3337=PRODUCT('TFT-Enclouser-V2.0','TFT-Enclouser-V2.0 v9',$,(#3336));
#3338=PRODUCT('BOX','BOX',$,(#3336));
#3339=PRODUCT('CAP','CAP',$,(#3336));
#3340=PRESENTATION_STYLE_ASSIGNMENT((#3341));
#3341=SURFACE_STYLE_USAGE(.BOTH.,#3342);
#3342=SURFACE_SIDE_STYLE('',(#3343));
#3343=SURFACE_STYLE_FILL_AREA(#3344);
#3344=FILL_AREA_STYLE('Steel - Satin',(#3345));
#3345=FILL_AREA_STYLE_COLOUR('Steel - Satin',#3346);
#3346=COLOUR_RGB('Steel - Satin',0.627450980392157,0.627450980392157,0.627450980392157);
ENDSEC;
END-ISO-10303-21;
